报告编码,医院_伤害,医院_伤害_input,医院_伤害表现,医院_器械故障表现,医院_使用过程,医院_事件原因分析,医院_事件原因分析描述,企业_伤害表现,企业_伤害_input,企业_器械故障表现,企业_使用过程,企业_事件原因分析
1141408142025000133,其他,[CLS]无[SEP]故障6[SEP]使用中显示故障6拆开释放压力传感器压力恢复[SEP],无,故障6,使用中显示故障6拆开释放压力传感器压力恢复,产品原因（包括说明书等）,使用频率高,无,[CLS]无[SEP]故障6[SEP]使用中显示故障6拆开释放压力传感器压力恢复[SEP],故障6,使用中显示故障6拆开释放压力传感器压力恢复,分析故障发现的原因可能为设备经频繁临床搬动与转运受到跌宕震动内部压力传感器排线插头松动导致压力值信号传输异常从而发出报警
1376108032025000798,其他,[CLS]无[SEP]离合器捏柄断裂[SEP]9月19日上午护士巡查病房时发现该设备离合器捏柄断裂无法使用立即报器械科维修[SEP],无,离合器捏柄断裂,9月19日上午护士巡查病房时发现该设备离合器捏柄断裂无法使用立即报器械科维修,产品原因（包括说明书等）,该设备离合器捏柄断裂,无,[CLS]无[SEP]离合器捏柄断裂[SEP]9月19日上午护士巡查病房时发现该设备离合器捏柄断裂无法使用立即报器械科维修[SEP],离合器捏柄断裂,9月19日上午护士巡查病房时发现该设备离合器捏柄断裂无法使用立即报器械科维修,由于该设备已使用9年多属于超期使用状态长期临床使用频繁捏合捏柄导致捏柄材质老化开裂而捏柄是固定注射器推杆尾端的装置部件之一控制注射泵的注射器夹张开与闭合当其损伤后无法调节离合器位置导致该通道无法使用
1294425602025000837,其他,[CLS]null[SEP]D020208_推进失效[SEP]麻醉医生在术前药物准备过程中发现注射泵报警离合未闭多次重启和重新防止注射器均无法消除停用该设备使用备用注射泵[SEP],null,D020208_推进失效,麻醉医生在术前药物准备过程中发现注射泵报警离合未闭多次重启和重新防止注射器均无法消除停用该设备使用备用注射泵,产品原因（包括说明书等）,设备推杆传感器故障,null,[CLS]null[SEP]D020208_推进失效[SEP]麻醉医生在术前药物准备过程中发现注射泵报警离合未闭多次重启和重新防止注射器均无法消除停用该设备使用备用注射泵[SEP],D020208_推进失效,麻醉医生在术前药物准备过程中发现注射泵报警离合未闭多次重启和重新防止注射器均无法消除停用该设备使用备用注射泵,根据设备使用情况分析问题发生的原因为生产过程中内部FPC线未固定牢固在频繁的临床搬运过程中产生晃动FPC线与周围电路板摩擦导致磨损而FPC线是负责传递离合检测信号损坏后造成检测信号中断从而发生报警
1141408142025000137,其他,[CLS]无[SEP]三维器未顶紧[SEP]上泵显示三维器未顶紧[SEP],无,三维器未顶紧,上泵显示三维器未顶紧,产品原因（包括说明书等）,不确定,无,[CLS]无[SEP]三维器未顶紧[SEP]上泵显示三维器未顶紧[SEP],三维器未顶紧,上泵显示三维器未顶紧,分析问题发生的原因可能为生产过程中内部FPC线未固定牢固在临床搬运过程中产生晃动FPC线与周围电路板摩擦导致磨损而FPC线是负责传递离合检测信号损坏后造成检测信号中断从而发生报警
1294419292025000359,其他,[CLS]null[SEP]开机出现故障报警[SEP]2025年8月28日0900医护人员检查发现该注射泵出现故障送到设备科检修[SEP],null,开机出现故障报警,2025年8月28日0900医护人员检查发现该注射泵出现故障送到设备科检修,产品原因（包括说明书等）,经检查发现是针筒推杆模块连接排线故障,null,[CLS]null[SEP]开机出现故障报警[SEP]2025年8月28日0900医护人员检查发现该注射泵出现故障送到设备科检修[SEP],开机出现故障报警,2025年8月28日0900医护人员检查发现该注射泵出现故障送到设备科检修,该设备已使用12年有余处于超期使用状态长期临床使用导致内部FPC线老化破损无法正常传递检测信号引发报警提示设备无法运行
1253717032025000671,其他,[CLS]无[SEP]注射器夹持器坏[SEP]20250826科室人员检查设备时发现夹持器断裂报设备科维修维修人员现场检查夹持器断裂无法加持注射器推杆没有给患者造成不良现象[SEP],无,注射器夹持器坏,20250826科室人员检查设备时发现夹持器断裂报设备科维修维修人员现场检查夹持器断裂无法加持注射器推杆没有给患者造成不良现象,无法确定,推杆夹持器断裂原因不详,无,[CLS]无[SEP]注射器夹持器坏[SEP]20250826科室人员检查设备时发现夹持器断裂报设备科维修维修人员现场检查夹持器断裂无法加持注射器推杆没有给患者造成不良现象[SEP],注射器夹持器坏,20250826科室人员检查设备时发现夹持器断裂报设备科维修维修人员现场检查夹持器断裂无法加持注射器推杆没有给患者造成不良现象,长期临床使用频繁捏合捏柄导致捏柄材质老化开裂而捏柄是固定注射器推杆尾端的装置部件之一控制注射泵的注射器夹张开与闭合当其损伤后固定注射器
1376104002025000355,其他,[CLS]延误治疗[SEP]泵速不准[SEP]2025年8月27日护士在使用注射泵向患者注射时发现注射泵泵速不准立即停止使用并更换设备联系医学装备部处理[SEP],延误治疗,泵速不准,2025年8月27日护士在使用注射泵向患者注射时发现注射泵泵速不准立即停止使用并更换设备联系医学装备部处理,产品原因（包括说明书等）,操作规范正确出现泵速不准的情况判定为产品自身原因,延误治疗,[CLS]延误治疗[SEP]泵速不准[SEP]2025年8月27日护士在使用注射泵向患者注射时发现注射泵泵速不准立即停止使用并更换设备联系医学装备部处理[SEP],泵速不准,2025年8月27日护士在使用注射泵向患者注射时发现注射泵泵速不准立即停止使用并更换设备联系医学装备部处理,医院长期未进行注射器校准设备内存储的注射器参数与实际注射器参数不一致导致实际流速与设定流不一致
1253707112025000466,其他,[CLS]M2101_非预期的治疗效果[SEP]警示灯报警[SEP]2025年8月31日责任护士在巡视病房时发现3床注射泵警示灯闪烁提示离合未必责任护士发现注射泵离合未松动反复调整后未见能正常使用立即更换新的注射泵现使用状况良好如不及时更换注射泵可能会造成严重影响[SEP],M2101_非预期的治疗效果,警示灯报警,2025年8月31日责任护士在巡视病房时发现3床注射泵警示灯闪烁提示离合未必责任护士发现注射泵离合未松动反复调整后未见能正常使用立即更换新的注射泵现使用状况良好如不及时更换注射泵可能会造成严重影响,产品原因（包括说明书等）,获悉不良事件信息后根据事件描述确认该问题为注射泵离合问题设备科进行了追溯未发现明显异常对问题产生的原因进行查找并制定控制措施,M2101_非预期的治疗效果,[CLS]M2101_非预期的治疗效果[SEP]警示灯报警[SEP]2025年8月31日责任护士在巡视病房时发现3床注射泵警示灯闪烁提示离合未必责任护士发现注射泵离合未松动反复调整后未见能正常使用立即更换新的注射泵现使用状况良好如不及时更换注射泵可能会造成严重影响[SEP],警示灯报警,2025年8月31日责任护士在巡视病房时发现3床注射泵警示灯闪烁提示离合未必责任护士发现注射泵离合未松动反复调整后未见能正常使用立即更换新的注射泵现使用状况良好如不及时更换注射泵可能会造成严重影响,1该事件院方上报为严重伤害经调查为设备在使用过程中持续报警并停止工作造成延缓治疗但伤害程度未达到严重伤害的定义危及生命导致机体功能的永久性伤害或者机体结构的永久性损伤以及需采取医疗措施才能避免上述永久性伤害或者损伤因此我司建议将伤害程序修改为其他2该设备已使用7年多已超过产品设计使用期限长期临床使用导致内部FPC线老化损伤无法正常传递检测信号引发报警提示设备无法运行
1141408142025000116,其他,[CLS]无[SEP]开不了机[SEP]机器在开机检查时发现电源开不了后送往设备科维修[SEP],无,开不了机,机器在开机检查时发现电源开不了后送往设备科维修,产品原因（包括说明书等）,使用频率高,无,[CLS]无[SEP]开不了机[SEP]机器在开机检查时发现电源开不了后送往设备科维修[SEP],开不了机,机器在开机检查时发现电源开不了后送往设备科维修,分析故障发生的原因可能为电源板上的元器件针脚焊接不牢当设备受到剧烈的震动出现虚焊的情况电源板是设备的供电模块为设备传递电量当发生故障时无法将交流电或电池电量传递给设备导致设备无法正常开机
1376108032025000667,其他,[CLS]无[SEP]开机后自动停止[SEP]8月7日护士准备为患儿注射药物时开机后注射泵自动停机无法使用及时更换并立即报器械科维修组维修[SEP],无,开机后自动停止,8月7日护士准备为患儿注射药物时开机后注射泵自动停机无法使用及时更换并立即报器械科维修组维修,产品原因（包括说明书等）,多考虑1产品本身存在缺陷2操作人员未按产品说明书对产品进行维护和保养,无,[CLS]无[SEP]开机后自动停止[SEP]8月7日护士准备为患儿注射药物时开机后注射泵自动停机无法使用及时更换并立即报器械科维修组维修[SEP],开机后自动停止,8月7日护士准备为患儿注射药物时开机后注射泵自动停机无法使用及时更换并立即报器械科维修组维修,由于该设备已使用7年多处于超预期使用状态长期临床使用导致内部FPC线老化损伤无法正常传递检测信号引发报警提示设备无法运行
1253717032025000629,其他,[CLS]未使用于患者无伤害[SEP]机器无法开机[SEP]2025821新生儿科装备专管员在对科室设备检查是否处于完好备用状态时发现该机器无法开机立即联系器械科维修未用于患者未造成不良影响[SEP],未使用于患者无伤害,机器无法开机,2025821新生儿科装备专管员在对科室设备检查是否处于完好备用状态时发现该机器无法开机立即联系器械科维修未用于患者未造成不良影响,产品原因（包括说明书等）,经器械科工程师检修发现电路板损坏无维修价值申请报废处理,未使用于患者无伤害,[CLS]未使用于患者无伤害[SEP]机器无法开机[SEP]2025821新生儿科装备专管员在对科室设备检查是否处于完好备用状态时发现该机器无法开机立即联系器械科维修未用于患者未造成不良影响[SEP],机器无法开机,2025821新生儿科装备专管员在对科室设备检查是否处于完好备用状态时发现该机器无法开机立即联系器械科维修未用于患者未造成不良影响,该设备已经使用超过13年经长期临床使用电源板老化故障无法为设备提供电量从而无法开机
1386205042025000496,其他,[CLS]该设备按正常操作流程安装注射器后无法设备注射器[SEP]该设备按正常操作流程安装注射器后无法设备注射器[SEP]开机自检通过但该设备按正常操作流程安装注射器后无法设备注射器设备报注射器脱落故障[SEP],该设备按正常操作流程安装注射器后无法设备注射器,该设备按正常操作流程安装注射器后无法设备注射器,开机自检通过但该设备按正常操作流程安装注射器后无法设备注射器设备报注射器脱落故障,产品原因（包括说明书等）,开机自检通过但该设备按正常操作流程安装注射器后无法设备注射器设备报注射器脱落故障,该设备按正常操作流程安装注射器后无法设备注射器,[CLS]该设备按正常操作流程安装注射器后无法设备注射器[SEP]该设备按正常操作流程安装注射器后无法设备注射器[SEP]开机自检通过但该设备按正常操作流程安装注射器后无法设备注射器设备报注射器脱落故障[SEP],该设备按正常操作流程安装注射器后无法设备注射器,开机自检通过但该设备按正常操作流程安装注射器后无法设备注射器设备报注射器脱落故障,分析问题发生的原因可能为生产时短电位器插头未固定牢固经频繁地临床转运搬动设备设备受到震动跌宕导致内部短电位器插头松动
1253717032025000614,其他,[CLS]无[SEP]注射泵拉杆脱落[SEP]2025年8月5日1510呼吸内二科医护人员为患者泵入降压药物时安装注射泵时拉杆无故从仪器凹槽内脱落导致无法正常安装注射器立即为患者更换备用设备因处理及时未对患者造成不良影响随后报修至器械科维修[SEP],无,注射泵拉杆脱落,2025年8月5日1510呼吸内二科医护人员为患者泵入降压药物时安装注射泵时拉杆无故从仪器凹槽内脱落导致无法正常安装注射器立即为患者更换备用设备因处理及时未对患者造成不良影响随后报修至器械科维修,无法确定,仪器老化拉杆凹槽松动,无,[CLS]无[SEP]注射泵拉杆脱落[SEP]2025年8月5日1510呼吸内二科医护人员为患者泵入降压药物时安装注射泵时拉杆无故从仪器凹槽内脱落导致无法正常安装注射器立即为患者更换备用设备因处理及时未对患者造成不良影响随后报修至器械科维修[SEP],注射泵拉杆脱落,2025年8月5日1510呼吸内二科医护人员为患者泵入降压药物时安装注射泵时拉杆无故从仪器凹槽内脱落导致无法正常安装注射器立即为患者更换备用设备因处理及时未对患者造成不良影响随后报修至器械科维修,该设备已使用超13年长期临床使用频繁捏合捏柄调节离合器位置导致推拉盒内部的螺丝松动无法固定注射器末端以完成推注动作
1253715062025000422,其他,[CLS]无[SEP]机器报警离合未闭[SEP]2025819护理人员在使用该机器为病人进行药物注射时发现启动后机器一直报警显示离合未闭经工程师检测为内部线路磨损待返厂维修[SEP],无,机器报警离合未闭,2025819护理人员在使用该机器为病人进行药物注射时发现启动后机器一直报警显示离合未闭经工程师检测为内部线路磨损待返厂维修,产品原因（包括说明书等）,产品质量问题,无,[CLS]无[SEP]机器报警离合未闭[SEP]2025819护理人员在使用该机器为病人进行药物注射时发现启动后机器一直报警显示离合未闭经工程师检测为内部线路磨损待返厂维修[SEP],机器报警离合未闭,2025819护理人员在使用该机器为病人进行药物注射时发现启动后机器一直报警显示离合未闭经工程师检测为内部线路磨损待返厂维修,分析问题发生的原因可能为生产过程中内部FPC线未固定牢固在临床搬运过程中产生晃动FPC线与周围电路板摩擦导致磨损而FPC线是负责传递离合检测信号损坏后造成检测信号中断从而发生报警
1253715022025000322,其他,[CLS]M210202_给药不足[SEP]D0101_故障提示D0102_意外停机[SEP]2025年7月22日科室使用设备进行药物注射时设备阻塞报警及系统故障6报警科室工作人员立即更换同类型设备并联系设备科进行维修[SEP],M210202_给药不足,D0101_故障提示D0102_意外停机,2025年7月22日科室使用设备进行药物注射时设备阻塞报警及系统故障6报警科室工作人员立即更换同类型设备并联系设备科进行维修,产品原因（包括说明书等）,疑似产品质量缺陷,M210202_给药不足,[CLS]M210202_给药不足[SEP]D0101_故障提示D0102_意外停机[SEP]2025年7月22日科室使用设备进行药物注射时设备阻塞报警及系统故障6报警科室工作人员立即更换同类型设备并联系设备科进行维修[SEP],D0101_故障提示D0102_意外停机,2025年7月22日科室使用设备进行药物注射时设备阻塞报警及系统故障6报警科室工作人员立即更换同类型设备并联系设备科进行维修,根据故障现象与使用情况判断问题发生原因可能为设备在临床使用过程中频繁转运与搬动导致设备震动跌宕压力传感器插头出现松动
1162101072025000507,其他,[CLS]无法正常给药[SEP]双泵上层一路卡夹损坏[SEP]患者于2025821在我院进行蛛网膜下腔出血时使用注射泵泵入降压药物时发现卡夹无弹力夹不住注射器给予更换注射泵[SEP],无法正常给药,双泵上层一路卡夹损坏,患者于2025821在我院进行蛛网膜下腔出血时使用注射泵泵入降压药物时发现卡夹无弹力夹不住注射器给予更换注射泵,无法确定,卡夹无弹力,无法正常给药,[CLS]无法正常给药[SEP]双泵上层一路卡夹损坏[SEP]患者于2025821在我院进行蛛网膜下腔出血时使用注射泵泵入降压药物时发现卡夹无弹力夹不住注射器给予更换注射泵[SEP],双泵上层一路卡夹损坏,患者于2025821在我院进行蛛网膜下腔出血时使用注射泵泵入降压药物时发现卡夹无弹力夹不住注射器给予更换注射泵,长期临床使用频繁捏合捏柄导致捏柄材质老化开裂而捏柄是固定注射器推杆尾端的装置部件之一控制注射泵的注射器夹张开与闭合当其损伤后无法固定注射器
1162101072025000505,其他,[CLS]无法正常注射药物[SEP]无法开机[SEP]202508210827患者以言语笨拙5天加重1天到我院住院1209行DSA术后返回病房遵医嘱予替罗非班6mlh注射泵输注抗血小板治疗发现注射泵无法开机立即更换注射泵对患者未造成不良影响[SEP],无法正常注射药物,无法开机,202508210827患者以言语笨拙5天加重1天到我院住院1209行DSA术后返回病房遵医嘱予替罗非班6mlh注射泵输注抗血小板治疗发现注射泵无法开机立即更换注射泵对患者未造成不良影响,无法确定,注射泵系统故障,无法正常注射药物,[CLS]无法正常注射药物[SEP]无法开机[SEP]202508210827患者以言语笨拙5天加重1天到我院住院1209行DSA术后返回病房遵医嘱予替罗非班6mlh注射泵输注抗血小板治疗发现注射泵无法开机立即更换注射泵对患者未造成不良影响[SEP],无法开机,202508210827患者以言语笨拙5天加重1天到我院住院1209行DSA术后返回病房遵医嘱予替罗非班6mlh注射泵输注抗血小板治疗发现注射泵无法开机立即更换注射泵对患者未造成不良影响,长期临床使用电源板针脚焊点氧化当设备受到剧烈的震动可能出现焊点松脱的情况电源板是设备的供电模块为设备传递电量当发生故障时无法将交流电或电池电量传递给设备导致设备无法正常开机
1253706002025001186,其他,[CLS]无[SEP]注射泵时间无法正确调整[SEP]护士检查仪器过程中发现该注射泵无法正确调整时间[SEP],无,注射泵时间无法正确调整,护士检查仪器过程中发现该注射泵无法正确调整时间,产品原因（包括说明书等）,电路板供电电池亏电,无,[CLS]无[SEP]注射泵时间无法正确调整[SEP]护士检查仪器过程中发现该注射泵无法正确调整时间[SEP],注射泵时间无法正确调整,护士检查仪器过程中发现该注射泵无法正确调整时间,该设备使用5年多长期使用导致主板系统电池电量不足无法存储时间
1376104002025000305,其他,[CLS]未对患者造成伤害有安全隐患[SEP]注射泵显示工作状态但未工作也不报警输液倒退突然停止工作[SEP]27床患者史某于2025年7月28日医生开具医嘱09氯化钠注射液30毫升氟尿嘧啶注射液1克微量泵泵入泵素为2毫升每小时持续24小时大夜班早上7点护士处理该医嘱常规需泵打开电源开关安装配好药业的注射器调节流速并按启动键注射泵显示工作状态但未工作也不报警输液倒退突然停止工作当班护士立即给予更换注射泵通知外勤班将故障泵送设备科进行检查维修向患者解释并表示歉意[SEP],未对患者造成伤害有安全隐患,注射泵显示工作状态但未工作也不报警输液倒退突然停止工作,27床患者史某于2025年7月28日医生开具医嘱09氯化钠注射液30毫升氟尿嘧啶注射液1克微量泵泵入泵素为2毫升每小时持续24小时大夜班早上7点护士处理该医嘱常规需泵打开电源开关安装配好药业的注射器调节流速并按启动键注射泵显示工作状态但未工作也不报警输液倒退突然停止工作当班护士立即给予更换注射泵通知外勤班将故障泵送设备科进行检查维修向患者解释并表示歉意,产品原因（包括说明书等）,操作规范正确产品质量问题,未对患者造成伤害有安全隐患,[CLS]未对患者造成伤害有安全隐患[SEP]注射泵显示工作状态但未工作也不报警输液倒退突然停止工作[SEP]27床患者史某于2025年7月28日医生开具医嘱09氯化钠注射液30毫升氟尿嘧啶注射液1克微量泵泵入泵素为2毫升每小时持续24小时大夜班早上7点护士处理该医嘱常规需泵打开电源开关安装配好药业的注射器调节流速并按启动键注射泵显示工作状态但未工作也不报警输液倒退突然停止工作当班护士立即给予更换注射泵通知外勤班将故障泵送设备科进行检查维修向患者解释并表示歉意[SEP],注射泵显示工作状态但未工作也不报警输液倒退突然停止工作,27床患者史某于2025年7月28日医生开具医嘱09氯化钠注射液30毫升氟尿嘧啶注射液1克微量泵泵入泵素为2毫升每小时持续24小时大夜班早上7点护士处理该医嘱常规需泵打开电源开关安装配好药业的注射器调节流速并按启动键注射泵显示工作状态但未工作也不报警输液倒退突然停止工作当班护士立即给予更换注射泵通知外勤班将故障泵送设备科进行检查维修向患者解释并表示歉意,根据故障现象与设备使用情况分析故障发生的原因为设备经长期临床使用后丝杠积尘药液残留凝固导致电机转动但丝杠无法带动推动块顺畅运动推动块卡滞后无法推动推杆输液系统因机械阻力过载停止且未触发压力报警报警阈值未达
1162101072025000443,其他,[CLS]无法用于输液[SEP]注射泵插头损坏[SEP]患者于2025728在我院进行急性心梗治疗728日使用注射泵用于治疗心肌缺血注射泵插头损坏重新更换注射泵[SEP],无法用于输液,注射泵插头损坏,患者于2025728在我院进行急性心梗治疗728日使用注射泵用于治疗心肌缺血注射泵插头损坏重新更换注射泵,无法确定,注射泵插头损坏,无法用于输液,[CLS]无法用于输液[SEP]注射泵插头损坏[SEP]患者于2025728在我院进行急性心梗治疗728日使用注射泵用于治疗心肌缺血注射泵插头损坏重新更换注射泵[SEP],注射泵插头损坏,患者于2025728在我院进行急性心梗治疗728日使用注射泵用于治疗心肌缺血注射泵插头损坏重新更换注射泵,由于该设备已使用10年处于超期使用状态长期临床使用频繁插拔电源线电源线插头处老化接触不良无法正常为设备传递电量从而无法正常开机
1274204002025000552,其他,[CLS]无[SEP]微量泵不能使用自身的电池供电[SEP]2025年7月25日护士使用注射泵对患者进行恒速静脉输注药液设备开机自检时发现微量泵不能使用自身的电池供电用交流电正常工作护士重新更换一台注射泵使用并将该情况上报设备科维修[SEP],无,微量泵不能使用自身的电池供电,2025年7月25日护士使用注射泵对患者进行恒速静脉输注药液设备开机自检时发现微量泵不能使用自身的电池供电用交流电正常工作护士重新更换一台注射泵使用并将该情况上报设备科维修,无法确定,检查后发现电池失效,无,[CLS]无[SEP]微量泵不能使用自身的电池供电[SEP]2025年7月25日护士使用注射泵对患者进行恒速静脉输注药液设备开机自检时发现微量泵不能使用自身的电池供电用交流电正常工作护士重新更换一台注射泵使用并将该情况上报设备科维修[SEP],微量泵不能使用自身的电池供电,2025年7月25日护士使用注射泵对患者进行恒速静脉输注药液设备开机自检时发现微量泵不能使用自身的电池供电用交流电正常工作护士重新更换一台注射泵使用并将该情况上报设备科维修,由于该设备已使用12年处于超期5年使用状态长期临床使用频繁对电池进行充放电电池老化性能下降无法满足设备转运时的供电需求
1151527072025000238,其他,[CLS]无[SEP]D010301_操作失效[SEP]介入室准备为患者药物注射使用注射泵开机后设备报警系统故障4无法操作与患者无关[SEP],无,D010301_操作失效,介入室准备为患者药物注射使用注射泵开机后设备报警系统故障4无法操作与患者无关,产品原因（包括说明书等）,设备故障,无,[CLS]无[SEP]D010301_操作失效[SEP]介入室准备为患者药物注射使用注射泵开机后设备报警系统故障4无法操作与患者无关[SEP],D010301_操作失效,介入室准备为患者药物注射使用注射泵开机后设备报警系统故障4无法操作与患者无关,该设备已使用6年临床使用过程中频繁搬动设备设备受到震动与跌宕内部电线晃动导致线束插头松动
1253711042025000392,其他,[CLS]延长治疗时间增加了病人痛苦[SEP]D0101_故障提示[SEP]2025年8月13日科室在为患者使用该注射泵注射丙泊酚药物时发生离合未必报警立即为病人更换其他注射泵并报修设备工程师工程师维修判断为离合器排线损坏更换后故障消除[SEP],延长治疗时间增加了病人痛苦,D0101_故障提示,2025年8月13日科室在为患者使用该注射泵注射丙泊酚药物时发生离合未必报警立即为病人更换其他注射泵并报修设备工程师工程师维修判断为离合器排线损坏更换后故障消除,产品原因（包括说明书等）,注射泵离合器排线损坏导致发生离合未必报警,延长治疗时间增加了病人痛苦,[CLS]延长治疗时间增加了病人痛苦[SEP]D0101_故障提示[SEP]2025年8月13日科室在为患者使用该注射泵注射丙泊酚药物时发生离合未必报警立即为病人更换其他注射泵并报修设备工程师工程师维修判断为离合器排线损坏更换后故障消除[SEP],D0101_故障提示,2025年8月13日科室在为患者使用该注射泵注射丙泊酚药物时发生离合未必报警立即为病人更换其他注射泵并报修设备工程师工程师维修判断为离合器排线损坏更换后故障消除,分析问题发生的原因可能为生产过程中内部FPC线未固定牢固在临床搬运过程中产生晃动FPC线与周围电路板摩擦导致磨损而FPC线是负责传递离合检测信号损坏后造成检测信号中断从而发生报警
1264126152025000267,其他,[CLS]无伤害[SEP]开机报警[SEP]患者使用前开机自检机器报警不能使用更换其他机器给患者使用随后通知维修人员前来维修[SEP],无伤害,开机报警,患者使用前开机自检机器报警不能使用更换其他机器给患者使用随后通知维修人员前来维修,无法确定,开机报警显示电池电量低怀疑电池老化,无伤害,[CLS]无伤害[SEP]开机报警[SEP]患者使用前开机自检机器报警不能使用更换其他机器给患者使用随后通知维修人员前来维修[SEP],开机报警,患者使用前开机自检机器报警不能使用更换其他机器给患者使用随后通知维修人员前来维修,由于该设备已使用5年长期临床使用导致电池老化蓄电能力下降无法满足电池模式下设备正常工作电量需求所以开机后报警电池电量低
1141409022025000015,其他,[CLS]无[SEP]正常使用时推拉杆手柄折断[SEP]正常使用时推拉杆手柄折断[SEP],无,正常使用时推拉杆手柄折断,正常使用时推拉杆手柄折断,产品原因（包括说明书等）,手柄不够坚固,无,[CLS]无[SEP]正常使用时推拉杆手柄折断[SEP]正常使用时推拉杆手柄折断[SEP],正常使用时推拉杆手柄折断,正常使用时推拉杆手柄折断,由于该设备已12年处于超期使用状态长期临床使用频繁捏合捏柄导致捏柄材质老化开裂而捏柄是固定注射器推杆尾端的装置部件之一控制注射泵的注射器夹张开与闭合当其损伤后无法调节离合器位置
1151503112025000031,其他,[CLS]无[SEP]D10100301_开启交直流电故障[SEP]2025年08月20日0800在内一护士长检查每日设备时发现机器无法开机得不良事件上报维修不涉及患者无联合用械情况[SEP],无,D10100301_开启交直流电故障,2025年08月20日0800在内一护士长检查每日设备时发现机器无法开机得不良事件上报维修不涉及患者无联合用械情况,产品原因（包括说明书等）,本院工程师在接到消息后对注射泵进行排查发现电源线N端零线端无反应定为电源线故障导致,无,[CLS]无[SEP]D10100301_开启交直流电故障[SEP]2025年08月20日0800在内一护士长检查每日设备时发现机器无法开机得不良事件上报维修不涉及患者无联合用械情况[SEP],D10100301_开启交直流电故障,2025年08月20日0800在内一护士长检查每日设备时发现机器无法开机得不良事件上报维修不涉及患者无联合用械情况,由于该设备已使用5年处于超期使用状态长期临床使用频繁拉扯弯折电源线电源线老化损伤无法为设备正常供电
1182304002025003843,其他,[CLS]null[SEP]电源线无法连接立即停止使用[SEP]准备注射时发现无法连接电源线立即停止使用[SEP],null,电源线无法连接立即停止使用,准备注射时发现无法连接电源线立即停止使用,产品原因（包括说明书等）,多次用力插拔导致插座内针脚变形,null,[CLS]null[SEP]电源线无法连接立即停止使用[SEP]准备注射时发现无法连接电源线立即停止使用[SEP],电源线无法连接立即停止使用,准备注射时发现无法连接电源线立即停止使用,该设备已使用5年此次故障的原因可能为在插拔电源线插头过程中用力过猛施加侧向应力或电源插口处受到外力挤压导致针脚歪斜从而无法与电源线插头的对应触点形成有效稳定的电气连接造成设备无法正常供电
1253715022025000323,严重伤害,[CLS]M210202_给药不足[SEP]D0101_故障提示D0102_意外停机[SEP]2025年7月23日科室护理人员使用设备为患者进行药物注射时设备下面的通道报警系统故障6工作人员立即更换同类型设备并联系设备科进行维修[SEP],M210202_给药不足,D0101_故障提示D0102_意外停机,2025年7月23日科室护理人员使用设备为患者进行药物注射时设备下面的通道报警系统故障6工作人员立即更换同类型设备并联系设备科进行维修,产品原因（包括说明书等）,疑似产品设计缺陷,M210202_给药不足,[CLS]M210202_给药不足[SEP]D0101_故障提示D0102_意外停机[SEP]2025年7月23日科室护理人员使用设备为患者进行药物注射时设备下面的通道报警系统故障6工作人员立即更换同类型设备并联系设备科进行维修[SEP],D0101_故障提示D0102_意外停机,2025年7月23日科室护理人员使用设备为患者进行药物注射时设备下面的通道报警系统故障6工作人员立即更换同类型设备并联系设备科进行维修,1院方上报为严重伤害问题发生时设备发出系统报警停止工作有耽误治疗的风险但已及时更换同类型注射泵未对患者造成不良影响未达到严重伤害的定义危及生命导致机体功能的永久性伤害或者机体结构的永久性损伤以及需采取医疗措施才能避免上述永久性伤害或者损伤因此我司认为其伤害程度应为其他2该设备已使用4年有余分析问题发生的原因可能为设备在频繁转运搬动过程中受到震动跌宕导致压力传感器插头松动从而出现连接不良
1253711042025000337,其他,[CLS]延长了治疗时间[SEP]D010501_准备启动失效[SEP]2025年7月9日患者杨新林需使用注射泵治疗当护理人员将注射器安装到设备上后报警离合未必设备无法运行设备故障后立即为病人更换其他注射泵并联系设备科维修人员到场维修判断为离合排线断裂更换离合排线后开机测试正常[SEP],延长了治疗时间,D010501_准备启动失效,2025年7月9日患者杨新林需使用注射泵治疗当护理人员将注射器安装到设备上后报警离合未必设备无法运行设备故障后立即为病人更换其他注射泵并联系设备科维修人员到场维修判断为离合排线断裂更换离合排线后开机测试正常,产品原因（包括说明书等）,注射泵离合排线断裂导致设备报警离合未闭,延长了治疗时间,[CLS]延长了治疗时间[SEP]D010501_准备启动失效[SEP]2025年7月9日患者杨新林需使用注射泵治疗当护理人员将注射器安装到设备上后报警离合未必设备无法运行设备故障后立即为病人更换其他注射泵并联系设备科维修人员到场维修判断为离合排线断裂更换离合排线后开机测试正常[SEP],D010501_准备启动失效,2025年7月9日患者杨新林需使用注射泵治疗当护理人员将注射器安装到设备上后报警离合未必设备无法运行设备故障后立即为病人更换其他注射泵并联系设备科维修人员到场维修判断为离合排线断裂更换离合排线后开机测试正常,分析问题发生的原因可能为生产过程中内部FPC线未固定牢固在频繁的临床搬运过程中产生晃动FPC线与周围电路板摩擦导致磨损而FPC线是负责传递离合检测信号损坏后造成检测信号中断从而发生报警
1345248002025000891,其他,[CLS]无法给药[SEP]启动故障提示离合未必[SEP]2025年8月4日我院ICU医护人员遵医嘱准备为患者静脉注射药物治疗启动注射泵后注射泵屏幕提示离合未必设备不能执行其他任何操作无法为患者完成注射给药治疗随后报修设备科经设备科与原厂工程师远程维修诊断设备内部排线故障[SEP],无法给药,启动故障提示离合未必,2025年8月4日我院ICU医护人员遵医嘱准备为患者静脉注射药物治疗启动注射泵后注射泵屏幕提示离合未必设备不能执行其他任何操作无法为患者完成注射给药治疗随后报修设备科经设备科与原厂工程师远程维修诊断设备内部排线故障,产品原因（包括说明书等）,内部电路控制排线故障,无法给药,[CLS]无法给药[SEP]启动故障提示离合未必[SEP]2025年8月4日我院ICU医护人员遵医嘱准备为患者静脉注射药物治疗启动注射泵后注射泵屏幕提示离合未必设备不能执行其他任何操作无法为患者完成注射给药治疗随后报修设备科经设备科与原厂工程师远程维修诊断设备内部排线故障[SEP],启动故障提示离合未必,2025年8月4日我院ICU医护人员遵医嘱准备为患者静脉注射药物治疗启动注射泵后注射泵屏幕提示离合未必设备不能执行其他任何操作无法为患者完成注射给药治疗随后报修设备科经设备科与原厂工程师远程维修诊断设备内部排线故障,根据设备使用情况分析问题发生的原因为生产过程中内部FPC线未固定牢固在频繁的临床搬运过程中产生晃动FPC线与周围电路板摩擦导致磨损而FPC线是负责传递离合检测信号损坏后造成检测信号中断从而发生报警
1386213012025000144,其他,[CLS]未给患者造成伤害[SEP]2025年7月21日9时A班护士张英倩遵医嘱给20床患者50mlNS利妥昔单抗注射液01g每小时50ml泵入9时30分发现注射药物还是原来的50ml立即查询原因发现注射泵活塞柄一端破裂立即更换另一台注射泵随即将破损的注射泵送设备科维修[SEP]2025年7月21日9时A班护士张英倩遵医嘱给20床患者50mlNS利妥昔单抗注射液01g每小时50ml泵入9时30分发现注射药物还是原来的50ml立即查询原因发现注射泵活塞柄一端破裂立即更换另一台注射泵随即将破损的注射泵送设备科维修并向患者及家属致歉[SEP],未给患者造成伤害,2025年7月21日9时A班护士张英倩遵医嘱给20床患者50mlNS利妥昔单抗注射液01g每小时50ml泵入9时30分发现注射药物还是原来的50ml立即查询原因发现注射泵活塞柄一端破裂立即更换另一台注射泵随即将破损的注射泵送设备科维修,2025年7月21日9时A班护士张英倩遵医嘱给20床患者50mlNS利妥昔单抗注射液01g每小时50ml泵入9时30分发现注射药物还是原来的50ml立即查询原因发现注射泵活塞柄一端破裂立即更换另一台注射泵随即将破损的注射泵送设备科维修并向患者及家属致歉,"操作原因,产品原因（包括说明书等）",null,未给患者造成伤害,[CLS]未给患者造成伤害[SEP]2025年7月21日9时A班护士张英倩遵医嘱给20床患者50mlNS利妥昔单抗注射液01g每小时50ml泵入9时30分发现注射药物还是原来的50ml立即查询原因发现注射泵活塞柄一端破裂立即更换另一台注射泵随即将破损的注射泵送设备科维修[SEP]2025年7月21日9时A班护士张英倩遵医嘱给20床患者50mlNS利妥昔单抗注射液01g每小时50ml泵入9时30分发现注射药物还是原来的50ml立即查询原因发现注射泵活塞柄一端破裂立即更换另一台注射泵随即将破损的注射泵送设备科维修并向患者及家属致歉[SEP],2025年7月21日9时A班护士张英倩遵医嘱给20床患者50mlNS利妥昔单抗注射液01g每小时50ml泵入9时30分发现注射药物还是原来的50ml立即查询原因发现注射泵活塞柄一端破裂立即更换另一台注射泵随即将破损的注射泵送设备科维修,2025年7月21日9时A班护士张英倩遵医嘱给20床患者50mlNS利妥昔单抗注射液01g每小时50ml泵入9时30分发现注射药物还是原来的50ml立即查询原因发现注射泵活塞柄一端破裂立即更换另一台注射泵随即将破损的注射泵送设备科维修并向患者及家属致歉,该设备已使用超过6年处于超期5年使用状态由于长期频繁使用捏柄反复受到按压导致磨损断裂从而无法控制注射泵的注射器夹张开与闭合以固定注射器推杆的尾端导致注射泵不能正常推注药物
1406545002025001262,严重伤害,[CLS]未泵入液体延误治疗[SEP]D0407_输注不足[SEP]患者血压高给患者泵药降压护士发现注射泵未正常工作未泵液体[SEP],未泵入液体延误治疗,D0407_输注不足,患者血压高给患者泵药降压护士发现注射泵未正常工作未泵液体,产品原因（包括说明书等）,注射泵故障,未泵入液体延误治疗,[CLS]未泵入液体延误治疗[SEP]D0407_输注不足[SEP]患者血压高给患者泵药降压护士发现注射泵未正常工作未泵液体[SEP],D0407_输注不足,患者血压高给患者泵药降压护士发现注射泵未正常工作未泵液体,1院方上报为严重伤害经调查是设备未及时泵入药物有耽误患者治疗效果的风险立即更换其他设备继续为患者使用未达到严重伤害的定义危及生命导致机体功能的永久性伤害或者机体结构的永久性损伤以及需采取医疗措施才能避免上述永久性伤害或者损伤因此我司建议将伤害程序修改为其他2根据设备使用情况分析故障原因可能为设备经长期临床使用在频繁的转运过程中发生震动或磕碰造成长电位器插头松动导致无法识别注射器规格从而无法启动使用
1386205042025000463,其他,[CLS]因机器报警无法正常运行[SEP]使用过程中显示系统故障6报警机器无法正常使用[SEP]使用过程中注射泵二道显示系统故障6报警机器无法正常使用[SEP],因机器报警无法正常运行,使用过程中显示系统故障6报警机器无法正常使用,使用过程中注射泵二道显示系统故障6报警机器无法正常使用,产品原因（包括说明书等）,null,因机器报警无法正常运行,[CLS]因机器报警无法正常运行[SEP]使用过程中显示系统故障6报警机器无法正常使用[SEP]使用过程中注射泵二道显示系统故障6报警机器无法正常使用[SEP],使用过程中显示系统故障6报警机器无法正常使用,使用过程中注射泵二道显示系统故障6报警机器无法正常使用,根据故障情况分析压力传感器插头松动的原因可能为压力传感器插头未固定牢固在频繁的临床搬运过程中设备受到跌宕震动导致内部压力传感器插头松动压力值信号传输异常造成报警
1162101072025000376,其他,[CLS]双泵上层一路药物泵完不报警[SEP]主机损坏[SEP]患者于2025627在我科进行蛛网膜下腔出血时使用注射泵泵入降压药物药物使用完未给予报警[SEP],双泵上层一路药物泵完不报警,主机损坏,患者于2025627在我科进行蛛网膜下腔出血时使用注射泵泵入降压药物药物使用完未给予报警,无法确定,主机故障,双泵上层一路药物泵完不报警,[CLS]双泵上层一路药物泵完不报警[SEP]主机损坏[SEP]患者于2025627在我科进行蛛网膜下腔出血时使用注射泵泵入降压药物药物使用完未给予报警[SEP],主机损坏,患者于2025627在我科进行蛛网膜下腔出血时使用注射泵泵入降压药物药物使用完未给予报警,长期临床使用导致喇叭内部电线焊接点氧化当频繁转运搬动设备时线束晃动导致焊点松动脱落无法正常导电发声
1294425602025000614,其他,[CLS]无伤害表现[SEP]D050210_显示故障[SEP]护士在手术室台前准备设备时发现注射泵开机黑屏多次重启均无法使用[SEP],无伤害表现,D050210_显示故障,护士在手术室台前准备设备时发现注射泵开机黑屏多次重启均无法使用,产品原因（包括说明书等）,注射泵屏幕故障,无伤害表现,[CLS]无伤害表现[SEP]D050210_显示故障[SEP]护士在手术室台前准备设备时发现注射泵开机黑屏多次重启均无法使用[SEP],D050210_显示故障,护士在手术室台前准备设备时发现注射泵开机黑屏多次重启均无法使用,分析故障发生的原因可能为该设备已使用4年在临床转运搬动过程中设备受到振动跌宕导致内部显示屏插头松动脱落从而无法正常显示屏幕信息
1294410002025000459,其他,[CLS]使用前故障未对患者造成伤害[SEP]屏幕显示系统故障1无法运行[SEP]设备开机时注射泵屏幕显示系统故障1无法运行[SEP],使用前故障未对患者造成伤害,屏幕显示系统故障1无法运行,设备开机时注射泵屏幕显示系统故障1无法运行,产品原因（包括说明书等）,初步怀疑产品长期使用老化导致故障,使用前故障未对患者造成伤害,[CLS]使用前故障未对患者造成伤害[SEP]屏幕显示系统故障1无法运行[SEP]设备开机时注射泵屏幕显示系统故障1无法运行[SEP],屏幕显示系统故障1无法运行,设备开机时注射泵屏幕显示系统故障1无法运行,1安装并紧固主控板电机驱动板线束插头设备报警消除恢复正常使用2造成插头松动的原因可能为产品在运输环节震动跌落等外力以及在使用期间转运过程中发生碰撞导致插头松动
1376108082025000160,其他,[CLS]无伤害[SEP]屏幕黑屏[SEP]20250506医务人员使用注射泵不能正常开机停止使用上报维修[SEP],无伤害,屏幕黑屏,20250506医务人员使用注射泵不能正常开机停止使用上报维修,产品原因（包括说明书等）,不能正常开机,无伤害,[CLS]无伤害[SEP]屏幕黑屏[SEP]20250506医务人员使用注射泵不能正常开机停止使用上报维修[SEP],屏幕黑屏,20250506医务人员使用注射泵不能正常开机停止使用上报维修,由于该设备已使用近8年处于超期使用状态长期临床使用显示屏老化发生故障导致黑屏
1294425602025000615,其他,[CLS]无伤害[SEP]D10031201_传感器故障[SEP]麻醉医生在准备药物注射时发现设备无法识别注射器经检测为压力传感器故障停用该设备使用备用注射泵[SEP],无伤害,D10031201_传感器故障,麻醉医生在准备药物注射时发现设备无法识别注射器经检测为压力传感器故障停用该设备使用备用注射泵,产品原因（包括说明书等）,经检测为压力传感器故障,无伤害,[CLS]无伤害[SEP]D10031201_传感器故障[SEP]麻醉医生在准备药物注射时发现设备无法识别注射器经检测为压力传感器故障停用该设备使用备用注射泵[SEP],D10031201_传感器故障,麻醉医生在准备药物注射时发现设备无法识别注射器经检测为压力传感器故障停用该设备使用备用注射泵,设备已使用4年多长期临床使用与转运导致压力传感器老化故障压力值无法检测从而引发系统报警
1386213012025000172,其他,[CLS]无[SEP]注射泵处于运行状态但液体未输注[SEP]2025年7月23日1042医生给21床米双德开医嘱5葡萄糖注射液左西孟旦125mg以19mlh泵入护士遵医嘱于1100执行该医嘱于1130护士巡视病房时发现液体总量未变动检查发现注射泵处于运行状态但液体未输注检查仪器故障原因并更换注射泵继续输注药液将有故障的泵送往设备科维修[SEP],无,注射泵处于运行状态但液体未输注,2025年7月23日1042医生给21床米双德开医嘱5葡萄糖注射液左西孟旦125mg以19mlh泵入护士遵医嘱于1100执行该医嘱于1130护士巡视病房时发现液体总量未变动检查发现注射泵处于运行状态但液体未输注检查仪器故障原因并更换注射泵继续输注药液将有故障的泵送往设备科维修,产品原因（包括说明书等）,注射泵故障,无,[CLS]无[SEP]注射泵处于运行状态但液体未输注[SEP]2025年7月23日1042医生给21床米双德开医嘱5葡萄糖注射液左西孟旦125mg以19mlh泵入护士遵医嘱于1100执行该医嘱于1130护士巡视病房时发现液体总量未变动检查发现注射泵处于运行状态但液体未输注检查仪器故障原因并更换注射泵继续输注药液将有故障的泵送往设备科维修[SEP],注射泵处于运行状态但液体未输注,2025年7月23日1042医生给21床米双德开医嘱5葡萄糖注射液左西孟旦125mg以19mlh泵入护士遵医嘱于1100执行该医嘱于1130护士巡视病房时发现液体总量未变动检查发现注射泵处于运行状态但液体未输注检查仪器故障原因并更换注射泵继续输注药液将有故障的泵送往设备科维修,由于设备已使11年处于超期使用状态长期临床使用在转运过程中设备受到震动或磕碰造成长电位器插头松动从而无法识别注射器规格
1376104002025000261,其他,[CLS]未对患者造成伤害有安全隐患[SEP]A通道故障[SEP]患者咯血入院使用双泵泵入止血药0800A泵使用垂体后叶素12单位加09氯化钠共50毫升8毫升小时泵入B泵使用酚妥拉明20毫克加09氯化钠共50毫升8毫升小时泵入1000护士巡视液体时发现A泵还剩50毫升B泵剩余34毫升立即为患者更换微量泵[SEP],未对患者造成伤害有安全隐患,A通道故障,患者咯血入院使用双泵泵入止血药0800A泵使用垂体后叶素12单位加09氯化钠共50毫升8毫升小时泵入B泵使用酚妥拉明20毫克加09氯化钠共50毫升8毫升小时泵入1000护士巡视液体时发现A泵还剩50毫升B泵剩余34毫升立即为患者更换微量泵,产品原因（包括说明书等）,操作规范正确产品质量问题,未对患者造成伤害有安全隐患,[CLS]未对患者造成伤害有安全隐患[SEP]A通道故障[SEP]患者咯血入院使用双泵泵入止血药0800A泵使用垂体后叶素12单位加09氯化钠共50毫升8毫升小时泵入B泵使用酚妥拉明20毫克加09氯化钠共50毫升8毫升小时泵入1000护士巡视液体时发现A泵还剩50毫升B泵剩余34毫升立即为患者更换微量泵[SEP],A通道故障,患者咯血入院使用双泵泵入止血药0800A泵使用垂体后叶素12单位加09氯化钠共50毫升8毫升小时泵入B泵使用酚妥拉明20毫克加09氯化钠共50毫升8毫升小时泵入1000护士巡视液体时发现A泵还剩50毫升B泵剩余34毫升立即为患者更换微量泵,由于设备已使近7年处于超期使用状态长期使用转运过程中发生震动或磕碰造成长电位器插头脱落导致无法识别注射器规格无法启动使用
1253711002025000319,其他,[CLS]M210202_给药不足[SEP]未推注完成报警[SEP]2025年7月23日患者术后遵医嘱使用多参数监护仪进行电生理参数监护同时使用注射泵泵注药物进行治疗在使用注射泵为患者泵注药物进行治疗时发生药物尚未泵注完成即报警故障立即停止使用更换另外的注射泵为患者完成药物泵注未对患者造成不良伤害通知设备科维修[SEP],M210202_给药不足,未推注完成报警,2025年7月23日患者术后遵医嘱使用多参数监护仪进行电生理参数监护同时使用注射泵泵注药物进行治疗在使用注射泵为患者泵注药物进行治疗时发生药物尚未泵注完成即报警故障立即停止使用更换另外的注射泵为患者完成药物泵注未对患者造成不良伤害通知设备科维修,产品原因（包括说明书等）,注射泵传感器故障报错,M210202_给药不足,[CLS]M210202_给药不足[SEP]未推注完成报警[SEP]2025年7月23日患者术后遵医嘱使用多参数监护仪进行电生理参数监护同时使用注射泵泵注药物进行治疗在使用注射泵为患者泵注药物进行治疗时发生药物尚未泵注完成即报警故障立即停止使用更换另外的注射泵为患者完成药物泵注未对患者造成不良伤害通知设备科维修[SEP],未推注完成报警,2025年7月23日患者术后遵医嘱使用多参数监护仪进行电生理参数监护同时使用注射泵泵注药物进行治疗在使用注射泵为患者泵注药物进行治疗时发生药物尚未泵注完成即报警故障立即停止使用更换另外的注射泵为患者完成药物泵注未对患者造成不良伤害通知设备科维修,因设备已使用超过10年处于超期使用状态长期临床使用导致内部长电位器插头松动设备未检测到长电位器信号认为已经注射完毕发出报警信号
1137404732025000100,其他,[CLS]无[SEP]黑屏[SEP]20250528患者需要精准注射医生在给患者使用注射泵时发现黑屏立即使用备用注射泵进行后续注射工作联系设备科说明情况[SEP],无,黑屏,20250528患者需要精准注射医生在给患者使用注射泵时发现黑屏立即使用备用注射泵进行后续注射工作联系设备科说明情况,产品原因（包括说明书等）,考虑是否接触不良,无,[CLS]无[SEP]黑屏[SEP]20250528患者需要精准注射医生在给患者使用注射泵时发现黑屏立即使用备用注射泵进行后续注射工作联系设备科说明情况[SEP],黑屏,20250528患者需要精准注射医生在给患者使用注射泵时发现黑屏立即使用备用注射泵进行后续注射工作联系设备科说明情况,由于该设备已使用14年远超过设备的使用期限长期临床使用导致显示屏发生老化故障从而出现黑屏的现象
1151510052025000518,其他,[CLS]无[SEP]D1022_电器件问题[SEP]科室例行检查急诊急救生命支持类设备状态发现该设备开机上通道无报警音[SEP],无,D1022_电器件问题,科室例行检查急诊急救生命支持类设备状态发现该设备开机上通道无报警音,"产品原因（包括说明书等）,无法确定",怀疑该注射泵上通道喇叭故障无提示音,无,[CLS]无[SEP]D1022_电器件问题[SEP]科室例行检查急诊急救生命支持类设备状态发现该设备开机上通道无报警音[SEP],D1022_电器件问题,科室例行检查急诊急救生命支持类设备状态发现该设备开机上通道无报警音,设备长期使用导致喇叭连接线焊点处氧化存在虚焊情况设备在转运过程中出现震荡导致焊点脱落因而无法正常发声
1253711022025000267,其他,[CLS]容易造成患者静脉注射药物无法静推至体内[SEP]注射泵报警无提示音[SEP]20250716设备科维修工程师对注射泵注射器未顶紧故障进行维修维修完成后进行维修质控测试是否可以正常使用在测试过程中注射器未顶紧故障维修完成但在测试过程中发现注射泵出现故障报警指示灯亮但无蜂鸣音检测后发现是注射器蜂鸣器故障注射泵无报警提示音容易造成在患者进行静脉注射时如出现无法静推或提前推注完成但无提示音时护士无法及时发现容易对患者造成伤害及出现患者投诉现象维修人员发现后及时更换蜂鸣器设备可以正常使用[SEP],容易造成患者静脉注射药物无法静推至体内,注射泵报警无提示音,20250716设备科维修工程师对注射泵注射器未顶紧故障进行维修维修完成后进行维修质控测试是否可以正常使用在测试过程中注射器未顶紧故障维修完成但在测试过程中发现注射泵出现故障报警指示灯亮但无蜂鸣音检测后发现是注射器蜂鸣器故障注射泵无报警提示音容易造成在患者进行静脉注射时如出现无法静推或提前推注完成但无提示音时护士无法及时发现容易对患者造成伤害及出现患者投诉现象维修人员发现后及时更换蜂鸣器设备可以正常使用,产品原因（包括说明书等）,蜂鸣器故障损坏,容易造成患者静脉注射药物无法静推至体内,[CLS]容易造成患者静脉注射药物无法静推至体内[SEP]注射泵报警无提示音[SEP]20250716设备科维修工程师对注射泵注射器未顶紧故障进行维修维修完成后进行维修质控测试是否可以正常使用在测试过程中注射器未顶紧故障维修完成但在测试过程中发现注射泵出现故障报警指示灯亮但无蜂鸣音检测后发现是注射器蜂鸣器故障注射泵无报警提示音容易造成在患者进行静脉注射时如出现无法静推或提前推注完成但无提示音时护士无法及时发现容易对患者造成伤害及出现患者投诉现象维修人员发现后及时更换蜂鸣器设备可以正常使用[SEP],注射泵报警无提示音,20250716设备科维修工程师对注射泵注射器未顶紧故障进行维修维修完成后进行维修质控测试是否可以正常使用在测试过程中注射器未顶紧故障维修完成但在测试过程中发现注射泵出现故障报警指示灯亮但无蜂鸣音检测后发现是注射器蜂鸣器故障注射泵无报警提示音容易造成在患者进行静脉注射时如出现无法静推或提前推注完成但无提示音时护士无法及时发现容易对患者造成伤害及出现患者投诉现象维修人员发现后及时更换蜂鸣器设备可以正常使用,分析本次故障的原因为喇叭内部电线焊接点氧化虚焊当频繁转运搬动设备时线束晃动导致焊点松动脱落无法正常导电发声
1253707092025000698,其他,[CLS]无[SEP]系统故障报警[SEP]20250721150000麻醉医生开机开机片刻后发现注射泵系统故障报警停用该设备联系装备器械科工程师维修[SEP],无,系统故障报警,20250721150000麻醉医生开机开机片刻后发现注射泵系统故障报警停用该设备联系装备器械科工程师维修,产品原因（包括说明书等）,注射泵系统故障报警初步怀疑注射泵故障,无,[CLS]无[SEP]系统故障报警[SEP]20250721150000麻醉医生开机开机片刻后发现注射泵系统故障报警停用该设备联系装备器械科工程师维修[SEP],系统故障报警,20250721150000麻醉医生开机开机片刻后发现注射泵系统故障报警停用该设备联系装备器械科工程师维修,根据故障情况分析压力传感器插头松动的原因可能为设备已使用4年有余在长期频繁的临床搬运过程中设备受到跌宕震动导致内部压力传感器插头松动压力值信号传输异常造成报警
1253707092025000699,其他,[CLS]无[SEP]固定架故障[SEP]20250721153000麻醉医生使用注射泵固定注射器时发现固定不住停用该设备联系装备器械科工程师维修[SEP],无,固定架故障,20250721153000麻醉医生使用注射泵固定注射器时发现固定不住停用该设备联系装备器械科工程师维修,产品原因（包括说明书等）,注射泵注射器固定架故障固定架质量不佳,无,[CLS]无[SEP]固定架故障[SEP]20250721153000麻醉医生使用注射泵固定注射器时发现固定不住停用该设备联系装备器械科工程师维修[SEP],固定架故障,20250721153000麻醉医生使用注射泵固定注射器时发现固定不住停用该设备联系装备器械科工程师维修,该注射泵已投入使用4年有余其紧固夹作为设备附件在长期使用过程中因频繁拧动螺丝导致紧固夹螺纹逐渐磨损此外不排除在日常操作中医护人员扭动螺丝时因操作不当出现拧偏情况进一步加剧了螺丝滑丝问题最终造成紧固夹无法正常使用
1376104002025000259,其他,[CLS]延误治疗[SEP]泵速不准[SEP]2025年6月24日护士在使用注射泵向患者注射时发现注射泵泵速不准立即停止使用并更换设备联系医学装备部处理[SEP],延误治疗,泵速不准,2025年6月24日护士在使用注射泵向患者注射时发现注射泵泵速不准立即停止使用并更换设备联系医学装备部处理,产品原因（包括说明书等）,操作规范正确出现泵速不准的情况判定为产品自身原因,延误治疗,[CLS]延误治疗[SEP]泵速不准[SEP]2025年6月24日护士在使用注射泵向患者注射时发现注射泵泵速不准立即停止使用并更换设备联系医学装备部处理[SEP],泵速不准,2025年6月24日护士在使用注射泵向患者注射时发现注射泵泵速不准立即停止使用并更换设备联系医学装备部处理,医院长期未进行注射器校准设备内存储的注射器参数与实际注射器参数不一致导致实际流速与设定流速不一致
1386204002025001347,其他,[CLS]科室使用时报警离合未闭[SEP]报警离合未闭[SEP]科室使用时报警离合未闭随即报修至医疗设施设备运维管理中心[SEP],科室使用时报警离合未闭,报警离合未闭,科室使用时报警离合未闭随即报修至医疗设施设备运维管理中心,无法确定,科室使用时报警离合未闭,科室使用时报警离合未闭,[CLS]科室使用时报警离合未闭[SEP]报警离合未闭[SEP]科室使用时报警离合未闭随即报修至医疗设施设备运维管理中心[SEP],报警离合未闭,科室使用时报警离合未闭随即报修至医疗设施设备运维管理中心,分析问题原因为生产过程中内部FPC线未固定牢固在临床搬运过程中产生晃动FPC线与周围电路板摩擦导致磨损而FPC线是负责传递离合检测信号损坏后造成检测信号中断从而发生报警
1253715062025000345,严重伤害,[CLS]M210202_给药不足[SEP]药物注射不尽就提示输入完成[SEP]2025709科室护理人员在为病人输液时使用注射泵进行药物注射时机器预警注射已完成但是护理人员发现药物剩余4ml左右报设备科厂家[SEP],M210202_给药不足,药物注射不尽就提示输入完成,2025709科室护理人员在为病人输液时使用注射泵进行药物注射时机器预警注射已完成但是护理人员发现药物剩余4ml左右报设备科厂家,产品原因（包括说明书等）,设备质量问题,M210202_给药不足,[CLS]M210202_给药不足[SEP]药物注射不尽就提示输入完成[SEP]2025709科室护理人员在为病人输液时使用注射泵进行药物注射时机器预警注射已完成但是护理人员发现药物剩余4ml左右报设备科厂家[SEP],药物注射不尽就提示输入完成,2025709科室护理人员在为病人输液时使用注射泵进行药物注射时机器预警注射已完成但是护理人员发现药物剩余4ml左右报设备科厂家,1院方上报为严重伤害经调查为设备的实际流速相比设定流速偏慢导致注射药物有残留未对患者造成不良影响未达到严重伤害的定义危及生命导致机体功能的永久性伤害或者机体结构的永久性损伤以及需采取医疗措施才能避免上述永久性伤害或者损伤因此我司建议将伤害程序修改为其他2医院近期更换了新的厂家注射器品牌在使用设备前未对该品牌注射器进行校准设备内存储的参数与实际使用的注射器参数不一致导致实际流速相比设定流速偏慢
1253717032025000520,其他,[CLS]无[SEP]注射泵调节按键失灵[SEP]2025年6月22日肾内科医护人员遵医嘱为患者泵入药液时操作过程中发现调节按键失灵立即重新更换备用注射泵为患者泵入药物因处理及时未对患者造成不良影响随后报修至器械科[SEP],无,注射泵调节按键失灵,2025年6月22日肾内科医护人员遵医嘱为患者泵入药液时操作过程中发现调节按键失灵立即重新更换备用注射泵为患者泵入药物因处理及时未对患者造成不良影响随后报修至器械科,无法确定,调节按键失灵,无,[CLS]无[SEP]注射泵调节按键失灵[SEP]2025年6月22日肾内科医护人员遵医嘱为患者泵入药液时操作过程中发现调节按键失灵立即重新更换备用注射泵为患者泵入药物因处理及时未对患者造成不良影响随后报修至器械科[SEP],注射泵调节按键失灵,2025年6月22日肾内科医护人员遵医嘱为患者泵入药液时操作过程中发现调节按键失灵立即重新更换备用注射泵为患者泵入药物因处理及时未对患者造成不良影响随后报修至器械科,由于该设备已使用12年多处于超期使用状态长期临床使用导致按键老化无法正常使用
1162112062025000074,其他,[CLS]注射泵异常影响患者治疗[SEP]注射泵速度调至2mlh1小时后速度自动调至1mlh影响患者治疗[SEP]患者诊断Ⅰ型糖尿病并血糖控制不佳高甘油三脂血症2025年7月9日遵医嘱给予09NS20ml加普通胰岛素20单位静脉泵入降糖注射泵调至2mlh启动后1小时机器未报警屏幕显示速度变为1mlh重新启动后仍出现上述情况更换注射泵后正常[SEP],注射泵异常影响患者治疗,注射泵速度调至2mlh1小时后速度自动调至1mlh影响患者治疗,患者诊断Ⅰ型糖尿病并血糖控制不佳高甘油三脂血症2025年7月9日遵医嘱给予09NS20ml加普通胰岛素20单位静脉泵入降糖注射泵调至2mlh启动后1小时机器未报警屏幕显示速度变为1mlh重新启动后仍出现上述情况更换注射泵后正常,产品原因（包括说明书等）,机械故障导致注射泵自动调节速度,注射泵异常影响患者治疗,[CLS]注射泵异常影响患者治疗[SEP]注射泵速度调至2mlh1小时后速度自动调至1mlh影响患者治疗[SEP]患者诊断Ⅰ型糖尿病并血糖控制不佳高甘油三脂血症2025年7月9日遵医嘱给予09NS20ml加普通胰岛素20单位静脉泵入降糖注射泵调至2mlh启动后1小时机器未报警屏幕显示速度变为1mlh重新启动后仍出现上述情况更换注射泵后正常[SEP],注射泵速度调至2mlh1小时后速度自动调至1mlh影响患者治疗,患者诊断Ⅰ型糖尿病并血糖控制不佳高甘油三脂血症2025年7月9日遵医嘱给予09NS20ml加普通胰岛素20单位静脉泵入降糖注射泵调至2mlh启动后1小时机器未报警屏幕显示速度变为1mlh重新启动后仍出现上述情况更换注射泵后正常,分析故障发生原因可能为操作人员在设置预置量时未清除累积量当累积量即将等于预置量时设备默认为注射完成后以1mlh流速注射防止血液回流最终导致实际注射液量未达到预期值
1162108002025000218,其他,[CLS]无[SEP]系统故障1故障报警[SEP]使用测试前注射泵报系统故障1[SEP],无,系统故障1故障报警,使用测试前注射泵报系统故障1,产品原因（包括说明书等）,由于齿轮卡住导致系统报错,无,[CLS]无[SEP]系统故障1故障报警[SEP]使用测试前注射泵报系统故障1[SEP],系统故障1故障报警,使用测试前注射泵报系统故障1,该问题的发生可能与临床转运过程中的操作不当有关在转运过程中设备受到较大幅度的晃动和震动造成泵体位置发生轻微偏移从而影响了齿轮之间的正常啮合状态最终导致齿轮卡死触发系统报警
1253711002025000272,其他,[CLS]无[SEP]报警无法消除[SEP]2025年6月30日在对患者进行注射泵注射时该注射泵持续报警无法消除立即为患者更换设备进行治疗未耽误患者治疗[SEP],无,报警无法消除,2025年6月30日在对患者进行注射泵注射时该注射泵持续报警无法消除立即为患者更换设备进行治疗未耽误患者治疗,产品原因（包括说明书等）,设备报警系统故障,无,[CLS]无[SEP]报警无法消除[SEP]2025年6月30日在对患者进行注射泵注射时该注射泵持续报警无法消除立即为患者更换设备进行治疗未耽误患者治疗[SEP],报警无法消除,2025年6月30日在对患者进行注射泵注射时该注射泵持续报警无法消除立即为患者更换设备进行治疗未耽误患者治疗,该设备已超期使用10年以上长期超期使用导致主控板电源板元器件严重老化最初报警无法取消是因老化元器件使设备功能异常触发报警且控制模块失灵无法响应取消操作后续彻底无法开机则是老化元器件完全失效电源板无法供电主控板无法处理指令所致
1253715062025000344,严重伤害,[CLS]M210202_给药不足[SEP]药物注射不尽就提示输入完成[SEP]2025710科室护理人员在为病人输液时使用注射泵进行药物注射时机器预警注射已完成但是护理人员发现药物剩余4ml左右报设备科厂家[SEP],M210202_给药不足,药物注射不尽就提示输入完成,2025710科室护理人员在为病人输液时使用注射泵进行药物注射时机器预警注射已完成但是护理人员发现药物剩余4ml左右报设备科厂家,产品原因（包括说明书等）,设备质量问题,M210202_给药不足,[CLS]M210202_给药不足[SEP]药物注射不尽就提示输入完成[SEP]2025710科室护理人员在为病人输液时使用注射泵进行药物注射时机器预警注射已完成但是护理人员发现药物剩余4ml左右报设备科厂家[SEP],药物注射不尽就提示输入完成,2025710科室护理人员在为病人输液时使用注射泵进行药物注射时机器预警注射已完成但是护理人员发现药物剩余4ml左右报设备科厂家,1院方上报为严重伤害经调查是实际流速与设定流速不一致导致注射药物有少许残留未对患者造成不良影响未达到严重伤害的定义危及生命导致机体功能的永久性伤害或者机体结构的永久性损伤以及需采取医疗措施才能避免上述永久性伤害或者损伤因此我司建议将伤害程序修改为其他2更换注射器规格后操作人员未重新校准导致设备本身的注射参数不匹配从而出现流速不准确的情况
1253717032025000529,严重伤害,[CLS]延长为新生儿输液时间极易造成生命危险[SEP]注射泵拉手柄松懈并脱落碎部件[SEP]2025627新生儿科护士为新生儿更换液体时发现注射泵拉手柄松懈并脱落碎部件无法正常使用发现及时立即更换备用机为新生儿继续输液虽未造成不良影响但延长为新生儿输液时间极易造成生命危险[SEP],延长为新生儿输液时间极易造成生命危险,注射泵拉手柄松懈并脱落碎部件,2025627新生儿科护士为新生儿更换液体时发现注射泵拉手柄松懈并脱落碎部件无法正常使用发现及时立即更换备用机为新生儿继续输液虽未造成不良影响但延长为新生儿输液时间极易造成生命危险,无法确定,原因不明无法确定,延长为新生儿输液时间极易造成生命危险,[CLS]延长为新生儿输液时间极易造成生命危险[SEP]注射泵拉手柄松懈并脱落碎部件[SEP]2025627新生儿科护士为新生儿更换液体时发现注射泵拉手柄松懈并脱落碎部件无法正常使用发现及时立即更换备用机为新生儿继续输液虽未造成不良影响但延长为新生儿输液时间极易造成生命危险[SEP],注射泵拉手柄松懈并脱落碎部件,2025627新生儿科护士为新生儿更换液体时发现注射泵拉手柄松懈并脱落碎部件无法正常使用发现及时立即更换备用机为新生儿继续输液虽未造成不良影响但延长为新生儿输液时间极易造成生命危险,1院方上报为严重伤害经调查故障发生后立即更换另一正常通道使用延长了注射时间未对患者造成严重伤害未达到严重伤害的定义危及生命导致机体功能的永久性伤害或者机体结构的永久性损伤以及需采取医疗措施才能避免上述永久性伤害或者损伤因此我司建议将伤害程序修改为其他2该设备已使用近9年长期临床使用压柄材质老化断裂无法正常固定注射器
1253715062025000347,严重伤害,[CLS]M210202_给药不足[SEP]药物注射不尽就提示输入完成[SEP]202572科室护理人员在为病人输液时使用注射泵进行药物注射时机器预警注射已完成但是护理人员发现药物剩余4ml左右报设备科厂家[SEP],M210202_给药不足,药物注射不尽就提示输入完成,202572科室护理人员在为病人输液时使用注射泵进行药物注射时机器预警注射已完成但是护理人员发现药物剩余4ml左右报设备科厂家,产品原因（包括说明书等）,产品质量问题,M210202_给药不足,[CLS]M210202_给药不足[SEP]药物注射不尽就提示输入完成[SEP]202572科室护理人员在为病人输液时使用注射泵进行药物注射时机器预警注射已完成但是护理人员发现药物剩余4ml左右报设备科厂家[SEP],药物注射不尽就提示输入完成,202572科室护理人员在为病人输液时使用注射泵进行药物注射时机器预警注射已完成但是护理人员发现药物剩余4ml左右报设备科厂家,1院方上报为严重伤害经调查是实际流速与设定流速不一致导致注射药物有少许残留未对患者造成不良影响未达到严重伤害的定义危及生命导致机体功能的永久性伤害或者机体结构的永久性损伤以及需采取医疗措施才能避免上述永久性伤害或者损伤因此我司建议将伤害程序修改为其他2更换注射器规格后操作人员未重新校准导致设备本身的注射参数不匹配从而出现流速不准确的情况
1253711022025000263,其他,[CLS]未对患者造成伤害[SEP]故障注射器未顶紧[SEP]2025712患者因心脏原因在心内二科病房进行静脉输液在把针管放置在注射泵针管夹上注射泵提示注射泵未顶紧无法使用重新更换注射泵为患者使用未对患者造成伤害联系设备科工程师进行维修[SEP],未对患者造成伤害,故障注射器未顶紧,2025712患者因心脏原因在心内二科病房进行静脉输液在把针管放置在注射泵针管夹上注射泵提示注射泵未顶紧无法使用重新更换注射泵为患者使用未对患者造成伤害联系设备科工程师进行维修,产品原因（包括说明书等）,注射泵针管夹传感器故障,未对患者造成伤害,[CLS]未对患者造成伤害[SEP]故障注射器未顶紧[SEP]2025712患者因心脏原因在心内二科病房进行静脉输液在把针管放置在注射泵针管夹上注射泵提示注射泵未顶紧无法使用重新更换注射泵为患者使用未对患者造成伤害联系设备科工程师进行维修[SEP],故障注射器未顶紧,2025712患者因心脏原因在心内二科病房进行静脉输液在把针管放置在注射泵针管夹上注射泵提示注射泵未顶紧无法使用重新更换注射泵为患者使用未对患者造成伤害联系设备科工程师进行维修,分析问题原因可能为生产过程中内部FPC线未固定牢固在临床搬运过程中产生晃动FPC线与周围电路板摩擦导致磨损而FPC线是负责传递离合检测信号损坏后造成检测信号中断从而发生报警
1253706002025000880,其他,[CLS]无[SEP]时间无法调准[SEP]护士设置注射泵时间时发现无法正确调准[SEP],无,时间无法调准,护士设置注射泵时间时发现无法正确调准,产品原因（包括说明书等）,分析主板电池亏电,无,[CLS]无[SEP]时间无法调准[SEP]护士设置注射泵时间时发现无法正确调准[SEP],时间无法调准,护士设置注射泵时间时发现无法正确调准,主板纽扣电池的使用寿命一般为35年该设备已经使用7年多超过使用寿命后电量会逐渐耗尽导致系统日期和时间无法调整
1355313002025000333,其他,[CLS]未造成伤害[SEP]注射剂量不准[SEP]202506211510在使用微量注射泵过程中发现注射剂量不准立即停止使用通知医学工程部工程师处理[SEP],未造成伤害,注射剂量不准,202506211510在使用微量注射泵过程中发现注射剂量不准立即停止使用通知医学工程部工程师处理,无法确定,设备年限增长使用频率高设备稳定性差,未造成伤害,[CLS]未造成伤害[SEP]注射剂量不准[SEP]202506211510在使用微量注射泵过程中发现注射剂量不准立即停止使用通知医学工程部工程师处理[SEP],注射剂量不准,202506211510在使用微量注射泵过程中发现注射剂量不准立即停止使用通知医学工程部工程师处理,医院长期未进行注射器校准设备内存储的注射器参数与实际注射器参数不一致导致实际流速与设定流不一致
1264126152025000230,其他,[CLS]无伤害[SEP]阻塞报警[SEP]患者使用时机器阻塞报警通知维修人员前来维修[SEP],无伤害,阻塞报警,患者使用时机器阻塞报警通知维修人员前来维修,无法确定,阻塞报警怀疑管有阻塞或检测电路故障,无伤害,[CLS]无伤害[SEP]阻塞报警[SEP]患者使用时机器阻塞报警通知维修人员前来维修[SEP],阻塞报警,患者使用时机器阻塞报警通知维修人员前来维修,此次故障的原因为医院使用注射泵时注射器放置的位置不当引起管路打折导致管内压力大设备出现阻塞报警
1274201022025000303,其他,[CLS]无伤害[SEP]无法固定注射器[SEP]2025年5月23日护士在为患者做治疗时发现该泵不能固定注射器固定注射器的立杆损坏联系维修维修固定注射器的立杆[SEP],无伤害,无法固定注射器,2025年5月23日护士在为患者做治疗时发现该泵不能固定注射器固定注射器的立杆损坏联系维修维修固定注射器的立杆,无法确定,固定注射器的立杆损坏,无伤害,[CLS]无伤害[SEP]无法固定注射器[SEP]2025年5月23日护士在为患者做治疗时发现该泵不能固定注射器固定注射器的立杆损坏联系维修维修固定注射器的立杆[SEP],无法固定注射器,2025年5月23日护士在为患者做治疗时发现该泵不能固定注射器固定注射器的立杆损坏联系维修维修固定注射器的立杆,该设备已使用超过11年处于超期5年使用状态长期临床使用压柄导向柱材质老化开裂无法正常固定注射器
1162108002025000189,其他,[CLS]无[SEP]报错系统故障1有问题[SEP]测试使用过程中报错报系统故障1有问题[SEP],无,报错系统故障1有问题,测试使用过程中报错报系统故障1有问题,产品原因（包括说明书等）,注射泵机芯齿轮卡住,无,[CLS]无[SEP]报错系统故障1有问题[SEP]测试使用过程中报错报系统故障1有问题[SEP],报错系统故障1有问题,测试使用过程中报错报系统故障1有问题,该问题的发生可能与临床转运过程中的操作不当有关在转运过程中设备受到较大幅度的晃动和震动造成泵体位置发生轻微偏移从而影响了齿轮之间的正常啮合状态最终导致齿轮卡死触发系统报警
1162101052025000178,其他,[CLS]无[SEP]注射泵出现白屏[SEP]患者应消化道出血使用生长抑素止血需要应用注射泵泵入已达到精准用药止血的目的护士于6月18日应用注射泵输入09盐水48毫升生长抑素3毫克注射止血输入半小时护士巡检发现注射泵出现白屏无法显示数据立即给予更换未对患者造成不良影响[SEP],无,注射泵出现白屏,患者应消化道出血使用生长抑素止血需要应用注射泵泵入已达到精准用药止血的目的护士于6月18日应用注射泵输入09盐水48毫升生长抑素3毫克注射止血输入半小时护士巡检发现注射泵出现白屏无法显示数据立即给予更换未对患者造成不良影响,无法确定,null,无,[CLS]无[SEP]注射泵出现白屏[SEP]患者应消化道出血使用生长抑素止血需要应用注射泵泵入已达到精准用药止血的目的护士于6月18日应用注射泵输入09盐水48毫升生长抑素3毫克注射止血输入半小时护士巡检发现注射泵出现白屏无法显示数据立即给予更换未对患者造成不良影响[SEP],注射泵出现白屏,患者应消化道出血使用生长抑素止血需要应用注射泵泵入已达到精准用药止血的目的护士于6月18日应用注射泵输入09盐水48毫升生长抑素3毫克注射止血输入半小时护士巡检发现注射泵出现白屏无法显示数据立即给予更换未对患者造成不良影响,分析屏幕排线松动的原因可能为在临床使用期间频繁搬动转运设备内部线缆受到震动跌宕导致屏幕连接线插头松动显示屏白屏无法正常显示信息
1386204042025000136,其他,[CLS]对患者没有造成伤害[SEP]患者因脑梗死经过初步诊断治疗后需进行溶栓治疗于2025年06月03日1100使用注射泵静脉缓慢给药在使用过程中注射泵出现感应器不灵敏立即更换注射泵为患者给药未对患者造成影响联系设备科进行维修[SEP]患者因脑梗死经过初步诊断治疗后需进行溶栓治疗于2025年06月03日1100使用注射泵静脉缓慢给药在使用过程中注射泵出现感应器不灵敏立即更换注射泵为患者给药未对患者造成影响[SEP],对患者没有造成伤害,患者因脑梗死经过初步诊断治疗后需进行溶栓治疗于2025年06月03日1100使用注射泵静脉缓慢给药在使用过程中注射泵出现感应器不灵敏立即更换注射泵为患者给药未对患者造成影响联系设备科进行维修,患者因脑梗死经过初步诊断治疗后需进行溶栓治疗于2025年06月03日1100使用注射泵静脉缓慢给药在使用过程中注射泵出现感应器不灵敏立即更换注射泵为患者给药未对患者造成影响,产品原因（包括说明书等）,null,对患者没有造成伤害,[CLS]对患者没有造成伤害[SEP]患者因脑梗死经过初步诊断治疗后需进行溶栓治疗于2025年06月03日1100使用注射泵静脉缓慢给药在使用过程中注射泵出现感应器不灵敏立即更换注射泵为患者给药未对患者造成影响联系设备科进行维修[SEP]患者因脑梗死经过初步诊断治疗后需进行溶栓治疗于2025年06月03日1100使用注射泵静脉缓慢给药在使用过程中注射泵出现感应器不灵敏立即更换注射泵为患者给药未对患者造成影响[SEP],患者因脑梗死经过初步诊断治疗后需进行溶栓治疗于2025年06月03日1100使用注射泵静脉缓慢给药在使用过程中注射泵出现感应器不灵敏立即更换注射泵为患者给药未对患者造成影响联系设备科进行维修,患者因脑梗死经过初步诊断治疗后需进行溶栓治疗于2025年06月03日1100使用注射泵静脉缓慢给药在使用过程中注射泵出现感应器不灵敏立即更换注射泵为患者给药未对患者造成影响,由于该设备已使用近13年在长期临床转运过程中受到震荡导致长电位器插头松动而作为行程传感器当其功能异常时不能准确识别注射器位置导致电位器数值无变化从而无法运行
1376108032025000478,其他,[CLS]延缓治疗[SEP]无交流电[SEP]23日上午护士准备为患儿注射药物时发现该设备插电开机无反应立即停止使用报器械科维修组维修[SEP],延缓治疗,无交流电,23日上午护士准备为患儿注射药物时发现该设备插电开机无反应立即停止使用报器械科维修组维修,产品原因（包括说明书等）,该设备插电开机无反应,延缓治疗,[CLS]延缓治疗[SEP]无交流电[SEP]23日上午护士准备为患儿注射药物时发现该设备插电开机无反应立即停止使用报器械科维修组维修[SEP],无交流电,23日上午护士准备为患儿注射药物时发现该设备插电开机无反应立即停止使用报器械科维修组维修,设备已使用7年处于超期5年使用状态长期临床使用导致电源板上元器件焊点氧化脱焊无法正常工作
1284318002025000839,其他,[CLS]无伤害[SEP]使用时发现气泡报警[SEP]2025年2月20日注射泵使用时发现气泡报警报修[SEP],无伤害,使用时发现气泡报警,2025年2月20日注射泵使用时发现气泡报警报修,产品原因（包括说明书等）,使用时发现气泡报警,无伤害,[CLS]无伤害[SEP]使用时发现气泡报警[SEP]2025年2月20日注射泵使用时发现气泡报警报修[SEP],使用时发现气泡报警,2025年2月20日注射泵使用时发现气泡报警报修,根据故障现象与设备使用情况分析故障原因可能为设备在长期临床搬动和转运过程中受到震动跌宕气泡传感器插头松动导致接触不良引发报警
1284318002025000875,其他,[CLS]无伤害[SEP]注射泵系统故障[SEP]2025年6月13日注射泵系统故障报修[SEP],无伤害,注射泵系统故障,2025年6月13日注射泵系统故障报修,产品原因（包括说明书等）,设备故障,无伤害,[CLS]无伤害[SEP]注射泵系统故障[SEP]2025年6月13日注射泵系统故障报修[SEP],注射泵系统故障,2025年6月13日注射泵系统故障报修,由于设备已使用13年在频繁的搬动与转运过程中设备收到震动与跌宕长电位器行程传感器插头松动导致接触不良为偶发故障
1264126152025000189,其他,[CLS]无伤害[SEP]注射器不推注[SEP]开机后启动后显示正常注射器不推注更换其它机器给患者使用随后送固资科维修[SEP],无伤害,注射器不推注,开机后启动后显示正常注射器不推注更换其它机器给患者使用随后送固资科维修,无法确定,怀疑推注电机故障,无伤害,[CLS]无伤害[SEP]注射器不推注[SEP]开机后启动后显示正常注射器不推注更换其它机器给患者使用随后送固资科维修[SEP],注射器不推注,开机后启动后显示正常注射器不推注更换其它机器给患者使用随后送固资科维修,该设备已使用近6年在临床使用过程中内部元件老化且发生过剧烈震动或磕碰个别元件碎裂掉落在齿轮上导致齿轮卡死无法运转并传递动力注射器无法推注药物
1253711042025000288,其他,[CLS]使用过程中突发故障中断了患者输注治疗[SEP]D1016_电路故障[SEP]2025年6月23日患者王宇晗因额骨骨裂入院治疗科室工作人员使用该设备为其进行药物输注治疗时设备突发无法通电使用情况中断了患者治疗科室工作人员立即更换设备为患者进行治疗并报修工程师设备突发故障更换设备延长了患者治疗时间存在一定的医疗风险[SEP],使用过程中突发故障中断了患者输注治疗,D1016_电路故障,2025年6月23日患者王宇晗因额骨骨裂入院治疗科室工作人员使用该设备为其进行药物输注治疗时设备突发无法通电使用情况中断了患者治疗科室工作人员立即更换设备为患者进行治疗并报修工程师设备突发故障更换设备延长了患者治疗时间存在一定的医疗风险,产品原因（包括说明书等）,经工程师现场维修判定该设备电源线损坏导致了设备无法通电使用,使用过程中突发故障中断了患者输注治疗,[CLS]使用过程中突发故障中断了患者输注治疗[SEP]D1016_电路故障[SEP]2025年6月23日患者王宇晗因额骨骨裂入院治疗科室工作人员使用该设备为其进行药物输注治疗时设备突发无法通电使用情况中断了患者治疗科室工作人员立即更换设备为患者进行治疗并报修工程师设备突发故障更换设备延长了患者治疗时间存在一定的医疗风险[SEP],D1016_电路故障,2025年6月23日患者王宇晗因额骨骨裂入院治疗科室工作人员使用该设备为其进行药物输注治疗时设备突发无法通电使用情况中断了患者治疗科室工作人员立即更换设备为患者进行治疗并报修工程师设备突发故障更换设备延长了患者治疗时间存在一定的医疗风险,分析电源线损伤的原因可能为在临床使用过程中电源线频繁受到拉扯弯折挤压导致内部线缆损伤无法为设备供电
1253706002025000785,其他,[CLS]无[SEP]异常报警[SEP]护士在准备过程中该设备自检过程中异常报警[SEP],无,异常报警,护士在准备过程中该设备自检过程中异常报警,产品原因（包括说明书等）,分析电路板故障,无,[CLS]无[SEP]异常报警[SEP]护士在准备过程中该设备自检过程中异常报警[SEP],异常报警,护士在准备过程中该设备自检过程中异常报警,该设备已使用8年长期临床使用电源板老化故障无法正常为电机供电导致机器启动后主从道电机均不转动无法泵入药物从而触发报警
127421802202100042,其他,[CLS]无伤害[SEP]注射泵推注药液时发现速度快于设定值[SEP]患儿使用注射泵推注药液时发现速度快于设定值[SEP],无伤害,注射泵推注药液时发现速度快于设定值,患儿使用注射泵推注药液时发现速度快于设定值,产品原因（包括说明书等）,人医护知识经验不足经验不足机医疗设备器材发生故障医疗设备器材未定期检修,无伤害,[CLS]无伤害[SEP]注射泵推注药液时发现速度快于设定值[SEP]患儿使用注射泵推注药液时发现速度快于设定值[SEP],注射泵推注药液时发现速度快于设定值,患儿使用注射泵推注药液时发现速度快于设定值,医院长期未进行注射器手自动校准设备内存储的注射器参数与实际注射器参数不一致导致实际流速比设定流速快
1274201022025000307,其他,[CLS]无伤害[SEP]无法识别注射器[SEP]2025年5月23日护士在准备为患者治疗时时发现不能识别注射器联系维修重新安装短电位器[SEP],无伤害,无法识别注射器,2025年5月23日护士在准备为患者治疗时时发现不能识别注射器联系维修重新安装短电位器,无法确定,电位器故障,无伤害,[CLS]无伤害[SEP]无法识别注射器[SEP]2025年5月23日护士在准备为患者治疗时时发现不能识别注射器联系维修重新安装短电位器[SEP],无法识别注射器,2025年5月23日护士在准备为患者治疗时时发现不能识别注射器联系维修重新安装短电位器,1因设备短电位器插头松动导致无法通过注射器筒径识别注射器的规格因而无法启动设备正常工作2由于该设备已使用超过5年处于超期使用状态长期临床使用频繁搬动设备设备内部线缆震动导致短电位器线插头松动
1162101052025000144,其他,[CLS]无[SEP]给予注射泵上药时仪器突发暂停工作[SEP]患者入ICU后病情及其危重给于肾上腺用药维持血压注射用药时仪器突发暂停工作停止给药医护人员紧急抢救并立即更换注射泵[SEP],无,给予注射泵上药时仪器突发暂停工作,患者入ICU后病情及其危重给于肾上腺用药维持血压注射用药时仪器突发暂停工作停止给药医护人员紧急抢救并立即更换注射泵,无法确定,注射泵电池故障,无,[CLS]无[SEP]给予注射泵上药时仪器突发暂停工作[SEP]患者入ICU后病情及其危重给于肾上腺用药维持血压注射用药时仪器突发暂停工作停止给药医护人员紧急抢救并立即更换注射泵[SEP],给予注射泵上药时仪器突发暂停工作,患者入ICU后病情及其危重给于肾上腺用药维持血压注射用药时仪器突发暂停工作停止给药医护人员紧急抢救并立即更换注射泵,分析问题了可能的原因为生产过程中主控板与电源板之间连接线未固定牢固机器在频繁转运过程中受到震动跌宕导致内部线缆松动接触不良从而发生设备突然断电的现象
1253715062025000022,严重伤害,[CLS]M210201_给药过量M210202_给药不足[SEP]不报警不闪灯[SEP]20241227日护理人员在巡视病房时发现注射泵不报警不闪黄灯不能及时发现输液泵完的时间有潜在的风险立即停止对设备使用报设备科处理[SEP],M210201_给药过量M210202_给药不足,不报警不闪灯,20241227日护理人员在巡视病房时发现注射泵不报警不闪黄灯不能及时发现输液泵完的时间有潜在的风险立即停止对设备使用报设备科处理,产品原因（包括说明书等）,机器故障,M210201_给药过量M210202_给药不足,[CLS]M210201_给药过量M210202_给药不足[SEP]不报警不闪灯[SEP]20241227日护理人员在巡视病房时发现注射泵不报警不闪黄灯不能及时发现输液泵完的时间有潜在的风险立即停止对设备使用报设备科处理[SEP],不报警不闪灯,20241227日护理人员在巡视病房时发现注射泵不报警不闪黄灯不能及时发现输液泵完的时间有潜在的风险立即停止对设备使用报设备科处理,院方上报为严重伤害设备故障现象为无法发出报警信号可能导致药物泵完无法接收到提示的风险但未对患者造成不良影响未达到严重伤害的定义危及生命导致机体功能的永久性伤害或者机体结构的永久性损伤以及需采取医疗措施才能避免上述永久性伤害或者损伤因此我司建议将伤害程序修改为其他1问题发生时医护人员及时发现并更换备用设备继续为患者注射未对人体造成严重伤害2长期临床使用导致喇叭内部电线焊接点氧化当频繁转运搬动设备时线束晃动导致焊点松动脱落无法正常导电发声3报警灯板线松动的原因可能为设备在频繁转运过程中受到震动跌宕导致内部线缆松动接触不良从而发生不报警的现象
1274204002025000359,严重伤害,[CLS]未造成伤害后果[SEP]机器流速存在较大偏差[SEP]2025年5月15日呼吸重症科护士使用注射泵为患者注射时发现实际上机后实际的注射药物量药物注射事件与设置的不符随后换注射泵注射并报设备科维修[SEP],未造成伤害后果,机器流速存在较大偏差,2025年5月15日呼吸重症科护士使用注射泵为患者注射时发现实际上机后实际的注射药物量药物注射事件与设置的不符随后换注射泵注射并报设备科维修,产品原因（包括说明书等）,初步怀疑注射器识别错误经过拆机后发现机器注射器识别杆断裂插入卡扣内且页面识别传感器存在错位,未造成伤害后果,[CLS]未造成伤害后果[SEP]机器流速存在较大偏差[SEP]2025年5月15日呼吸重症科护士使用注射泵为患者注射时发现实际上机后实际的注射药物量药物注射事件与设置的不符随后换注射泵注射并报设备科维修[SEP],机器流速存在较大偏差,2025年5月15日呼吸重症科护士使用注射泵为患者注射时发现实际上机后实际的注射药物量药物注射事件与设置的不符随后换注射泵注射并报设备科维修,院方上报为严重伤害经调查在发现设备流速不准后科室立即更换其他设备继续为患者注射对患者进行体征监测未对患者造成严重不良影响未达到严重伤害的定义危及生命导致机体功能的永久性伤害或者机体结构的永久性损伤以及需采取医疗措施才能避免上述永久性伤害或者损伤因此我司建议将伤害程序修改为其他1发现注射药物异常后立即更换其他设备为患者注射未对人体造成严重伤害2由于该设备已使用近12年处于超期使用状态长期使用导致压柄老化损伤无法正常识别注射器从而导致流速异常
1264102292024001637,其他,[CLS]null[SEP]无[SEP]患者使用微量泵静脉泵入09氯化钠注射液50ml注射用生长抑素15mg组泵液开始时间为202407300057结束时间应为1057实际结束时间为1020中间相差半小时左右[SEP],null,无,患者使用微量泵静脉泵入09氯化钠注射液50ml注射用生长抑素15mg组泵液开始时间为202407300057结束时间应为1057实际结束时间为1020中间相差半小时左右,产品原因（包括说明书等）,产品走速过快,null,[CLS]null[SEP]无[SEP]患者使用微量泵静脉泵入09氯化钠注射液50ml注射用生长抑素15mg组泵液开始时间为202407300057结束时间应为1057实际结束时间为1020中间相差半小时左右[SEP],无,患者使用微量泵静脉泵入09氯化钠注射液50ml注射用生长抑素15mg组泵液开始时间为202407300057结束时间应为1057实际结束时间为1020中间相差半小时左右,由于医院长期未进行注射器校准设备内存储的注射器参数与实际上泵的注射器参数不一致设备无法正常控制注射器管路内的液体流速导致实际流速与设定流速不一致
1386205042025000350,其他,[CLS]无[SEP]悬挂机壳后方装置螺杆滑丝[SEP]使用时发下机壳后盖悬挂装置损毁[SEP],无,悬挂机壳后方装置螺杆滑丝,使用时发下机壳后盖悬挂装置损毁,产品原因（包括说明书等）,螺杆老化滑丝,无,[CLS]无[SEP]悬挂机壳后方装置螺杆滑丝[SEP]使用时发下机壳后盖悬挂装置损毁[SEP],悬挂机壳后方装置螺杆滑丝,使用时发下机壳后盖悬挂装置损毁,临床使用时频繁拧动紧固夹螺杆固定设备螺纹出现磨损当频繁斜向用力时导致紧固夹螺杆脱丝螺纹与轨道错位从而无法正常拧动螺杆固定设备
1151511032025000161,其他,[CLS]null[SEP]D101103_电池模式失效[SEP]20250521发现注射泵仅可在交流电情况下使用切断交流电设备自动关机电池无法供电及时联系第三方进行维修[SEP],null,D101103_电池模式失效,20250521发现注射泵仅可在交流电情况下使用切断交流电设备自动关机电池无法供电及时联系第三方进行维修,产品原因（包括说明书等）,性能功能故障可能是电池老化所致,null,[CLS]null[SEP]D101103_电池模式失效[SEP]20250521发现注射泵仅可在交流电情况下使用切断交流电设备自动关机电池无法供电及时联系第三方进行维修[SEP],D101103_电池模式失效,20250521发现注射泵仅可在交流电情况下使用切断交流电设备自动关机电池无法供电及时联系第三方进行维修,在正常使用与维护情况下电池使用寿命约为3年而该设备电池已使用9年电池频繁充放电导致老化故障无法蓄电
1253717032025000401,其他,[CLS]无[SEP]D1022_电器件问题[SEP]2025年5月8号科室检查设备时发现启动键不灵报设备科维修维修人员现场检查启动键时管时不管判断微动开关坏没有对患者造成不利影响[SEP],无,D1022_电器件问题,2025年5月8号科室检查设备时发现启动键不灵报设备科维修维修人员现场检查启动键时管时不管判断微动开关坏没有对患者造成不利影响,产品原因（包括说明书等）,现场检查按键不灵是微动开关坏,无,[CLS]无[SEP]D1022_电器件问题[SEP]2025年5月8号科室检查设备时发现启动键不灵报设备科维修维修人员现场检查启动键时管时不管判断微动开关坏没有对患者造成不利影响[SEP],D1022_电器件问题,2025年5月8号科室检查设备时发现启动键不灵报设备科维修维修人员现场检查启动键时管时不管判断微动开关坏没有对患者造成不利影响,由于该设备已使用近9年处于超期使用状态长期临床使用导致按键老化无法正常使用
1253717032025000422,其他,[CLS]无[SEP]注射泵拉杆无法启动无法推注药液[SEP]2025年5月20日呼吸内二科医护人员在为病人泵入血管活性药物时屏幕显示运行但推杆无法推动药液启动快进键仍无法推动药液立即更换备用注射泵因处理及时未对患者造成不良影响报修至器械科维修[SEP],无,注射泵拉杆无法启动无法推注药液,2025年5月20日呼吸内二科医护人员在为病人泵入血管活性药物时屏幕显示运行但推杆无法推动药液启动快进键仍无法推动药液立即更换备用注射泵因处理及时未对患者造成不良影响报修至器械科维修,无法确定,仪器老化电路板损坏启动推杆系统损坏,无,[CLS]无[SEP]注射泵拉杆无法启动无法推注药液[SEP]2025年5月20日呼吸内二科医护人员在为病人泵入血管活性药物时屏幕显示运行但推杆无法推动药液启动快进键仍无法推动药液立即更换备用注射泵因处理及时未对患者造成不良影响报修至器械科维修[SEP],注射泵拉杆无法启动无法推注药液,2025年5月20日呼吸内二科医护人员在为病人泵入血管活性药物时屏幕显示运行但推杆无法推动药液启动快进键仍无法推动药液立即更换备用注射泵因处理及时未对患者造成不良影响报修至器械科维修,该设备已使用近14年长期临床使用频繁推拉拉杆拉杆老化变形导致无法正常推注
1386205042025000285,其他,[CLS]开机报系统故障[SEP]开机报系统故障压力传感器数值异常[SEP]临床反应开机报系统故障压力传感器数值异常无法正常工作报修[SEP],开机报系统故障,开机报系统故障压力传感器数值异常,临床反应开机报系统故障压力传感器数值异常无法正常工作报修,产品原因（包括说明书等）,开机报系统故障压力传感器数值异常,开机报系统故障,[CLS]开机报系统故障[SEP]开机报系统故障压力传感器数值异常[SEP]临床反应开机报系统故障压力传感器数值异常无法正常工作报修[SEP],开机报系统故障压力传感器数值异常,临床反应开机报系统故障压力传感器数值异常无法正常工作报修,分析故障发生的原因可能为在临床搬动与转运过程中设备受到跌宕震动导致内部压力传感器插头松动压力值信号传输异常造成报警
1162112062025000046,其他,[CLS]不能及时泵入药物影响治疗[SEP]注射泵速度调到2mlh10秒后速度自动变成1mlh[SEP]患者诊断二型糖尿病高血压该患者于2025年5月18日入院收治于内分泌科遵医嘱使用注射泵泵入胰岛素治疗将数值调至2mlh启动后10秒机器报警屏幕显示速度为1mlh重启后仍出现上述情况更换新的注射泵后使用正常[SEP],不能及时泵入药物影响治疗,注射泵速度调到2mlh10秒后速度自动变成1mlh,患者诊断二型糖尿病高血压该患者于2025年5月18日入院收治于内分泌科遵医嘱使用注射泵泵入胰岛素治疗将数值调至2mlh启动后10秒机器报警屏幕显示速度为1mlh重启后仍出现上述情况更换新的注射泵后使用正常,产品原因（包括说明书等）,可能由传感器故障导致,不能及时泵入药物影响治疗,[CLS]不能及时泵入药物影响治疗[SEP]注射泵速度调到2mlh10秒后速度自动变成1mlh[SEP]患者诊断二型糖尿病高血压该患者于2025年5月18日入院收治于内分泌科遵医嘱使用注射泵泵入胰岛素治疗将数值调至2mlh启动后10秒机器报警屏幕显示速度为1mlh重启后仍出现上述情况更换新的注射泵后使用正常[SEP],注射泵速度调到2mlh10秒后速度自动变成1mlh,患者诊断二型糖尿病高血压该患者于2025年5月18日入院收治于内分泌科遵医嘱使用注射泵泵入胰岛素治疗将数值调至2mlh启动后10秒机器报警屏幕显示速度为1mlh重启后仍出现上述情况更换新的注射泵后使用正常,分析故障发生原因可能为操作人员在设置预置量时未清除累积量当累积量即将等于预置量时正常报警注射完成后以1mlh流速注射防止血液回流最终导致实际注射液量未达到预期值
1274204002025000345,其他,[CLS]无[SEP]D1201_设备或部件脱离[SEP]2025年5月27日护士使用注射泵对患者进行恒速静脉输注药液设备开机自检时发现固定注射器的卡扣及卡座断掉脱落设备无法工作微量泵不能正常工作护士重新更换一台注射泵使用并将该情况上报设备科维修[SEP],无,D1201_设备或部件脱离,2025年5月27日护士使用注射泵对患者进行恒速静脉输注药液设备开机自检时发现固定注射器的卡扣及卡座断掉脱落设备无法工作微量泵不能正常工作护士重新更换一台注射泵使用并将该情况上报设备科维修,产品原因（包括说明书等）,固定注射器的卡扣及卡座断掉脱落设备无法工作,无,[CLS]无[SEP]D1201_设备或部件脱离[SEP]2025年5月27日护士使用注射泵对患者进行恒速静脉输注药液设备开机自检时发现固定注射器的卡扣及卡座断掉脱落设备无法工作微量泵不能正常工作护士重新更换一台注射泵使用并将该情况上报设备科维修[SEP],D1201_设备或部件脱离,2025年5月27日护士使用注射泵对患者进行恒速静脉输注药液设备开机自检时发现固定注射器的卡扣及卡座断掉脱落设备无法工作微量泵不能正常工作护士重新更换一台注射泵使用并将该情况上报设备科维修,由于该设备已使用近12年处于超期使用状态前壳压柄合件因长期频繁推拉使用导致老化开裂无法固定注射器
1406501102025000066,严重伤害,[CLS]不能及时有效改善患者心脏功能[SEP]D0407_输注不足D080102_报警故障D080105_无报警声[SEP]患者主动脉瓣生物瓣膜置换术心脏表面临时起搏器植入术术后4道注射泵第一通道泵入血管活性药物多巴胺以5mlh泵入约1200左右护士巡视患者发现泵入药物未进入注射泵也未报警更换至第三通道可正常使用向家属解释并安抚患者返回护士站上报护士长联系设备科联系微量泵厂家进行维修[SEP],不能及时有效改善患者心脏功能,D0407_输注不足D080102_报警故障D080105_无报警声,患者主动脉瓣生物瓣膜置换术心脏表面临时起搏器植入术术后4道注射泵第一通道泵入血管活性药物多巴胺以5mlh泵入约1200左右护士巡视患者发现泵入药物未进入注射泵也未报警更换至第三通道可正常使用向家属解释并安抚患者返回护士站上报护士长联系设备科联系微量泵厂家进行维修,无法确定,无法确定,不能及时有效改善患者心脏功能,[CLS]不能及时有效改善患者心脏功能[SEP]D0407_输注不足D080102_报警故障D080105_无报警声[SEP]患者主动脉瓣生物瓣膜置换术心脏表面临时起搏器植入术术后4道注射泵第一通道泵入血管活性药物多巴胺以5mlh泵入约1200左右护士巡视患者发现泵入药物未进入注射泵也未报警更换至第三通道可正常使用向家属解释并安抚患者返回护士站上报护士长联系设备科联系微量泵厂家进行维修[SEP],D0407_输注不足D080102_报警故障D080105_无报警声,患者主动脉瓣生物瓣膜置换术心脏表面临时起搏器植入术术后4道注射泵第一通道泵入血管活性药物多巴胺以5mlh泵入约1200左右护士巡视患者发现泵入药物未进入注射泵也未报警更换至第三通道可正常使用向家属解释并安抚患者返回护士站上报护士长联系设备科联系微量泵厂家进行维修,1院方上报为严重伤害经调查因设备电池故障导致药物无法注入造成输液不及时发现后立即更换通道未对患者造成不良影响未达到严重伤害的定义危及生命导致机体功能的永久性伤害或者机体结构的永久性损伤以及需采取医疗措施才能避免上述永久性伤害或者损伤因此我司建议将伤害程序修改为其他2该设备为四通道一二通道共用一块电池三四通道共用另一块电池电池正常使用状态下低电量报警到电量耗尽不小于30分钟因该设备已使用11年多长期临床使用导致一通道电池蓄电性能严重下降电量低至报警阈值时迅速耗尽仅触发短暂报警后立即断电从而无法驱动电机工作以进行注射同时未能观察到报警信号
1253701012025000152,其他,[CLS]无[SEP]注射泵顶端卡扣损坏继续使用可能会导致注射器推进不顺容易造成液体计量不准[SEP]2025年05月02日1020我院手术室护士在对注射泵例行检查时发现该注射泵顶端卡扣损坏考虑到继续使用可能会导致注射器推进不顺容易造成液体计量不准遂立即上报设备科设备科人员拆卸后发现卡扣及内部齿轮均为注塑材质本身误差较大容易产生彼此之间的阻碍因此立即维修更换卡扣配件经设备科人员更换后故障解除后上报医疗器械不良事件[SEP],无,注射泵顶端卡扣损坏继续使用可能会导致注射器推进不顺容易造成液体计量不准,2025年05月02日1020我院手术室护士在对注射泵例行检查时发现该注射泵顶端卡扣损坏考虑到继续使用可能会导致注射器推进不顺容易造成液体计量不准遂立即上报设备科设备科人员拆卸后发现卡扣及内部齿轮均为注塑材质本身误差较大容易产生彼此之间的阻碍因此立即维修更换卡扣配件经设备科人员更换后故障解除后上报医疗器械不良事件,"产品原因（包括说明书等）,无法确定",注射泵卡扣损坏考虑为个别产品内部配件质量存在问题,无,[CLS]无[SEP]注射泵顶端卡扣损坏继续使用可能会导致注射器推进不顺容易造成液体计量不准[SEP]2025年05月02日1020我院手术室护士在对注射泵例行检查时发现该注射泵顶端卡扣损坏考虑到继续使用可能会导致注射器推进不顺容易造成液体计量不准遂立即上报设备科设备科人员拆卸后发现卡扣及内部齿轮均为注塑材质本身误差较大容易产生彼此之间的阻碍因此立即维修更换卡扣配件经设备科人员更换后故障解除后上报医疗器械不良事件[SEP],注射泵顶端卡扣损坏继续使用可能会导致注射器推进不顺容易造成液体计量不准,2025年05月02日1020我院手术室护士在对注射泵例行检查时发现该注射泵顶端卡扣损坏考虑到继续使用可能会导致注射器推进不顺容易造成液体计量不准遂立即上报设备科设备科人员拆卸后发现卡扣及内部齿轮均为注塑材质本身误差较大容易产生彼此之间的阻碍因此立即维修更换卡扣配件经设备科人员更换后故障解除后上报医疗器械不良事件,由于该设备处于超期使用状态长期临床使用频繁移动拉杆捏合捏柄导致推拉盒捏柄材质老化损伤无法精确控制拉杆移动从而造成注射计量的偏差
1274218022025000102,其他,[CLS]null[SEP]D1204_机械卡塞[SEP]2025年5月13日护士在使用注射泵时发现固定注射器的卡子拉不动不能连接注射器立即更换一台注射泵给患者使用[SEP],null,D1204_机械卡塞,2025年5月13日护士在使用注射泵时发现固定注射器的卡子拉不动不能连接注射器立即更换一台注射泵给患者使用,操作原因,检查发现固定注射器的卡塞内有污垢分析是导致夹子卡死的原因,null,[CLS]null[SEP]D1204_机械卡塞[SEP]2025年5月13日护士在使用注射泵时发现固定注射器的卡子拉不动不能连接注射器立即更换一台注射泵给患者使用[SEP],D1204_机械卡塞,2025年5月13日护士在使用注射泵时发现固定注射器的卡子拉不动不能连接注射器立即更换一台注射泵给患者使用,推拉盒左右夹为注射器尾端的固定结构经长期临床使用左右夹处因药液残留而出现卡塞导致捏柄无法正常捏合拉杆无法移动
1376104002025000196,其他,[CLS]延误治疗[SEP]泵速不准[SEP]2025年5月21日护士在使用注射泵为患者注射药物时发现注射泵泵速不准立即停止使用并更换设备联系医学装备部处理[SEP],延误治疗,泵速不准,2025年5月21日护士在使用注射泵为患者注射药物时发现注射泵泵速不准立即停止使用并更换设备联系医学装备部处理,产品原因（包括说明书等）,操作规范正确出现泵速不准的情况判定为产品自身原因,延误治疗,[CLS]延误治疗[SEP]泵速不准[SEP]2025年5月21日护士在使用注射泵为患者注射药物时发现注射泵泵速不准立即停止使用并更换设备联系医学装备部处理[SEP],泵速不准,2025年5月21日护士在使用注射泵为患者注射药物时发现注射泵泵速不准立即停止使用并更换设备联系医学装备部处理,医院长期未进行注射器校准设备内存储的注射器参数与实际注射器参数不一致导致实际流速与设定流不一致
1406501102025000062,其他,[CLS]影响患者使用[SEP]离合器故障异常停机[SEP]患者肠瘘患者由于病情需泵入氯化钾泵8mlh泵入泵入过程中出现离合故障上报护士长与设备科反馈问题通知设备工程师帮忙检修[SEP],影响患者使用,离合器故障异常停机,患者肠瘘患者由于病情需泵入氯化钾泵8mlh泵入泵入过程中出现离合故障上报护士长与设备科反馈问题通知设备工程师帮忙检修,无法确定,无法确定,影响患者使用,[CLS]影响患者使用[SEP]离合器故障异常停机[SEP]患者肠瘘患者由于病情需泵入氯化钾泵8mlh泵入泵入过程中出现离合故障上报护士长与设备科反馈问题通知设备工程师帮忙检修[SEP],离合器故障异常停机,患者肠瘘患者由于病情需泵入氯化钾泵8mlh泵入泵入过程中出现离合故障上报护士长与设备科反馈问题通知设备工程师帮忙检修,该设备已在医院使用10年多处于超期使用状态长期频繁的临床使用离合器老化故障电机动力无法传递至推杆从而无法控制推杆移动
1386204002025000866,其他,[CLS]科室在使用过程中发现注射泵下通道报警离合未闭[SEP]报警离合未闭[SEP]科室在使用过程中发现注射泵下通道报警离合未闭[SEP],科室在使用过程中发现注射泵下通道报警离合未闭,报警离合未闭,科室在使用过程中发现注射泵下通道报警离合未闭,无法确定,科室在使用过程中发现注射泵下通道报警离合未闭,科室在使用过程中发现注射泵下通道报警离合未闭,[CLS]科室在使用过程中发现注射泵下通道报警离合未闭[SEP]报警离合未闭[SEP]科室在使用过程中发现注射泵下通道报警离合未闭[SEP],报警离合未闭,科室在使用过程中发现注射泵下通道报警离合未闭,分析故障原因可能为生产过程中内部FPC线未固定牢固在临床搬运过程中产生晃动FPC线与周围电路板摩擦导致磨损而FPC线是负责传递离合检测信号损坏后造成检测信号中断从而发生报警
1386204002025000865,其他,[CLS]科室在使用时发现注射泵上通道报警系统6故障[SEP]报警系统6故障[SEP]科室在使用时发现注射泵上通道报警系统6故障[SEP],科室在使用时发现注射泵上通道报警系统6故障,报警系统6故障,科室在使用时发现注射泵上通道报警系统6故障,无法确定,科室在使用时发现注射泵上通道报警系统6故障,科室在使用时发现注射泵上通道报警系统6故障,[CLS]科室在使用时发现注射泵上通道报警系统6故障[SEP]报警系统6故障[SEP]科室在使用时发现注射泵上通道报警系统6故障[SEP],报警系统6故障,科室在使用时发现注射泵上通道报警系统6故障,设备已使用4年长期临床使用与转运导致压力传感器老化故障压力值无法检测从而引发系统报警
1376104002025000197,其他,[CLS]延误治疗[SEP]泵速不准[SEP]2025年5月27日护士在使用注射泵给患者注射药物时发现泵速不准立即停止使用并更换设备联系医学装备部处理[SEP],延误治疗,泵速不准,2025年5月27日护士在使用注射泵给患者注射药物时发现泵速不准立即停止使用并更换设备联系医学装备部处理,产品原因（包括说明书等）,操作规范正确出现泵速不准的情况判定为产品自身原因,延误治疗,[CLS]延误治疗[SEP]泵速不准[SEP]2025年5月27日护士在使用注射泵给患者注射药物时发现泵速不准立即停止使用并更换设备联系医学装备部处理[SEP],泵速不准,2025年5月27日护士在使用注射泵给患者注射药物时发现泵速不准立即停止使用并更换设备联系医学装备部处理,医院长期未进行注射器校准设备内存储的注射器参数与实际注射器参数不一致导致实际流速与设定流不一致
1376110012025000094,其他,[CLS]药物剂量不准确影响治疗工作[SEP]注射泵自动停止工作[SEP]护士长巡视病房发现注射泵处于静止状态立即询问其他护士并查看医嘱发现注射泵泵本应该在工作状态因未知原因自动停止故重新启动调整参数[SEP],药物剂量不准确影响治疗工作,注射泵自动停止工作,护士长巡视病房发现注射泵处于静止状态立即询问其他护士并查看医嘱发现注射泵泵本应该在工作状态因未知原因自动停止故重新启动调整参数,无法确定,产品机械问题停止护士操作不当,药物剂量不准确影响治疗工作,[CLS]药物剂量不准确影响治疗工作[SEP]注射泵自动停止工作[SEP]护士长巡视病房发现注射泵处于静止状态立即询问其他护士并查看医嘱发现注射泵泵本应该在工作状态因未知原因自动停止故重新启动调整参数[SEP],注射泵自动停止工作,护士长巡视病房发现注射泵处于静止状态立即询问其他护士并查看医嘱发现注射泵泵本应该在工作状态因未知原因自动停止故重新启动调整参数,由于临床使用人员操作失误参数设置错误非产品本身问题
1253715022025000159,其他,[CLS]无[SEP]D010301_操作失效[SEP]2025年4月16日心内三科护理人员准备使用威高注射泵进行输注时发现设备上面的那个通道按键失灵无法使用立即联系设备科进行维修[SEP],无,D010301_操作失效,2025年4月16日心内三科护理人员准备使用威高注射泵进行输注时发现设备上面的那个通道按键失灵无法使用立即联系设备科进行维修,产品原因（包括说明书等）,疑似产品质量缺陷,无,[CLS]无[SEP]D010301_操作失效[SEP]2025年4月16日心内三科护理人员准备使用威高注射泵进行输注时发现设备上面的那个通道按键失灵无法使用立即联系设备科进行维修[SEP],D010301_操作失效,2025年4月16日心内三科护理人员准备使用威高注射泵进行输注时发现设备上面的那个通道按键失灵无法使用立即联系设备科进行维修,1因主控板与电源板之间的排线松动电源板无法稳定提供按键电路所需电压主控板检测不到按键触点的电平变化导致按键失灵2排线松动的原因可能为该设备已使用超过4年经长期的临床使用与转运设备受到震动与跌宕导致内部排线松动
1162101042025000072,其他,[CLS]无[SEP]注液泵注速度控制异常泵入药液过快[SEP]患者以于20250116以3ml小时速度泵入于930分巡视护士发现注射器仅剩15毫升液体立即停止泵入通知医生测量病人生命体征患者自述头疼生命体征平稳将注射泵及时更换送至器械科报修[SEP],无,注液泵注速度控制异常泵入药液过快,患者以于20250116以3ml小时速度泵入于930分巡视护士发现注射器仅剩15毫升液体立即停止泵入通知医生测量病人生命体征患者自述头疼生命体征平稳将注射泵及时更换送至器械科报修,产品原因（包括说明书等）,注液泵注速度控制异常泵入药液过快,无,[CLS]无[SEP]注液泵注速度控制异常泵入药液过快[SEP]患者以于20250116以3ml小时速度泵入于930分巡视护士发现注射器仅剩15毫升液体立即停止泵入通知医生测量病人生命体征患者自述头疼生命体征平稳将注射泵及时更换送至器械科报修[SEP],注液泵注速度控制异常泵入药液过快,患者以于20250116以3ml小时速度泵入于930分巡视护士发现注射器仅剩15毫升液体立即停止泵入通知医生测量病人生命体征患者自述头疼生命体征平稳将注射泵及时更换送至器械科报修,该设备已在医院使用9年多处于超期使用状态长期的临床使用压柄老化出现破损无法正常固定注射器导致传感器无法正确的识别注射器的规格和行程泵可能错误计算推进距离导致流速过快
1274201102025000110,其他,[CLS]null[SEP]D150507_自然磨损[SEP]20250411无病人使用时发现推泵不工作开机测试设备检测发现泵在工作推杆不动然后拆机检查发现推杆电机在工作推杆不动检查推杆发现推杆螺母滑丝不工作需要更换更换后设备正常使用[SEP],null,D150507_自然磨损,20250411无病人使用时发现推泵不工作开机测试设备检测发现泵在工作推杆不动然后拆机检查发现推杆电机在工作推杆不动检查推杆发现推杆螺母滑丝不工作需要更换更换后设备正常使用,无法确定,无法确定,null,[CLS]null[SEP]D150507_自然磨损[SEP]20250411无病人使用时发现推泵不工作开机测试设备检测发现泵在工作推杆不动然后拆机检查发现推杆电机在工作推杆不动检查推杆发现推杆螺母滑丝不工作需要更换更换后设备正常使用[SEP],D150507_自然磨损,20250411无病人使用时发现推泵不工作开机测试设备检测发现泵在工作推杆不动然后拆机检查发现推杆电机在工作推杆不动检查推杆发现推杆螺母滑丝不工作需要更换更换后设备正常使用,因该设备已使用近5年长期临床使用螺母频繁咬合丝杆导致磨损从而出现滑丝情况无法控制丝杆运动以进行药液推注
1264126152025000147,其他,[CLS]无伤害[SEP]开机无显示[SEP]患者使用前开机自检无任何反应更换其他注射泵给患者使用然后通知维修人员前来维修[SEP],无伤害,开机无显示,患者使用前开机自检无任何反应更换其他注射泵给患者使用然后通知维修人员前来维修,无法确定,设备不显示怀疑电源故障,无伤害,[CLS]无伤害[SEP]开机无显示[SEP]患者使用前开机自检无任何反应更换其他注射泵给患者使用然后通知维修人员前来维修[SEP],开机无显示,患者使用前开机自检无任何反应更换其他注射泵给患者使用然后通知维修人员前来维修,电源线损伤的原因可能为长期临床使用频繁拉扯弯折电源线导致电源线内部线缆损伤无法为设备供电
1253707122025000447,其他,[CLS]延误患者手术进程存在潜在风险[SEP]开机报错提示离合未闭[SEP]手术前准备注射泵使用时装入注射器后发现注射泵报警提示离合未闭遂停止使用该通道经判断为注射泵内部连线损坏无法接触导通[SEP],延误患者手术进程存在潜在风险,开机报错提示离合未闭,手术前准备注射泵使用时装入注射器后发现注射泵报警提示离合未闭遂停止使用该通道经判断为注射泵内部连线损坏无法接触导通,产品原因（包括说明书等）,经判断为注射泵内部连线损坏无法接触导通,延误患者手术进程存在潜在风险,[CLS]延误患者手术进程存在潜在风险[SEP]开机报错提示离合未闭[SEP]手术前准备注射泵使用时装入注射器后发现注射泵报警提示离合未闭遂停止使用该通道经判断为注射泵内部连线损坏无法接触导通[SEP],开机报错提示离合未闭,手术前准备注射泵使用时装入注射器后发现注射泵报警提示离合未闭遂停止使用该通道经判断为注射泵内部连线损坏无法接触导通,分析问题原因为生产过程中内部FPC线未固定牢固在临床搬运过程中产生晃动FPC线与周围电路板摩擦导致磨损而FPC线是负责传递离合检测信号损坏后造成检测信号中断从而发生报警
1376108082025000106,其他,[CLS]无伤害[SEP]注射器夹子断裂[SEP]20250507医务人员给患者使用完微量注射泵后护士取输液器时夹子断裂停止使用更换新的使用[SEP],无伤害,注射器夹子断裂,20250507医务人员给患者使用完微量注射泵后护士取输液器时夹子断裂停止使用更换新的使用,"产品原因（包括说明书等）,操作原因,无法确定",使用年限过长护士力量多大,无伤害,[CLS]无伤害[SEP]注射器夹子断裂[SEP]20250507医务人员给患者使用完微量注射泵后护士取输液器时夹子断裂停止使用更换新的使用[SEP],注射器夹子断裂,20250507医务人员给患者使用完微量注射泵后护士取输液器时夹子断裂停止使用更换新的使用,由于该设备已使用7年多处于超期使用状态长期临床使用频繁捏合捏柄导致捏柄材质老化开裂而捏柄是固定注射器推杆尾端的装置部件之一控制注射泵的注射器夹张开与闭合当其损伤后无法调节离合器位置导致该通道无法运行
1386204042025000109,其他,[CLS]对患者没有造成伤害[SEP]患者因为慢性心力衰竭需要给予注射泵辅助治疗在使用过程中出现报警器不报警故障更换另一注射泵人继续治疗未对患者造成影响联系设备科进行维修[SEP]患者因为慢性心力衰竭需要给予注射泵辅助治疗在使用过程中出现报警器不报警故障更换另一注射泵人继续治疗未对患者造成影响[SEP],对患者没有造成伤害,患者因为慢性心力衰竭需要给予注射泵辅助治疗在使用过程中出现报警器不报警故障更换另一注射泵人继续治疗未对患者造成影响联系设备科进行维修,患者因为慢性心力衰竭需要给予注射泵辅助治疗在使用过程中出现报警器不报警故障更换另一注射泵人继续治疗未对患者造成影响,产品原因（包括说明书等）,null,对患者没有造成伤害,[CLS]对患者没有造成伤害[SEP]患者因为慢性心力衰竭需要给予注射泵辅助治疗在使用过程中出现报警器不报警故障更换另一注射泵人继续治疗未对患者造成影响联系设备科进行维修[SEP]患者因为慢性心力衰竭需要给予注射泵辅助治疗在使用过程中出现报警器不报警故障更换另一注射泵人继续治疗未对患者造成影响[SEP],患者因为慢性心力衰竭需要给予注射泵辅助治疗在使用过程中出现报警器不报警故障更换另一注射泵人继续治疗未对患者造成影响联系设备科进行维修,患者因为慢性心力衰竭需要给予注射泵辅助治疗在使用过程中出现报警器不报警故障更换另一注射泵人继续治疗未对患者造成影响,该设备已在该院使用近10年长期临床使用导致喇叭内部电线焊接点氧化当频繁转运搬动设备时线束晃动导致焊点松动脱落无法正常导电发声
1386204042025000094,其他,[CLS]对患者没有造成伤害[SEP]2025年3月24日1010患者因心绞痛经过初步诊断治疗后遵医嘱使用注射泵静脉缓慢给药护士巡视病房发现注射泵提示堵塞但未有报警声音立即更换备用注射泵给患者注射液体未对患者造成影响联系设备科进行维修[SEP]2025年3月24日1010患者因心绞痛经过初步诊断治疗后遵医嘱使用注射泵静脉缓慢给药护士巡视病房发现注射泵提示堵塞但未有报警声音立即更换备用注射泵给患者注射液体未对患者造成影响联系设备科进行维修[SEP],对患者没有造成伤害,2025年3月24日1010患者因心绞痛经过初步诊断治疗后遵医嘱使用注射泵静脉缓慢给药护士巡视病房发现注射泵提示堵塞但未有报警声音立即更换备用注射泵给患者注射液体未对患者造成影响联系设备科进行维修,2025年3月24日1010患者因心绞痛经过初步诊断治疗后遵医嘱使用注射泵静脉缓慢给药护士巡视病房发现注射泵提示堵塞但未有报警声音立即更换备用注射泵给患者注射液体未对患者造成影响联系设备科进行维修,产品原因（包括说明书等）,威高注射泵的整体质量一般各种问题频发,对患者没有造成伤害,[CLS]对患者没有造成伤害[SEP]2025年3月24日1010患者因心绞痛经过初步诊断治疗后遵医嘱使用注射泵静脉缓慢给药护士巡视病房发现注射泵提示堵塞但未有报警声音立即更换备用注射泵给患者注射液体未对患者造成影响联系设备科进行维修[SEP]2025年3月24日1010患者因心绞痛经过初步诊断治疗后遵医嘱使用注射泵静脉缓慢给药护士巡视病房发现注射泵提示堵塞但未有报警声音立即更换备用注射泵给患者注射液体未对患者造成影响联系设备科进行维修[SEP],2025年3月24日1010患者因心绞痛经过初步诊断治疗后遵医嘱使用注射泵静脉缓慢给药护士巡视病房发现注射泵提示堵塞但未有报警声音立即更换备用注射泵给患者注射液体未对患者造成影响联系设备科进行维修,2025年3月24日1010患者因心绞痛经过初步诊断治疗后遵医嘱使用注射泵静脉缓慢给药护士巡视病房发现注射泵提示堵塞但未有报警声音立即更换备用注射泵给患者注射液体未对患者造成影响联系设备科进行维修,该设备已在该院使用近10年长期临床使用导致喇叭内部电线焊接点氧化当频繁转运搬动设备时线束晃动导致焊点松动脱落无法正常导电发声
1253711022025000146,其他,[CLS]未造成伤害[SEP]注射泵报警注射器未顶紧[SEP]20250416患者因溺水后丧失意识收入ICU于1300护士遵医嘱为患者进行青霉素皮试1320经观察皮试结果为阴性通知医生医生下医嘱5葡萄糖注射液哌拉西林他唑巴坦钠45g泵入q8h护士1600为患者泵入药物时注射泵报警注射器未顶紧经两名护士核实后发现注射器安装无问题电话通知设备科维修并立即对患者更换注射泵未造成伤害[SEP],未造成伤害,注射泵报警注射器未顶紧,20250416患者因溺水后丧失意识收入ICU于1300护士遵医嘱为患者进行青霉素皮试1320经观察皮试结果为阴性通知医生医生下医嘱5葡萄糖注射液哌拉西林他唑巴坦钠45g泵入q8h护士1600为患者泵入药物时注射泵报警注射器未顶紧经两名护士核实后发现注射器安装无问题电话通知设备科维修并立即对患者更换注射泵未造成伤害,产品原因（包括说明书等）,注射器推进传感器故障,未造成伤害,[CLS]未造成伤害[SEP]注射泵报警注射器未顶紧[SEP]20250416患者因溺水后丧失意识收入ICU于1300护士遵医嘱为患者进行青霉素皮试1320经观察皮试结果为阴性通知医生医生下医嘱5葡萄糖注射液哌拉西林他唑巴坦钠45g泵入q8h护士1600为患者泵入药物时注射泵报警注射器未顶紧经两名护士核实后发现注射器安装无问题电话通知设备科维修并立即对患者更换注射泵未造成伤害[SEP],注射泵报警注射器未顶紧,20250416患者因溺水后丧失意识收入ICU于1300护士遵医嘱为患者进行青霉素皮试1320经观察皮试结果为阴性通知医生医生下医嘱5葡萄糖注射液哌拉西林他唑巴坦钠45g泵入q8h护士1600为患者泵入药物时注射泵报警注射器未顶紧经两名护士核实后发现注射器安装无问题电话通知设备科维修并立即对患者更换注射泵未造成伤害,分析问题原因可能为生产过程中内部FPC线未固定牢固在临床搬运过程中产生晃动FPC线与周围电路板摩擦导致磨损而FPC线是负责传递离合检测信号损坏后造成检测信号中断从而发生报警
1182312002025000056,其他,[CLS]null[SEP]注射泵的传感器损坏[SEP]注射泵的传感器损坏[SEP],null,注射泵的传感器损坏,注射泵的传感器损坏,无法确定,设备使用频率过高维修后正常使用,null,[CLS]null[SEP]注射泵的传感器损坏[SEP]注射泵的传感器损坏[SEP],注射泵的传感器损坏,注射泵的传感器损坏,该设备已使用近12年在临床搬动与转运过程中设备受到跌宕震动导致内部压力传感器插头松动压力值信号传输异常造成报警
1253706002025000589,其他,[CLS]无[SEP]无法充电[SEP]护士给注射泵充电时发现无法正常充电[SEP],无,无法充电,护士给注射泵充电时发现无法正常充电,产品原因（包括说明书等）,电池故障,无,[CLS]无[SEP]无法充电[SEP]护士给注射泵充电时发现无法正常充电[SEP],无法充电,护士给注射泵充电时发现无法正常充电,在正常使用与维护情况下电池使用寿命约为3年而该设备电池已使用5年多电池频繁充放电导致老化故障无法蓄电
1253717072025000354,其他,[CLS]注射器内药物未往前推动[SEP]微量泵夹子松动[SEP]2025年3月25日病人需要泵入药物治疗泵入1小时后护士巡视病房发现生长抑素在注射器内刻度没有变化机子并未报警急给予更换微量泵重新泵入联系设备科维修检查发现注射泵夹子松动注射器内药物未往前推动维修后好转[SEP],注射器内药物未往前推动,微量泵夹子松动,2025年3月25日病人需要泵入药物治疗泵入1小时后护士巡视病房发现生长抑素在注射器内刻度没有变化机子并未报警急给予更换微量泵重新泵入联系设备科维修检查发现注射泵夹子松动注射器内药物未往前推动维修后好转,产品原因（包括说明书等）,微量泵夹子松动,注射器内药物未往前推动,[CLS]注射器内药物未往前推动[SEP]微量泵夹子松动[SEP]2025年3月25日病人需要泵入药物治疗泵入1小时后护士巡视病房发现生长抑素在注射器内刻度没有变化机子并未报警急给予更换微量泵重新泵入联系设备科维修检查发现注射泵夹子松动注射器内药物未往前推动维修后好转[SEP],微量泵夹子松动,2025年3月25日病人需要泵入药物治疗泵入1小时后护士巡视病房发现生长抑素在注射器内刻度没有变化机子并未报警急给予更换微量泵重新泵入联系设备科维修检查发现注射泵夹子松动注射器内药物未往前推动维修后好转,该设备已使用近5年长期临床使用频繁捏合捏柄调节离合器位置导致推拉盒内部的螺丝松动无法固定注射器末端以完成推注动作
1253701122025000179,其他,[CLS]不能泵入药物[SEP]按运行键不能正常工作[SEP]于2025470900应用输液泵泵入药物输液泵按键不能运行工作给更换另一台泵微量泵后药物正常应用未对患者造成不良影响[SEP],不能泵入药物,按运行键不能正常工作,于2025470900应用输液泵泵入药物输液泵按键不能运行工作给更换另一台泵微量泵后药物正常应用未对患者造成不良影响,产品原因（包括说明书等）,按运行键不能正常工作,不能泵入药物,[CLS]不能泵入药物[SEP]按运行键不能正常工作[SEP]于2025470900应用输液泵泵入药物输液泵按键不能运行工作给更换另一台泵微量泵后药物正常应用未对患者造成不良影响[SEP],按运行键不能正常工作,于2025470900应用输液泵泵入药物输液泵按键不能运行工作给更换另一台泵微量泵后药物正常应用未对患者造成不良影响,分析设备故障的原因可能是主控板上元器件存在虚焊情况当设备在临床转运过程中受到剧烈震动跌宕时主控板上元器件焊接处松脱按键按压时线路不通从而出现按键失灵的情况
1274218022025000089,其他,[CLS]null[SEP]D020208_推进失效D041204_泵停止工作[SEP]2025年4月18日护士准备使用注射泵时发现其中一个通道不能正常运行立即更换一台设备[SEP],null,D020208_推进失效D041204_泵停止工作,2025年4月18日护士准备使用注射泵时发现其中一个通道不能正常运行立即更换一台设备,产品原因（包括说明书等）,检查发现注射器夹子卡顿分析是导致该通道不能运行的原因,null,[CLS]null[SEP]D020208_推进失效D041204_泵停止工作[SEP]2025年4月18日护士准备使用注射泵时发现其中一个通道不能正常运行立即更换一台设备[SEP],D020208_推进失效D041204_泵停止工作,2025年4月18日护士准备使用注射泵时发现其中一个通道不能正常运行立即更换一台设备,由于该设备已使用11年多属于超期使用状态长期临床使用频繁捏合捏柄导致捏柄材质老化开裂而捏柄是固定注射器推杆尾端的装置部件之一控制注射泵的注射器夹张开与闭合当其损伤后无法调节离合器位置导致该通道无法运行
1121212002025000040,其他,[CLS]无[SEP]null[SEP]报错系统故障1无法使用此类设备几台发生过此故障[SEP],无,null,报错系统故障1无法使用此类设备几台发生过此故障,无法确定,报错系统故障1无法使用此类设备几台发生过此故障,无,[CLS]无[SEP]null[SEP]报错系统故障1无法使用此类设备几台发生过此故障[SEP],null,报错系统故障1无法使用此类设备几台发生过此故障,经分析该注射泵在特定软件版本下可能因系统对极端低流速信号的解析逻辑未完全适配硬件参数导致触发非必要的报警提示
1386204042025000093,其他,[CLS]对患者没有造成伤害[SEP]患者因脑梗死需进行溶栓治疗于2025年04月07日1100遵医使用注射泵静脉慢给药在使用过程中注射泵出现感应器不灵敏立即更换注射泵为患者给药未对患者造成影响联系设备科进行维修[SEP]患者因脑梗死需进行溶栓治疗于2025年04月07日1100遵医使用注射泵静脉慢给药在使用过程中注射泵出现感应器不灵敏立即更换注射泵为患者给药未对患者造成影响联系设备科进行维修[SEP],对患者没有造成伤害,患者因脑梗死需进行溶栓治疗于2025年04月07日1100遵医使用注射泵静脉慢给药在使用过程中注射泵出现感应器不灵敏立即更换注射泵为患者给药未对患者造成影响联系设备科进行维修,患者因脑梗死需进行溶栓治疗于2025年04月07日1100遵医使用注射泵静脉慢给药在使用过程中注射泵出现感应器不灵敏立即更换注射泵为患者给药未对患者造成影响联系设备科进行维修,产品原因（包括说明书等）,威高的注射泵频繁出现类似的故障,对患者没有造成伤害,[CLS]对患者没有造成伤害[SEP]患者因脑梗死需进行溶栓治疗于2025年04月07日1100遵医使用注射泵静脉慢给药在使用过程中注射泵出现感应器不灵敏立即更换注射泵为患者给药未对患者造成影响联系设备科进行维修[SEP]患者因脑梗死需进行溶栓治疗于2025年04月07日1100遵医使用注射泵静脉慢给药在使用过程中注射泵出现感应器不灵敏立即更换注射泵为患者给药未对患者造成影响联系设备科进行维修[SEP],患者因脑梗死需进行溶栓治疗于2025年04月07日1100遵医使用注射泵静脉慢给药在使用过程中注射泵出现感应器不灵敏立即更换注射泵为患者给药未对患者造成影响联系设备科进行维修,患者因脑梗死需进行溶栓治疗于2025年04月07日1100遵医使用注射泵静脉慢给药在使用过程中注射泵出现感应器不灵敏立即更换注射泵为患者给药未对患者造成影响联系设备科进行维修,该设备已使用近10年在临床搬动与转运过程中设备受到跌宕震动导致内部压力传感器插头松动压力值信号传输异常造成报警
1253711042025000142,其他,[CLS]药物注射结束后未进行报警提示存在一定的医疗风险[SEP]D1207_机械故障[SEP]2025年3月22日患者李士爱因胸痛急性冠脉综合症入院治疗使用该设备进行药物注射结束后该设备未进行报警提示未及时撤下设备对药物注射患者存在一定的医疗隐患发生这种情况后科室工作人员立即将设备撤下并报修工程师[SEP],药物注射结束后未进行报警提示存在一定的医疗风险,D1207_机械故障,2025年3月22日患者李士爱因胸痛急性冠脉综合症入院治疗使用该设备进行药物注射结束后该设备未进行报警提示未及时撤下设备对药物注射患者存在一定的医疗隐患发生这种情况后科室工作人员立即将设备撤下并报修工程师,产品原因（包括说明书等）,经工程师现场维修判定该设备喇叭故障导致了设备未报警提示发生,药物注射结束后未进行报警提示存在一定的医疗风险,[CLS]药物注射结束后未进行报警提示存在一定的医疗风险[SEP]D1207_机械故障[SEP]2025年3月22日患者李士爱因胸痛急性冠脉综合症入院治疗使用该设备进行药物注射结束后该设备未进行报警提示未及时撤下设备对药物注射患者存在一定的医疗隐患发生这种情况后科室工作人员立即将设备撤下并报修工程师[SEP],D1207_机械故障,2025年3月22日患者李士爱因胸痛急性冠脉综合症入院治疗使用该设备进行药物注射结束后该设备未进行报警提示未及时撤下设备对药物注射患者存在一定的医疗隐患发生这种情况后科室工作人员立即将设备撤下并报修工程师,设备喇叭内部线缆存在虚焊的情况在转运搬动设备过程中线束晃动可能导致焊点松动脱落无法正常导电发声
1376104002025000171,其他,[CLS]延误治疗[SEP]压板断裂导致泵速不准[SEP]2025年4月18日护士在使用注射泵为患者输液时发现泵速不准立即停止使用并更换设备上报医学装备部处理[SEP],延误治疗,压板断裂导致泵速不准,2025年4月18日护士在使用注射泵为患者输液时发现泵速不准立即停止使用并更换设备上报医学装备部处理,产品原因（包括说明书等）,操作规范正确出现压板断裂导致泵速不准的情况判定为产品自身原因,延误治疗,[CLS]延误治疗[SEP]压板断裂导致泵速不准[SEP]2025年4月18日护士在使用注射泵为患者输液时发现泵速不准立即停止使用并更换设备上报医学装备部处理[SEP],压板断裂导致泵速不准,2025年4月18日护士在使用注射泵为患者输液时发现泵速不准立即停止使用并更换设备上报医学装备部处理,该设备处于超期5年使用状态长期临床使用压柄导向柱材质老化开裂无法正常固定注射器导致流速不准
1406545002025000694,严重伤害,[CLS]未及时按药量给药[SEP]D080102_报警故障[SEP]给重症胰腺炎患者持续给予奥曲肽泵入注射泵未按剂量给予泵入设备未报警[SEP],未及时按药量给药,D080102_报警故障,给重症胰腺炎患者持续给予奥曲肽泵入注射泵未按剂量给予泵入设备未报警,产品原因（包括说明书等）,质量问题,未及时按药量给药,[CLS]未及时按药量给药[SEP]D080102_报警故障[SEP]给重症胰腺炎患者持续给予奥曲肽泵入注射泵未按剂量给予泵入设备未报警[SEP],D080102_报警故障,给重症胰腺炎患者持续给予奥曲肽泵入注射泵未按剂量给予泵入设备未报警,1院方上报为严重伤害经调查在发现设备流速不准后科室立即更换其他设备继续为患者注射对患者进行体征监测未对患者造成严重不良影响未达到严重伤害的定义危及生命导致机体功能的永久性伤害或者机体结构的永久性损伤以及需采取医疗措施才能避免上述永久性伤害或者损伤因此我司建议将伤害程序修改为其他2该设备已超使用期限且长期未进行注射器校准设备内存储的注射器参数与实际上泵的注射器参数不一致设备无法正常控制注射器管路内的液体流速导致实际流速与设定流速不一致误差不在允许范围内
1253701122025000141,其他,[CLS]无法注射药物[SEP]拉杆断裂[SEP]2025年3月25日0852科室给予患者注射泵注射药物过程中设备拉杆断裂未对患者造成影响[SEP],无法注射药物,拉杆断裂,2025年3月25日0852科室给予患者注射泵注射药物过程中设备拉杆断裂未对患者造成影响,"无法确定,产品原因（包括说明书等）",设备管理部工程师接报修后到达科室对设备进行检查需更换拉杆,无法注射药物,[CLS]无法注射药物[SEP]拉杆断裂[SEP]2025年3月25日0852科室给予患者注射泵注射药物过程中设备拉杆断裂未对患者造成影响[SEP],拉杆断裂,2025年3月25日0852科室给予患者注射泵注射药物过程中设备拉杆断裂未对患者造成影响,1院方上报为严重伤害经调查设备空心轴套管破损无法完成推注立即更换其他设备继续为患者使用未达到严重伤害的定义危及生命导致机体功能的永久性伤害或者机体结构的永久性损伤以及需采取医疗措施才能避免上述永久性伤害或者损伤因此我司建议将伤害程序修改为其他2设备已经使用11年长期临床使用导致空心轴组件老化开裂拉杆无法推注
1253704062025000363,其他,[CLS]无[SEP]无法使用[SEP]患者心脏手术术后遵医嘱给予患者多巴胺持续静脉泵入微量泵无法使用微量泵屏幕报系统故障无法使用给予患者更换微量泵故障微量泵关机重启也无法使用送器械科维修[SEP],无,无法使用,患者心脏手术术后遵医嘱给予患者多巴胺持续静脉泵入微量泵无法使用微量泵屏幕报系统故障无法使用给予患者更换微量泵故障微量泵关机重启也无法使用送器械科维修,"产品原因（包括说明书等）,无法确定",微量泵屏幕报系统故障不能使用具体原因不明,无,[CLS]无[SEP]无法使用[SEP]患者心脏手术术后遵医嘱给予患者多巴胺持续静脉泵入微量泵无法使用微量泵屏幕报系统故障无法使用给予患者更换微量泵故障微量泵关机重启也无法使用送器械科维修[SEP],无法使用,患者心脏手术术后遵医嘱给予患者多巴胺持续静脉泵入微量泵无法使用微量泵屏幕报系统故障无法使用给予患者更换微量泵故障微量泵关机重启也无法使用送器械科维修,该设备使用近5年临床频繁地搬动与转运设备受到跌宕震动可能导致内部压力传感器排线松动压力值信号传输异常从而造成报警
1253717062025000126,其他,[CLS]无[SEP]报警无法关机[SEP]责任护士于2025年3月23日遵医嘱为患者做药物注射工作正常开机使用一段时间过后设备报警黄灯闪烁无法消除且关机键无法关机立即停用更换顺利完成药物注射工作联系工程师维修给患者家属做好解释工作未造成进一步不良影响[SEP],无,报警无法关机,责任护士于2025年3月23日遵医嘱为患者做药物注射工作正常开机使用一段时间过后设备报警黄灯闪烁无法消除且关机键无法关机立即停用更换顺利完成药物注射工作联系工程师维修给患者家属做好解释工作未造成进一步不良影响,产品原因（包括说明书等）,设备故障,无,[CLS]无[SEP]报警无法关机[SEP]责任护士于2025年3月23日遵医嘱为患者做药物注射工作正常开机使用一段时间过后设备报警黄灯闪烁无法消除且关机键无法关机立即停用更换顺利完成药物注射工作联系工程师维修给患者家属做好解释工作未造成进一步不良影响[SEP],报警无法关机,责任护士于2025年3月23日遵医嘱为患者做药物注射工作正常开机使用一段时间过后设备报警黄灯闪烁无法消除且关机键无法关机立即停用更换顺利完成药物注射工作联系工程师维修给患者家属做好解释工作未造成进一步不良影响,1该设备已使用超过5年长期临床搬运过程中产生晃动FPC线与周围电路板摩擦导致磨损而FPC线是负责传递离合检测信号损坏后造成检测信号中断从而发生报警2经拆机检查开关机键与主控板间缝隙内附着大量药液干粉分析为临床使用过程中不慎将药液洒在设备上未及时清理药液渗入干涸后药液干粉附着在启动键和主控板间导致开关机键失灵
1376104002025000131,其他,[CLS]延误治疗[SEP]泵速不准[SEP]2025年3月24日上午护士在使用注射泵向患者精准注射药物时发现泵速不准立即停止使用并更换设备联系设备科处理[SEP],延误治疗,泵速不准,2025年3月24日上午护士在使用注射泵向患者精准注射药物时发现泵速不准立即停止使用并更换设备联系设备科处理,产品原因（包括说明书等）,操作规范正确出现泵速不准的情况判定为产品自身原因,延误治疗,[CLS]延误治疗[SEP]泵速不准[SEP]2025年3月24日上午护士在使用注射泵向患者精准注射药物时发现泵速不准立即停止使用并更换设备联系设备科处理[SEP],泵速不准,2025年3月24日上午护士在使用注射泵向患者精准注射药物时发现泵速不准立即停止使用并更换设备联系设备科处理,由于医院长期未进行注射器校准设备内存储的注射器参数与实际上泵的注射器参数不一致设备无法正常控制注射器管路内的液体流速导致实际流速与设定流速不一致
1274204002025000217,其他,[CLS]无[SEP]D1201_设备或部件脱离[SEP]2025年4月3日护士使用注射泵对患者进行恒速静脉输注药液设备开机自检时发现固定注射器的捏柄及推拉盒断掉脱落设备无法正常工作护士重新更换一台注射泵使用并将该情况上报设备科维修[SEP],无,D1201_设备或部件脱离,2025年4月3日护士使用注射泵对患者进行恒速静脉输注药液设备开机自检时发现固定注射器的捏柄及推拉盒断掉脱落设备无法正常工作护士重新更换一台注射泵使用并将该情况上报设备科维修,产品原因（包括说明书等）,固定注射器的捏柄及推拉盒断掉脱落设备无法工作,无,[CLS]无[SEP]D1201_设备或部件脱离[SEP]2025年4月3日护士使用注射泵对患者进行恒速静脉输注药液设备开机自检时发现固定注射器的捏柄及推拉盒断掉脱落设备无法正常工作护士重新更换一台注射泵使用并将该情况上报设备科维修[SEP],D1201_设备或部件脱离,2025年4月3日护士使用注射泵对患者进行恒速静脉输注药液设备开机自检时发现固定注射器的捏柄及推拉盒断掉脱落设备无法正常工作护士重新更换一台注射泵使用并将该情况上报设备科维修,设备已经使用近12年处于超期使用状态长期临床频繁捏合捏柄和推拉导致捏柄与推拉盒老化损伤从而无法固定注射器
1274204002025000218,其他,[CLS]无[SEP]D1201_设备或部件脱离[SEP]2025年4月3日护士使用注射泵对患者进行恒速静脉输注药液设备开机自检时发现固定注射器的捏柄及推拉盒断掉脱落设备无法正常工作护士重新更换一台注射泵使用并将该情况上报设备科维修[SEP],无,D1201_设备或部件脱离,2025年4月3日护士使用注射泵对患者进行恒速静脉输注药液设备开机自检时发现固定注射器的捏柄及推拉盒断掉脱落设备无法正常工作护士重新更换一台注射泵使用并将该情况上报设备科维修,产品原因（包括说明书等）,固定注射器的捏柄及推拉盒断掉脱落设备无法工作,无,[CLS]无[SEP]D1201_设备或部件脱离[SEP]2025年4月3日护士使用注射泵对患者进行恒速静脉输注药液设备开机自检时发现固定注射器的捏柄及推拉盒断掉脱落设备无法正常工作护士重新更换一台注射泵使用并将该情况上报设备科维修[SEP],D1201_设备或部件脱离,2025年4月3日护士使用注射泵对患者进行恒速静脉输注药液设备开机自检时发现固定注射器的捏柄及推拉盒断掉脱落设备无法正常工作护士重新更换一台注射泵使用并将该情况上报设备科维修,设备已经使用近12年处于超寿命期使用状态长期临床使用导致捏柄推拉盒老化损伤造成离合位置无法调节
1406545002025000247,其他,[CLS]无[SEP]D040301_自动注入失效[SEP]给患者输注药物注射泵显示运行正常实际液体未输注[SEP],无,D040301_自动注入失效,给患者输注药物注射泵显示运行正常实际液体未输注,产品原因（包括说明书等）,质量问题,无,[CLS]无[SEP]D040301_自动注入失效[SEP]给患者输注药物注射泵显示运行正常实际液体未输注[SEP],D040301_自动注入失效,给患者输注药物注射泵显示运行正常实际液体未输注,由于该设备已使用12年多处于超期使用状态长期临床使用压力传感器老化故障当注射器延长管管路弯折造成阻塞时设备无法准确监测压力值从而未发出报警
1151527032025000026,其他,[CLS]未造成伤害[SEP]D0101_故障提示[SEP]2025年3月25日患者赵成树因慢性阻塞性肺部疾病到达拉特旗人民医院呼吸内科入院治疗医生为患者进行药物输注治疗当班护士进行注射泵输液设定完毕进行输注药物输注过程中注射泵报错提示遗忘立即更换另一台注射泵继续为患者进行药物输注同时通知医学工程科工程师到现场查看工程师无法确定原因与厂家工程师沟通将设备进行返厂检测维修[SEP],未造成伤害,D0101_故障提示,2025年3月25日患者赵成树因慢性阻塞性肺部疾病到达拉特旗人民医院呼吸内科入院治疗医生为患者进行药物输注治疗当班护士进行注射泵输液设定完毕进行输注药物输注过程中注射泵报错提示遗忘立即更换另一台注射泵继续为患者进行药物输注同时通知医学工程科工程师到现场查看工程师无法确定原因与厂家工程师沟通将设备进行返厂检测维修,无法确定,坑是产品内部线路原因返厂进行检查,未造成伤害,[CLS]未造成伤害[SEP]D0101_故障提示[SEP]2025年3月25日患者赵成树因慢性阻塞性肺部疾病到达拉特旗人民医院呼吸内科入院治疗医生为患者进行药物输注治疗当班护士进行注射泵输液设定完毕进行输注药物输注过程中注射泵报错提示遗忘立即更换另一台注射泵继续为患者进行药物输注同时通知医学工程科工程师到现场查看工程师无法确定原因与厂家工程师沟通将设备进行返厂检测维修[SEP],D0101_故障提示,2025年3月25日患者赵成树因慢性阻塞性肺部疾病到达拉特旗人民医院呼吸内科入院治疗医生为患者进行药物输注治疗当班护士进行注射泵输液设定完毕进行输注药物输注过程中注射泵报错提示遗忘立即更换另一台注射泵继续为患者进行药物输注同时通知医学工程科工程师到现场查看工程师无法确定原因与厂家工程师沟通将设备进行返厂检测维修,经分析为该设备的喇叭内部电线焊接点虚焊在转运设备过程中震动导致焊点松动脱落无法正常导电发声
1406528112025000040,其他,[CLS]设备故障导致科室注射泵短缺给工作人员带来不便[SEP]屏幕显示报错异常2[SEP]2025年4月7日呼吸科护士准备使用注射泵连接注射器时注射泵报警显示报错异常2无法正常使用联系设备科工程师设备科工程师到现场也无法判断故障原因取回维修室待维修[SEP],设备故障导致科室注射泵短缺给工作人员带来不便,屏幕显示报错异常2,2025年4月7日呼吸科护士准备使用注射泵连接注射器时注射泵报警显示报错异常2无法正常使用联系设备科工程师设备科工程师到现场也无法判断故障原因取回维修室待维修,无法确定,无法确定,设备故障导致科室注射泵短缺给工作人员带来不便,[CLS]设备故障导致科室注射泵短缺给工作人员带来不便[SEP]屏幕显示报错异常2[SEP]2025年4月7日呼吸科护士准备使用注射泵连接注射器时注射泵报警显示报错异常2无法正常使用联系设备科工程师设备科工程师到现场也无法判断故障原因取回维修室待维修[SEP],屏幕显示报错异常2,2025年4月7日呼吸科护士准备使用注射泵连接注射器时注射泵报警显示报错异常2无法正常使用联系设备科工程师设备科工程师到现场也无法判断故障原因取回维修室待维修,该设备已超使用期限在长期临床使用过程中频繁搬动与转运可能导致主控板与电源板连接线插头松动信号传输失效从而发出异常报警
1406501102025000032,其他,[CLS]影响患者使用[SEP]D101203_充电失效[SEP]患者尘肺并肺部感染携用物至床旁进行硝酸甘油5g微量泵注射时发现微量泵显示充电故障进行处理后仍无法使用安抚患者给予更换微量泵返回护士站上报护士长联系设备科进行维修[SEP],影响患者使用,D101203_充电失效,患者尘肺并肺部感染携用物至床旁进行硝酸甘油5g微量泵注射时发现微量泵显示充电故障进行处理后仍无法使用安抚患者给予更换微量泵返回护士站上报护士长联系设备科进行维修,无法确定,无法确定,影响患者使用,[CLS]影响患者使用[SEP]D101203_充电失效[SEP]患者尘肺并肺部感染携用物至床旁进行硝酸甘油5g微量泵注射时发现微量泵显示充电故障进行处理后仍无法使用安抚患者给予更换微量泵返回护士站上报护士长联系设备科进行维修[SEP],D101203_充电失效,患者尘肺并肺部感染携用物至床旁进行硝酸甘油5g微量泵注射时发现微量泵显示充电故障进行处理后仍无法使用安抚患者给予更换微量泵返回护士站上报护士长联系设备科进行维修,因该设备已过使用寿命期长期临床使用电源板上元器件的焊接点发生氧化脱焊从而无法正常为设备供电
1203201002025001181,严重伤害,[CLS]M2129_脱位[SEP]D010302_按键故障[SEP]推拉干故障[SEP],M2129_脱位,D010302_按键故障,推拉干故障,产品原因（包括说明书等）,推拉干损坏无法使用,M2129_脱位,[CLS]M2129_脱位[SEP]D010302_按键故障[SEP]推拉干故障[SEP],D010302_按键故障,推拉干故障,1院方上报为严重伤害经调查因设备发生跌落导致部件损伤无法按计划完成注射未达到严重伤害的定义危及生命导致机体功能的永久性伤害或者机体结构的永久性损伤以及需采取医疗措施才能避免上述永久性伤害或者损伤因此我司建议将伤害程序修改为其他2此故障的直接原因为科室人员在搬动设备时发生跌落造成部件损坏
1253718022025000112,其他,[CLS]未造成伤害[SEP]注射泵2通道报警系统故障[SEP]患者姜开军因言语不利伴肢体活动不灵3小时门诊以脑动脉瘤破裂伴蛛网膜下腔出血于2月17日1232入院遵医嘱给予乌拉地尔药物治疗使用威高注射泵于2025年2月25日注射泵2通道报警显示系统故障[SEP],未造成伤害,注射泵2通道报警系统故障,患者姜开军因言语不利伴肢体活动不灵3小时门诊以脑动脉瘤破裂伴蛛网膜下腔出血于2月17日1232入院遵医嘱给予乌拉地尔药物治疗使用威高注射泵于2025年2月25日注射泵2通道报警显示系统故障,"产品原因（包括说明书等）,无法确定",注射泵2通道报警显示系统故障,未造成伤害,[CLS]未造成伤害[SEP]注射泵2通道报警系统故障[SEP]患者姜开军因言语不利伴肢体活动不灵3小时门诊以脑动脉瘤破裂伴蛛网膜下腔出血于2月17日1232入院遵医嘱给予乌拉地尔药物治疗使用威高注射泵于2025年2月25日注射泵2通道报警显示系统故障[SEP],注射泵2通道报警系统故障,患者姜开军因言语不利伴肢体活动不灵3小时门诊以脑动脉瘤破裂伴蛛网膜下腔出血于2月17日1232入院遵医嘱给予乌拉地尔药物治疗使用威高注射泵于2025年2月25日注射泵2通道报警显示系统故障,经长期临床使用喇叭内部电线焊接点氧化当频繁转运搬动设备时线束晃动导致焊点松动脱落无法正常导电发声
1131306582025000255,其他,[CLS]增加隐患风险造成药物浪费[SEP]注射泵报警显示输注完毕但注射器液体还剩余较多[SEP]患者因消化道出血来我院20250225护士巡视病房过程中发现注射泵报警显示输注完毕但注射器液体还剩余较多考虑设备故障安抚患者并检修设备[SEP],增加隐患风险造成药物浪费,注射泵报警显示输注完毕但注射器液体还剩余较多,患者因消化道出血来我院20250225护士巡视病房过程中发现注射泵报警显示输注完毕但注射器液体还剩余较多考虑设备故障安抚患者并检修设备,产品原因（包括说明书等）,质量问题传感器故障,增加隐患风险造成药物浪费,[CLS]增加隐患风险造成药物浪费[SEP]注射泵报警显示输注完毕但注射器液体还剩余较多[SEP]患者因消化道出血来我院20250225护士巡视病房过程中发现注射泵报警显示输注完毕但注射器液体还剩余较多考虑设备故障安抚患者并检修设备[SEP],注射泵报警显示输注完毕但注射器液体还剩余较多,患者因消化道出血来我院20250225护士巡视病房过程中发现注射泵报警显示输注完毕但注射器液体还剩余较多考虑设备故障安抚患者并检修设备,由于医院长期未进行注射器校准设备内存储的注射器参数与实际上泵的注射器参数不一致设备无法正常控制注射器管路内的液体流速导致实际流速小于设定流速误差不在允许范围内
1162101082025000052,其他,[CLS]不详[SEP]D020214_回缩失效[SEP]离合失效[SEP],不详,D020214_回缩失效,离合失效,无法确定,离合失效,不详,[CLS]不详[SEP]D020214_回缩失效[SEP]离合失效[SEP],D020214_回缩失效,离合失效,分析问题原因为生产过程中内部FPC线未固定牢固在临床搬运过程中产生晃动FPC线与周围电路板摩擦导致磨损而FPC线是负责传递离合检测信号损坏后造成检测信号中断从而发生报警
1151527032025000021,其他,[CLS]未造成伤害[SEP]D0303_失连[SEP]2025年3月13日上午达拉特旗人民医院心血管内科当班护士遵医嘱为患者使用注射泵进行输注液体注射泵开机后报错提示A通道注射器未卡紧立即与医学工程科工程师联系并更换其他注射泵代替使用[SEP],未造成伤害,D0303_失连,2025年3月13日上午达拉特旗人民医院心血管内科当班护士遵医嘱为患者使用注射泵进行输注液体注射泵开机后报错提示A通道注射器未卡紧立即与医学工程科工程师联系并更换其他注射泵代替使用,产品原因（包括说明书等）,经工程师检查发现注射泵通道内部排线断裂,未造成伤害,[CLS]未造成伤害[SEP]D0303_失连[SEP]2025年3月13日上午达拉特旗人民医院心血管内科当班护士遵医嘱为患者使用注射泵进行输注液体注射泵开机后报错提示A通道注射器未卡紧立即与医学工程科工程师联系并更换其他注射泵代替使用[SEP],D0303_失连,2025年3月13日上午达拉特旗人民医院心血管内科当班护士遵医嘱为患者使用注射泵进行输注液体注射泵开机后报错提示A通道注射器未卡紧立即与医学工程科工程师联系并更换其他注射泵代替使用,分析问题原因为生产过程中内部FPC线未固定牢固在临床搬运过程中产生晃动FPC线与周围电路板摩擦导致磨损而FPC线是负责传递离合检测信号损坏后造成检测信号中断从而发生报警
1386204002025000484,其他,[CLS]科室使用过程中系统故障6报警随机报修[SEP]系统故障6报警[SEP]科室使用过程中系统故障6报警随机报修至医疗设施设备运维管理中心[SEP],科室使用过程中系统故障6报警随机报修,系统故障6报警,科室使用过程中系统故障6报警随机报修至医疗设施设备运维管理中心,无法确定,压力传感器故障,科室使用过程中系统故障6报警随机报修,[CLS]科室使用过程中系统故障6报警随机报修[SEP]系统故障6报警[SEP]科室使用过程中系统故障6报警随机报修至医疗设施设备运维管理中心[SEP],系统故障6报警,科室使用过程中系统故障6报警随机报修至医疗设施设备运维管理中心,设备已使用近4年长期临床使用导致压力传感器老化故障压力值无法检测从而引发系统报警
1386204002025000458,其他,[CLS]无[SEP]泵夹破裂无法夹住注射器[SEP]设备开机正常参数设置正常夹注射器时注射器无法固定[SEP],无,泵夹破裂无法夹住注射器,设备开机正常参数设置正常夹注射器时注射器无法固定,"产品原因（包括说明书等）,无法确定",初步判断为卡夹变形或破裂,无,[CLS]无[SEP]泵夹破裂无法夹住注射器[SEP]设备开机正常参数设置正常夹注射器时注射器无法固定[SEP],泵夹破裂无法夹住注射器,设备开机正常参数设置正常夹注射器时注射器无法固定,由于该设备已使用12年处于超期使用状态长期临床使用频繁捏合捏柄导致捏柄材质老化开裂而捏柄是固定注射器推杆尾端的装置部件之一控制注射泵的注射器夹张开与闭合当其损伤后无法固定注射器
1386204002025000488,其他,[CLS]科室使用过程中发现注射泵花屏随机报修[SEP]注射泵花屏[SEP]科室使用过程中发现注射泵花屏随机报修至医疗设施设备运维管理中心[SEP],科室使用过程中发现注射泵花屏随机报修,注射泵花屏,科室使用过程中发现注射泵花屏随机报修至医疗设施设备运维管理中心,无法确定,屏幕连接排线松动,科室使用过程中发现注射泵花屏随机报修,[CLS]科室使用过程中发现注射泵花屏随机报修[SEP]注射泵花屏[SEP]科室使用过程中发现注射泵花屏随机报修至医疗设施设备运维管理中心[SEP],注射泵花屏,科室使用过程中发现注射泵花屏随机报修至医疗设施设备运维管理中心,1经售后工程师拆机检查发现显示屏与主控板连接的排线插头松动无法正常传递图像信号2排线插头松动的原因可能是由于临床频繁转运搬动设备设备震动跌宕内部排线晃动导致插头松动
1182301002025000078,其他,[CLS]无[SEP]D0101_故障提示D020102_启动失效[SEP]2025年2月28日科室准备使用注射泵前开机后发信设备无法运行设备报错系统故障4科室马上给患者更换其他注射泵并立马上报医学装备部[SEP],无,D0101_故障提示D020102_启动失效,2025年2月28日科室准备使用注射泵前开机后发信设备无法运行设备报错系统故障4科室马上给患者更换其他注射泵并立马上报医学装备部,产品原因（包括说明书等）,设备报错系统故障4一般为内部电路板接线故障,无,[CLS]无[SEP]D0101_故障提示D020102_启动失效[SEP]2025年2月28日科室准备使用注射泵前开机后发信设备无法运行设备报错系统故障4科室马上给患者更换其他注射泵并立马上报医学装备部[SEP],D0101_故障提示D020102_启动失效,2025年2月28日科室准备使用注射泵前开机后发信设备无法运行设备报错系统故障4科室马上给患者更换其他注射泵并立马上报医学装备部,1经拆机检查设备内部主从道连接线与主道主控板连接处插头松动导致设备报警提示系统故障42由于临床使用过程中频繁搬动设备设备震动跌宕内部电线晃动导致线束插头松动
1274201022025000044,其他,[CLS]无伤害[SEP]2025年2月26日护士进行设备维护时发现该注射泵按下启动键后没有回应[SEP]2025年2月26日护士进行设备维护时发现该注射泵按下启动键后没有回应联系维修[SEP],无伤害,2025年2月26日护士进行设备维护时发现该注射泵按下启动键后没有回应,2025年2月26日护士进行设备维护时发现该注射泵按下启动键后没有回应联系维修,无法确定,2025年2月26日护士进行设备维护时发现该注射泵按下启动键后没有回应,无伤害,[CLS]无伤害[SEP]2025年2月26日护士进行设备维护时发现该注射泵按下启动键后没有回应[SEP]2025年2月26日护士进行设备维护时发现该注射泵按下启动键后没有回应联系维修[SEP],2025年2月26日护士进行设备维护时发现该注射泵按下启动键后没有回应,2025年2月26日护士进行设备维护时发现该注射泵按下启动键后没有回应联系维修,由于该设备已使用超过12年处于超期使用状态长期临床使用导致按键老化无法正常使用
1376108032025000220,其他,[CLS]无[SEP]捏柄损坏无法使用[SEP]25日上午护士准备为患儿注射药物时发现该设备捏柄损坏无法使用立即报器械科维修组维修[SEP],无,捏柄损坏无法使用,25日上午护士准备为患儿注射药物时发现该设备捏柄损坏无法使用立即报器械科维修组维修,产品原因（包括说明书等）,立即报器械科维修组维修,无,[CLS]无[SEP]捏柄损坏无法使用[SEP]25日上午护士准备为患儿注射药物时发现该设备捏柄损坏无法使用立即报器械科维修组维修[SEP],捏柄损坏无法使用,25日上午护士准备为患儿注射药物时发现该设备捏柄损坏无法使用立即报器械科维修组维修,由于该设备已使用8年多属于超期使用状态长期临床使用频繁捏合捏柄导致捏柄材质老化开裂而捏柄是固定注射器推杆尾端的装置部件之一控制注射泵的注射器夹张开与闭合当其损伤后无法调节离合器位置
1203203102025000020,其他,[CLS]null[SEP]注射器固定夹子损坏[SEP]注射器固定夹子损坏[SEP],null,注射器固定夹子损坏,注射器固定夹子损坏,"产品原因（包括说明书等）,无法确定,操作原因",注射器固定夹子损坏,null,[CLS]null[SEP]注射器固定夹子损坏[SEP]注射器固定夹子损坏[SEP],注射器固定夹子损坏,注射器固定夹子损坏,由于该设备已使用12年属于超期使用状态长期临床使用频繁捏合捏柄导致捏柄材质老化开裂而捏柄是固定注射器推杆尾端的装置部件之一控制注射泵的注射器夹张开与闭合当其损伤后无法调节离合器位置
1203201002025000388,其他,[CLS]M0105_皮肤感觉异常[SEP]D010301_操作失效[SEP]机器注射过程中出现推拉杆无法推进注射器内液体无法输出导致病人输液管路无液体进入手部针管处出现皮肤异常反应[SEP],M0105_皮肤感觉异常,D010301_操作失效,机器注射过程中出现推拉杆无法推进注射器内液体无法输出导致病人输液管路无液体进入手部针管处出现皮肤异常反应,无法确定,null,M0105_皮肤感觉异常,[CLS]M0105_皮肤感觉异常[SEP]D010301_操作失效[SEP]机器注射过程中出现推拉杆无法推进注射器内液体无法输出导致病人输液管路无液体进入手部针管处出现皮肤异常反应[SEP],D010301_操作失效,机器注射过程中出现推拉杆无法推进注射器内液体无法输出导致病人输液管路无液体进入手部针管处出现皮肤异常反应,由于该设备已使用近7年处于超期5年使用状态长期临床使用推拉盒材质老化频繁推拉活动导致推拉盒外壳破裂
1274204002025000092,其他,[CLS]无[SEP]D1201_设备或部件脱离[SEP]2025年3月5日护士使用注射泵对患者进行恒速静脉输注药液设备开机自检时发现固定注射器的捏柄及推拉盒断掉脱落设备无法正常工作护士重新更换一台注射泵使用并将该情况上报设备科维修[SEP],无,D1201_设备或部件脱离,2025年3月5日护士使用注射泵对患者进行恒速静脉输注药液设备开机自检时发现固定注射器的捏柄及推拉盒断掉脱落设备无法正常工作护士重新更换一台注射泵使用并将该情况上报设备科维修,产品原因（包括说明书等）,固定注射器的捏柄及推拉盒断掉脱落设备无法工作,无,[CLS]无[SEP]D1201_设备或部件脱离[SEP]2025年3月5日护士使用注射泵对患者进行恒速静脉输注药液设备开机自检时发现固定注射器的捏柄及推拉盒断掉脱落设备无法正常工作护士重新更换一台注射泵使用并将该情况上报设备科维修[SEP],D1201_设备或部件脱离,2025年3月5日护士使用注射泵对患者进行恒速静脉输注药液设备开机自检时发现固定注射器的捏柄及推拉盒断掉脱落设备无法正常工作护士重新更换一台注射泵使用并将该情况上报设备科维修,设备已经使用近12年处于超寿命期使用状态长期临床使用频繁捏合捏柄来回拉动推拉盒导致捏柄与推拉盒老化开裂无法固定注射器从而导致设备无法工作
1243610012025000041,其他,[CLS]无[SEP]D010301_操作失效[SEP]2025年3月1日科室医护人员对该注射泵进行自检时发现仪器无法正常运行拆开使用万用表测量输入有电压输出无电压判断电源板故障更换一块电源板后开机测试正常使用[SEP],无,D010301_操作失效,2025年3月1日科室医护人员对该注射泵进行自检时发现仪器无法正常运行拆开使用万用表测量输入有电压输出无电压判断电源板故障更换一块电源板后开机测试正常使用,产品原因（包括说明书等）,产品质量问题,无,[CLS]无[SEP]D010301_操作失效[SEP]2025年3月1日科室医护人员对该注射泵进行自检时发现仪器无法正常运行拆开使用万用表测量输入有电压输出无电压判断电源板故障更换一块电源板后开机测试正常使用[SEP],D010301_操作失效,2025年3月1日科室医护人员对该注射泵进行自检时发现仪器无法正常运行拆开使用万用表测量输入有电压输出无电压判断电源板故障更换一块电源板后开机测试正常使用,该设备已经使用超过13年经长期临床使用电源板老化故障无法为设备提供电量从而开机异常
1253718032025000088,其他,[CLS]无[SEP]设备无法开机[SEP]在2025年2月11日呼吸科护士在使用设备时发现设备无法开机的异常情况延误病人治疗科室给医工部报修后工程师经检测发现设备电源损坏处理电源后设备可正常使用[SEP],无,设备无法开机,在2025年2月11日呼吸科护士在使用设备时发现设备无法开机的异常情况延误病人治疗科室给医工部报修后工程师经检测发现设备电源损坏处理电源后设备可正常使用,产品原因（包括说明书等）,设备电源损坏,无,[CLS]无[SEP]设备无法开机[SEP]在2025年2月11日呼吸科护士在使用设备时发现设备无法开机的异常情况延误病人治疗科室给医工部报修后工程师经检测发现设备电源损坏处理电源后设备可正常使用[SEP],设备无法开机,在2025年2月11日呼吸科护士在使用设备时发现设备无法开机的异常情况延误病人治疗科室给医工部报修后工程师经检测发现设备电源损坏处理电源后设备可正常使用,长期临床使用电源板针脚焊点氧化当设备受到剧烈的震动可能出现虚焊的情况电源板是设备的供电模块为设备传递电量当发生故障时无法将交流电或电池电量传递给设备导致设备无法正常开机
1253717032025000126,其他,[CLS]无[SEP]注射器夹持器坏[SEP]2025年2月20日科室人员检查设备时发现夹持器断裂没有给患者造成不良现象报设备科维修设备科工程师赵立领现场检查发现推送杆夹持器断裂[SEP],无,注射器夹持器坏,2025年2月20日科室人员检查设备时发现夹持器断裂没有给患者造成不良现象报设备科维修设备科工程师赵立领现场检查发现推送杆夹持器断裂,产品原因（包括说明书等）,现场检查推送杆夹持器断裂,无,[CLS]无[SEP]注射器夹持器坏[SEP]2025年2月20日科室人员检查设备时发现夹持器断裂没有给患者造成不良现象报设备科维修设备科工程师赵立领现场检查发现推送杆夹持器断裂[SEP],注射器夹持器坏,2025年2月20日科室人员检查设备时发现夹持器断裂没有给患者造成不良现象报设备科维修设备科工程师赵立领现场检查发现推送杆夹持器断裂,由于该设备已使用6年多长期临床使用频繁捏合捏柄导致捏柄材质老化开裂而捏柄是固定注射器推杆尾端的装置部件之一控制注射泵的注射器夹张开与闭合当其损伤后无法调节离合器位置
1386204002025000308,其他,[CLS]无[SEP]设备卡夹无法夹住[SEP]设备开机正常参数设置正常夹注射器时卡夹无法夹住[SEP],无,设备卡夹无法夹住,设备开机正常参数设置正常夹注射器时卡夹无法夹住,"产品原因（包括说明书等）,无法确定",初步判断为卡夹夹簧失效,无,[CLS]无[SEP]设备卡夹无法夹住[SEP]设备开机正常参数设置正常夹注射器时卡夹无法夹住[SEP],设备卡夹无法夹住,设备开机正常参数设置正常夹注射器时卡夹无法夹住,由于该设备已使用6年多处于超寿命期使用状态长期临床使用频繁捏合捏柄导致捏柄材质老化开裂而捏柄是固定注射器推杆尾端的装置部件之一控制注射泵的注射器夹张开与闭合当其损伤后无法调节离合器位置
1253715022025000059,其他,[CLS]延误患者及时治疗[SEP]D0101_故障提示[SEP]2025年2月21日科室使用设备为患者进行药物注射时设备报警系统故障6值班护士立即使用同类型设备进行替换撤下后联系设备科进行维修[SEP],延误患者及时治疗,D0101_故障提示,2025年2月21日科室使用设备为患者进行药物注射时设备报警系统故障6值班护士立即使用同类型设备进行替换撤下后联系设备科进行维修,产品原因（包括说明书等）,疑似产品设计缺陷,延误患者及时治疗,[CLS]延误患者及时治疗[SEP]D0101_故障提示[SEP]2025年2月21日科室使用设备为患者进行药物注射时设备报警系统故障6值班护士立即使用同类型设备进行替换撤下后联系设备科进行维修[SEP],D0101_故障提示,2025年2月21日科室使用设备为患者进行药物注射时设备报警系统故障6值班护士立即使用同类型设备进行替换撤下后联系设备科进行维修,根据故障情况分析为压力传感器插头松动可能为临床搬动与转运过程中设备受到跌宕震动导致内部压力传感器排线松动压力值信号传输异常造成报警
1203214322025000106,其他,[CLS]无[SEP]注射泵控制板故障[SEP]注射泵控制板故障无法正常使用[SEP],无,注射泵控制板故障,注射泵控制板故障无法正常使用,无法确定,null,无,[CLS]无[SEP]注射泵控制板故障[SEP]注射泵控制板故障无法正常使用[SEP],注射泵控制板故障,注射泵控制板故障无法正常使用,该设备已使用超过12年长期临床使用导致主控板老化故障按下启动按键时信号无法正常传递从而运行异常
1274217002025000011,其他,[CLS]未造成伤害[SEP]注射泵使用过程中未报警突然停止工作[SEP]注射泵使用过程中未报警突然停止工作[SEP],未造成伤害,注射泵使用过程中未报警突然停止工作,注射泵使用过程中未报警突然停止工作,"产品原因（包括说明书等）,操作原因",1设备本身故障导致无法工作2未规范设备正确操作流程,未造成伤害,[CLS]未造成伤害[SEP]注射泵使用过程中未报警突然停止工作[SEP]注射泵使用过程中未报警突然停止工作[SEP],注射泵使用过程中未报警突然停止工作,注射泵使用过程中未报警突然停止工作,1设备故障原因可能为设备经长期临床使用已使用8年属于超预期使用在频繁转运过程中受到震动跌宕导致内部长电位器插头松动2长电位器是一种行程传感器其插头松动会导致接触不良设备无法推注药物流量指示灯无法显示
1406501102025000008,其他,[CLS]无[SEP]D0101_故障提示D0409_设备内或器件内阻塞[SEP]患者耿新英女62岁胰腺占位性病变为患者上09氯化钾30ml氯化钾3g5mlh泵入预计2300注射完毕晚上000护士巡床发现泵入氯化钾剩10ml未泵入检查后发现微量泵故障给予更换后流速正常上报护士长与设备科反馈问题通知设备工程师帮忙检修[SEP],无,D0101_故障提示D0409_设备内或器件内阻塞,患者耿新英女62岁胰腺占位性病变为患者上09氯化钾30ml氯化钾3g5mlh泵入预计2300注射完毕晚上000护士巡床发现泵入氯化钾剩10ml未泵入检查后发现微量泵故障给予更换后流速正常上报护士长与设备科反馈问题通知设备工程师帮忙检修,无法确定,无法确定,无,[CLS]无[SEP]D0101_故障提示D0409_设备内或器件内阻塞[SEP]患者耿新英女62岁胰腺占位性病变为患者上09氯化钾30ml氯化钾3g5mlh泵入预计2300注射完毕晚上000护士巡床发现泵入氯化钾剩10ml未泵入检查后发现微量泵故障给予更换后流速正常上报护士长与设备科反馈问题通知设备工程师帮忙检修[SEP],D0101_故障提示D0409_设备内或器件内阻塞,患者耿新英女62岁胰腺占位性病变为患者上09氯化钾30ml氯化钾3g5mlh泵入预计2300注射完毕晚上000护士巡床发现泵入氯化钾剩10ml未泵入检查后发现微量泵故障给予更换后流速正常上报护士长与设备科反馈问题通知设备工程师帮忙检修,由于医院长期未进行注射器校准设备内存储的注射器参数与实际上泵的注射器参数存在偏差设备无法正常控制注射器管路内液体流速导致实际流速与设定流速不一致
1386204042025000035,其他,[CLS]对患者没有造成伤害[SEP]患者因为心力衰竭需要给与液体注射在使用过程中发现液体没有按照正常设定量注入采取更换别的注射泵后续正常使用[SEP]患者因为心力衰竭需要给与液体注射在使用过程中发现液体没有按照正常设定量注入采取更换别的注射泵后续正常使用[SEP],对患者没有造成伤害,患者因为心力衰竭需要给与液体注射在使用过程中发现液体没有按照正常设定量注入采取更换别的注射泵后续正常使用,患者因为心力衰竭需要给与液体注射在使用过程中发现液体没有按照正常设定量注入采取更换别的注射泵后续正常使用,产品原因（包括说明书等）,产品原因,对患者没有造成伤害,[CLS]对患者没有造成伤害[SEP]患者因为心力衰竭需要给与液体注射在使用过程中发现液体没有按照正常设定量注入采取更换别的注射泵后续正常使用[SEP]患者因为心力衰竭需要给与液体注射在使用过程中发现液体没有按照正常设定量注入采取更换别的注射泵后续正常使用[SEP],患者因为心力衰竭需要给与液体注射在使用过程中发现液体没有按照正常设定量注入采取更换别的注射泵后续正常使用,患者因为心力衰竭需要给与液体注射在使用过程中发现液体没有按照正常设定量注入采取更换别的注射泵后续正常使用,该设备已超使用期限且长期未进行注射器校准设备内存储的注射器参数与实际注射器参数不一致导致实际流速与设定流速不一致
1253707092025000153,其他,[CLS]无[SEP]故障报警6[SEP]2024929日护士准备用该泵进行输液治疗使用前检查发现故障报警6立即停用联系医工科处理[SEP],无,故障报警6,2024929日护士准备用该泵进行输液治疗使用前检查发现故障报警6立即停用联系医工科处理,产品原因（包括说明书等）,设备质量不佳,无,[CLS]无[SEP]故障报警6[SEP]2024929日护士准备用该泵进行输液治疗使用前检查发现故障报警6立即停用联系医工科处理[SEP],故障报警6,2024929日护士准备用该泵进行输液治疗使用前检查发现故障报警6立即停用联系医工科处理,根据故障情况分析压力传感器插头松动的原因可能为临床搬动与转运过程中设备受到跌宕震动导致内部压力传感器插头松动压力值信号传输异常造成报警
1253707112025000054,其他,[CLS]M1953_阻塞[SEP]D0101_故障提示[SEP]2024年1月27日责任护士在巡视病房时发现8床病人的注射泵闪烁但没有警示声音立即更换注射泵没有造成不良影响[SEP],M1953_阻塞,D0101_故障提示,2024年1月27日责任护士在巡视病房时发现8床病人的注射泵闪烁但没有警示声音立即更换注射泵没有造成不良影响,产品原因（包括说明书等）,获悉不良事件信息后根据事件描述确认该问题为注射泵问题设备科进行了追溯未发现明显异常对问题产生的原因进行查找并制定控制措施,M1953_阻塞,[CLS]M1953_阻塞[SEP]D0101_故障提示[SEP]2024年1月27日责任护士在巡视病房时发现8床病人的注射泵闪烁但没有警示声音立即更换注射泵没有造成不良影响[SEP],D0101_故障提示,2024年1月27日责任护士在巡视病房时发现8床病人的注射泵闪烁但没有警示声音立即更换注射泵没有造成不良影响,长期临床使用导致喇叭内部电线焊接点氧化当频繁转运搬动设备时线束晃动导致焊点松动脱落无法正常导电发声
1253707092025000160,其他,[CLS]无[SEP]固定夹故障[SEP]2025年2月20日10点护士使用注射泵前检查设备发现注射泵固定夹故障注射泵无法正常使用立即停用该设备报修[SEP],无,固定夹故障,2025年2月20日10点护士使用注射泵前检查设备发现注射泵固定夹故障注射泵无法正常使用立即停用该设备报修,产品原因（包括说明书等）,产品质量不佳,无,[CLS]无[SEP]固定夹故障[SEP]2025年2月20日10点护士使用注射泵前检查设备发现注射泵固定夹故障注射泵无法正常使用立即停用该设备报修[SEP],固定夹故障,2025年2月20日10点护士使用注射泵前检查设备发现注射泵固定夹故障注射泵无法正常使用立即停用该设备报修,设备经长期临床使用推拉盒材质老化硬度降低设备在转运过程中发生剧烈震动或磕碰导致推拉盒外壳破裂无法正常检测注射器尾部推杆是否安装到推拉盒上从而无法使用
1253715062025000050,严重伤害,[CLS]M210202_给药不足[SEP]注射泵不前进[SEP]2025221上午10床安学敏因胸闷气短咳嗽使用注射泵对其进行药物注射治疗治疗结束后发现注射器药物未注射成功但是已显示完成注射未按时输注药液可能给患者造成严重伤害立即更换注射泵并联系设备科[SEP],M210202_给药不足,注射泵不前进,2025221上午10床安学敏因胸闷气短咳嗽使用注射泵对其进行药物注射治疗治疗结束后发现注射器药物未注射成功但是已显示完成注射未按时输注药液可能给患者造成严重伤害立即更换注射泵并联系设备科,产品原因（包括说明书等）,产品质量问题,M210202_给药不足,[CLS]M210202_给药不足[SEP]注射泵不前进[SEP]2025221上午10床安学敏因胸闷气短咳嗽使用注射泵对其进行药物注射治疗治疗结束后发现注射器药物未注射成功但是已显示完成注射未按时输注药液可能给患者造成严重伤害立即更换注射泵并联系设备科[SEP],注射泵不前进,2025221上午10床安学敏因胸闷气短咳嗽使用注射泵对其进行药物注射治疗治疗结束后发现注射器药物未注射成功但是已显示完成注射未按时输注药液可能给患者造成严重伤害立即更换注射泵并联系设备科,院方上报的是严重伤害根据严重伤害的定义我司认为应为其他1问题发生时药物未按预期完成注射立即更换其他设备继续为患者注射未对人体造成伤害2根据设备使用情况分析故障原因为设备在使用过程中发生过剧烈震动或磕碰机器内部件碎裂掉落在齿轮上导致齿轮卡死无法运转并传递动力从而无法完成药物注射
1406528112025000010,其他,[CLS]设备故障导致科室注射泵短缺给工作人员带来不便[SEP]推进卡钳断裂[SEP]于2025年2月8日儿科护士准备使用注射泵给患者注射药物时注射泵推进卡钳断裂立即报设备科工程师设备科工程师到现场重新加固断裂部位后设备恢复正常[SEP],设备故障导致科室注射泵短缺给工作人员带来不便,推进卡钳断裂,于2025年2月8日儿科护士准备使用注射泵给患者注射药物时注射泵推进卡钳断裂立即报设备科工程师设备科工程师到现场重新加固断裂部位后设备恢复正常,无法确定,设备使用频繁设备老化导致的断裂,设备故障导致科室注射泵短缺给工作人员带来不便,[CLS]设备故障导致科室注射泵短缺给工作人员带来不便[SEP]推进卡钳断裂[SEP]于2025年2月8日儿科护士准备使用注射泵给患者注射药物时注射泵推进卡钳断裂立即报设备科工程师设备科工程师到现场重新加固断裂部位后设备恢复正常[SEP],推进卡钳断裂,于2025年2月8日儿科护士准备使用注射泵给患者注射药物时注射泵推进卡钳断裂立即报设备科工程师设备科工程师到现场重新加固断裂部位后设备恢复正常,由于该设备已使用11年处于超期使用状态长期临床使用频繁捏合捏柄导致捏柄材质老化开裂而捏柄是固定注射器推杆尾端的装置部件之一控制注射泵的注射器夹张开与闭合当其损伤后无法调节离合器位置
1162101072025000018,其他,[CLS]注射泵注射时自动停止不泵药[SEP]注射泵注射时自动停止不泵药[SEP]患者于202525在我院进行慢性阻塞性肺疾病伴急性加重治疗25日在使用注射泵泵入多索茶碱用药治疗改善通气时注射泵在使用过程中不泵入药物与家属解释后重新更换注射泵泵入药物[SEP],注射泵注射时自动停止不泵药,注射泵注射时自动停止不泵药,患者于202525在我院进行慢性阻塞性肺疾病伴急性加重治疗25日在使用注射泵泵入多索茶碱用药治疗改善通气时注射泵在使用过程中不泵入药物与家属解释后重新更换注射泵泵入药物,无法确定,主板损坏,注射泵注射时自动停止不泵药,[CLS]注射泵注射时自动停止不泵药[SEP]注射泵注射时自动停止不泵药[SEP]患者于202525在我院进行慢性阻塞性肺疾病伴急性加重治疗25日在使用注射泵泵入多索茶碱用药治疗改善通气时注射泵在使用过程中不泵入药物与家属解释后重新更换注射泵泵入药物[SEP],注射泵注射时自动停止不泵药,患者于202525在我院进行慢性阻塞性肺疾病伴急性加重治疗25日在使用注射泵泵入多索茶碱用药治疗改善通气时注射泵在使用过程中不泵入药物与家属解释后重新更换注射泵泵入药物,该设备已超使用寿命期长期临床使用导致主控板老化故障无法正常传递信号从而停止泵药
1386204002025000162,其他,[CLS]null[SEP]一个通道无法推注[SEP]工作人员启动设备加在注射器后发现一通道无法退出提示报警[SEP],null,一个通道无法推注,工作人员启动设备加在注射器后发现一通道无法退出提示报警,"产品原因（包括说明书等）,无法确定",null,null,[CLS]null[SEP]一个通道无法推注[SEP]工作人员启动设备加在注射器后发现一通道无法退出提示报警[SEP],一个通道无法推注,工作人员启动设备加在注射器后发现一通道无法退出提示报警,因该设备处于超期使用状态长期临床转运过程中设备受到跌宕与震动导致电位器插头松动而作为行程传感器当其功能异常时不能准确识别注射器位置导致无法推注
1253712022025000023,严重伤害,[CLS]情绪烦躁延误病情[SEP]频繁报警[SEP]2025年02月11日在为患者泵注药品时注射泵频繁报警影响患者休息致使患者及其家属精神紧张影响医护人员正常工作更换注射泵并送修检测[SEP],情绪烦躁延误病情,频繁报警,2025年02月11日在为患者泵注药品时注射泵频繁报警影响患者休息致使患者及其家属精神紧张影响医护人员正常工作更换注射泵并送修检测,产品原因（包括说明书等）,注射泵在泵注过程中频繁报警注射泵故障,情绪烦躁延误病情,[CLS]情绪烦躁延误病情[SEP]频繁报警[SEP]2025年02月11日在为患者泵注药品时注射泵频繁报警影响患者休息致使患者及其家属精神紧张影响医护人员正常工作更换注射泵并送修检测[SEP],频繁报警,2025年02月11日在为患者泵注药品时注射泵频繁报警影响患者休息致使患者及其家属精神紧张影响医护人员正常工作更换注射泵并送修检测,院方上报的是严重伤害根据严重伤害的定义我司认为应为其他1问题发生时故障设备报警无法使用并及时更换其他的设备为患者使用未对人身造成伤害2根据故障情况分析压力传感器插头松动的原因可能为临床搬动与转运过程中设备受到跌宕震动导致内部压力传感器插头松动压力值信号传输异常造成报警
1233503222024000072,其他,[CLS]null[SEP]注射泵拉杆传感器损坏[SEP]2024年7月24日在对病人准备输液时发现注射泵无法启动观察发现是拉杆无法检测到注射器尺寸更换一台注射泵[SEP],null,注射泵拉杆传感器损坏,2024年7月24日在对病人准备输液时发现注射泵无法启动观察发现是拉杆无法检测到注射器尺寸更换一台注射泵,产品原因（包括说明书等）,注射泵拉杆传感器损坏,null,[CLS]null[SEP]注射泵拉杆传感器损坏[SEP]2024年7月24日在对病人准备输液时发现注射泵无法启动观察发现是拉杆无法检测到注射器尺寸更换一台注射泵[SEP],注射泵拉杆传感器损坏,2024年7月24日在对病人准备输液时发现注射泵无法启动观察发现是拉杆无法检测到注射器尺寸更换一台注射泵,该设备已使用10年多处于超期使用状态长期临床使用导致电位器松动位移或者损伤而作为行程传感器当其功能异常时无法准确识别注射器位置导致电位器数值没变化
1213303102025000019,其他,[CLS]无[SEP]D0101_故障提示[SEP]2025年1月20日早上查房时医生根据CT结果肺间质性肺炎医嘱予甲强龙40mg09NS20ml静脉微泵应用抗炎治疗护士启动微泵正常运行后离开病房10分钟后患者家属发现微泵报警提示系统故障6仪器停止运行立即通知护士护士立即更换邻床备用注射泵继续用药患者未诉明显不适经评估未对患者产生明显伤害故障仪器送设备科联系厂方工程师后考虑仪器压力传感器问题返厂维修[SEP],无,D0101_故障提示,2025年1月20日早上查房时医生根据CT结果肺间质性肺炎医嘱予甲强龙40mg09NS20ml静脉微泵应用抗炎治疗护士启动微泵正常运行后离开病房10分钟后患者家属发现微泵报警提示系统故障6仪器停止运行立即通知护士护士立即更换邻床备用注射泵继续用药患者未诉明显不适经评估未对患者产生明显伤害故障仪器送设备科联系厂方工程师后考虑仪器压力传感器问题返厂维修,产品原因（包括说明书等）,仪器压力传感器问题,无,[CLS]无[SEP]D0101_故障提示[SEP]2025年1月20日早上查房时医生根据CT结果肺间质性肺炎医嘱予甲强龙40mg09NS20ml静脉微泵应用抗炎治疗护士启动微泵正常运行后离开病房10分钟后患者家属发现微泵报警提示系统故障6仪器停止运行立即通知护士护士立即更换邻床备用注射泵继续用药患者未诉明显不适经评估未对患者产生明显伤害故障仪器送设备科联系厂方工程师后考虑仪器压力传感器问题返厂维修[SEP],D0101_故障提示,2025年1月20日早上查房时医生根据CT结果肺间质性肺炎医嘱予甲强龙40mg09NS20ml静脉微泵应用抗炎治疗护士启动微泵正常运行后离开病房10分钟后患者家属发现微泵报警提示系统故障6仪器停止运行立即通知护士护士立即更换邻床备用注射泵继续用药患者未诉明显不适经评估未对患者产生明显伤害故障仪器送设备科联系厂方工程师后考虑仪器压力传感器问题返厂维修,根据故障情况分析压力传感器插头松动的原因可能为压力传感器插头未固定牢固在频繁的临床搬运过程中设备受到跌宕震动导致内部压力传感器插头松动压力值信号传输异常造成报警
1274204002025000015,其他,[CLS]无[SEP]D1201_设备或部件脱离[SEP]2025年1月07日护士使用注射泵对患者进行恒速静脉输注药液设备开机自检时发现固定注射器的卡扣及卡座断掉脱落设备无法工作微量泵不能正常工作护士重新更换一台注射泵使用并将该情况上报设备科维修[SEP],无,D1201_设备或部件脱离,2025年1月07日护士使用注射泵对患者进行恒速静脉输注药液设备开机自检时发现固定注射器的卡扣及卡座断掉脱落设备无法工作微量泵不能正常工作护士重新更换一台注射泵使用并将该情况上报设备科维修,产品原因（包括说明书等）,固定注射器的卡扣及卡座断掉脱落设备无法工作,无,[CLS]无[SEP]D1201_设备或部件脱离[SEP]2025年1月07日护士使用注射泵对患者进行恒速静脉输注药液设备开机自检时发现固定注射器的卡扣及卡座断掉脱落设备无法工作微量泵不能正常工作护士重新更换一台注射泵使用并将该情况上报设备科维修[SEP],D1201_设备或部件脱离,2025年1月07日护士使用注射泵对患者进行恒速静脉输注药液设备开机自检时发现固定注射器的卡扣及卡座断掉脱落设备无法工作微量泵不能正常工作护士重新更换一台注射泵使用并将该情况上报设备科维修,由于该设备已使用11年处于超寿命期使用状态长期临床使用频繁捏合捏柄推拉拉杆导致捏柄结构老化断裂而捏柄是固定注射器推杆尾端的装置部件之一控制注射泵的注射器夹张开与闭合当其损伤后无法调节离合器位置
1406528112025000005,其他,[CLS]设备故障导致科室注射泵短缺给工作人员带来不便[SEP]电源按键失灵[SEP]于2025年1月14日ccu护士准备使用双通道注射泵时发现不通电立即报设备科工程师设备科工程师经检查发现电源按键失灵取回维修室待维修[SEP],设备故障导致科室注射泵短缺给工作人员带来不便,电源按键失灵,于2025年1月14日ccu护士准备使用双通道注射泵时发现不通电立即报设备科工程师设备科工程师经检查发现电源按键失灵取回维修室待维修,无法确定,设备老化导致电源按键失灵,设备故障导致科室注射泵短缺给工作人员带来不便,[CLS]设备故障导致科室注射泵短缺给工作人员带来不便[SEP]电源按键失灵[SEP]于2025年1月14日ccu护士准备使用双通道注射泵时发现不通电立即报设备科工程师设备科工程师经检查发现电源按键失灵取回维修室待维修[SEP],电源按键失灵,于2025年1月14日ccu护士准备使用双通道注射泵时发现不通电立即报设备科工程师设备科工程师经检查发现电源按键失灵取回维修室待维修,由于该设备已使用12年处于超期使用状态长期临床使用导致电源按键老化无法正常使用
1253706002025000098,其他,[CLS]无[SEP]无法正常开机[SEP]无法正常开机[SEP],无,无法正常开机,无法正常开机,产品原因（包括说明书等）,内部电路故障,无,[CLS]无[SEP]无法正常开机[SEP]无法正常开机[SEP],无法正常开机,无法正常开机,该设备已使用6年多处于超寿命期使用状态长期临床使用电源板老化故障从而无法通电开机
1253717032025000052,其他,[CLS]无[SEP]注射器夹持器坏[SEP]2025年1月21日科室人员检查设备时发现夹持器断裂报设备科维修现场检查推送杆夹持器由于长时间使用断裂没有给患者造成不良现象[SEP],无,注射器夹持器坏,2025年1月21日科室人员检查设备时发现夹持器断裂报设备科维修现场检查推送杆夹持器由于长时间使用断裂没有给患者造成不良现象,产品原因（包括说明书等）,现场检查推送杆夹持器断裂,无,[CLS]无[SEP]注射器夹持器坏[SEP]2025年1月21日科室人员检查设备时发现夹持器断裂报设备科维修现场检查推送杆夹持器由于长时间使用断裂没有给患者造成不良现象[SEP],注射器夹持器坏,2025年1月21日科室人员检查设备时发现夹持器断裂报设备科维修现场检查推送杆夹持器由于长时间使用断裂没有给患者造成不良现象,由于该设备已超5年使用期限长期临床使用频繁捏合捏柄导致捏柄老化开裂从而无法调节离合器位置
1386204002025000094,其他,[CLS][SEP]报警注射器未顶紧[SEP]科室在使用时设备报警注射器未顶紧影响科室使用随上报运维中心[SEP],,报警注射器未顶紧,科室在使用时设备报警注射器未顶紧影响科室使用随上报运维中心,"产品原因（包括说明书等）,无法确定",可能为排线松动,,[CLS][SEP]报警注射器未顶紧[SEP]科室在使用时设备报警注射器未顶紧影响科室使用随上报运维中心[SEP],报警注射器未顶紧,科室在使用时设备报警注射器未顶紧影响科室使用随上报运维中心,分析可能是由于生产过程中内部FPC线未固定结实临床转运频繁搬动设备设备内部电线震动跌宕导致FPC线插头松动无法正常传递信号
1253715062025000015,其他,[CLS]无[SEP]注射泵使用过程中液体不报警[SEP]202412133床于X使用注射泵泵入硝酸异山梨酯注射液调控血压责任护士巡视病房时发现注射泵药液注射完毕后仪器未报警导致未及时更换药液[SEP],无,注射泵使用过程中液体不报警,202412133床于X使用注射泵泵入硝酸异山梨酯注射液调控血压责任护士巡视病房时发现注射泵药液注射完毕后仪器未报警导致未及时更换药液,产品原因（包括说明书等）,报警器单元损坏,无,[CLS]无[SEP]注射泵使用过程中液体不报警[SEP]202412133床于X使用注射泵泵入硝酸异山梨酯注射液调控血压责任护士巡视病房时发现注射泵药液注射完毕后仪器未报警导致未及时更换药液[SEP],注射泵使用过程中液体不报警,202412133床于X使用注射泵泵入硝酸异山梨酯注射液调控血压责任护士巡视病房时发现注射泵药液注射完毕后仪器未报警导致未及时更换药液,长期临床使用导致喇叭内部电线焊接点氧化当频繁转运搬动设备时线束晃动导致焊点松动脱落无法正常导电发声
1386204002025000042,其他,[CLS]无[SEP]无法正常启动[SEP]工作人员为患者准备泵入液体注射器安装至设备后设备无法正常工作不能正常泵出药物液体[SEP],无,无法正常启动,工作人员为患者准备泵入液体注射器安装至设备后设备无法正常工作不能正常泵出药物液体,"产品原因（包括说明书等）,无法确定",null,无,[CLS]无[SEP]无法正常启动[SEP]工作人员为患者准备泵入液体注射器安装至设备后设备无法正常工作不能正常泵出药物液体[SEP],无法正常启动,工作人员为患者准备泵入液体注射器安装至设备后设备无法正常工作不能正常泵出药物液体,1经检查是内部长电位器插头松动作为行程传感器当其功能异常时不能准确识别注射器位置设备未能正常识别注射器管路长度导致无法启动2长电位器松动的原因为临床长期使用过程中频繁搬动设备设备受到震动跌宕内部电线晃动导致长电位器插头松动
1284318002024001920,其他,[CLS]可能对病人造成伤害[SEP]气泡报警[SEP]2024年8月14日工作人员发现注射泵气泡报警会对病人输液造成影响停用报修[SEP],可能对病人造成伤害,气泡报警,2024年8月14日工作人员发现注射泵气泡报警会对病人输液造成影响停用报修,产品原因（包括说明书等）,设备故障,可能对病人造成伤害,[CLS]可能对病人造成伤害[SEP]气泡报警[SEP]2024年8月14日工作人员发现注射泵气泡报警会对病人输液造成影响停用报修[SEP],气泡报警,2024年8月14日工作人员发现注射泵气泡报警会对病人输液造成影响停用报修,根据故障现象与设备使用情况分析经长期临床搬动和转运过程中设备震动跌宕气泡传感器插头松动导致接触不良引发报警
1162101072024000587,其他,[CLS]无[SEP]注射泵无法关机[SEP]患者胰岛素注射完毕关闭机器时无法关闭[SEP],无,注射泵无法关机,患者胰岛素注射完毕关闭机器时无法关闭,无法确定,null,无,[CLS]无[SEP]注射泵无法关机[SEP]患者胰岛素注射完毕关闭机器时无法关闭[SEP],注射泵无法关机,患者胰岛素注射完毕关闭机器时无法关闭,该设备已使用4年临床操作过程中不慎将药液洒落未及时清理药液流入按键与主控板间隙内长期累积导致按键与主控板接触不良从而信号传递失效
1233503222023000241,其他,[CLS]一般[SEP]无警告的严重危害[SEP]患者2023年10月23日因病来院治疗使用注射泵进行治疗中途出现流速过快预警护士立马更换一台进行治疗[SEP],一般,无警告的严重危害,患者2023年10月23日因病来院治疗使用注射泵进行治疗中途出现流速过快预警护士立马更换一台进行治疗,产品原因（包括说明书等）,仪器故障,一般,[CLS]一般[SEP]无警告的严重危害[SEP]患者2023年10月23日因病来院治疗使用注射泵进行治疗中途出现流速过快预警护士立马更换一台进行治疗[SEP],无警告的严重危害,患者2023年10月23日因病来院治疗使用注射泵进行治疗中途出现流速过快预警护士立马更换一台进行治疗,长期未对该设备进行注射器校准设备内存储的注射器参数与实际注射器参数不一致导致实际流速与设定流速不一致
1233503222024000070,其他,[CLS]null[SEP]注射泵无法启动[SEP]2024年7月24日在使用注射泵对病人准备输液时发现注射泵无法启动观察发现是拉杆无法检测到注射器尺寸更换一台注射泵[SEP],null,注射泵无法启动,2024年7月24日在使用注射泵对病人准备输液时发现注射泵无法启动观察发现是拉杆无法检测到注射器尺寸更换一台注射泵,产品原因（包括说明书等）,注射泵拉杆传感器损坏,null,[CLS]null[SEP]注射泵无法启动[SEP]2024年7月24日在使用注射泵对病人准备输液时发现注射泵无法启动观察发现是拉杆无法检测到注射器尺寸更换一台注射泵[SEP],注射泵无法启动,2024年7月24日在使用注射泵对病人准备输液时发现注射泵无法启动观察发现是拉杆无法检测到注射器尺寸更换一台注射泵,该设备已使用10年多处于超期使用状态长期临床使用导致电位器松动位移或者损伤而作为行程传感器当其功能异常时无法准确识别注射器位置导致电位器数值没变化
1233503222024000107,其他,[CLS]null[SEP]D010302_按键故障[SEP]患者2024年10月14日使用注射泵注射30ml用于治疗消化道疾病的药液注射泵按下开始按键界面没有显示进行注射按了好几遍都无法工作更换注射泵给药经查为拉杆连接的注射器传感器脱落拉杆的杆座断裂将传感器接好底座用胶水粘牢测试使用正常[SEP],null,D010302_按键故障,患者2024年10月14日使用注射泵注射30ml用于治疗消化道疾病的药液注射泵按下开始按键界面没有显示进行注射按了好几遍都无法工作更换注射泵给药经查为拉杆连接的注射器传感器脱落拉杆的杆座断裂将传感器接好底座用胶水粘牢测试使用正常,产品原因（包括说明书等）,拉杆连接的注射器传感器脱落拉杆的杆座断裂,null,[CLS]null[SEP]D010302_按键故障[SEP]患者2024年10月14日使用注射泵注射30ml用于治疗消化道疾病的药液注射泵按下开始按键界面没有显示进行注射按了好几遍都无法工作更换注射泵给药经查为拉杆连接的注射器传感器脱落拉杆的杆座断裂将传感器接好底座用胶水粘牢测试使用正常[SEP],D010302_按键故障,患者2024年10月14日使用注射泵注射30ml用于治疗消化道疾病的药液注射泵按下开始按键界面没有显示进行注射按了好几遍都无法工作更换注射泵给药经查为拉杆连接的注射器传感器脱落拉杆的杆座断裂将传感器接好底座用胶水粘牢测试使用正常,由于该设备已使用12年处于超期使用状态长期临床使用频繁捏合捏柄导致捏柄材质老化开裂
1284311072024000105,其他,[CLS]在正常使用输液泵进行输液过程中输液泵突然发生无故报警[SEP]在正常使用输液泵进行输液过程中输液泵突然发生无故报警提示未明确原因[SEP]2024年10月12日给患者在正常使用输液泵进行液体输注的过程中输液泵突然发出无故报警报警提示未明确具体原因如低流量阻塞压力超限的常见报警类型经检查确认输液通畅电池电力充足无其他明显故障源暂停输液操作进行故障排查影响了患者的正常治疗流程[SEP],在正常使用输液泵进行输液过程中输液泵突然发生无故报警,在正常使用输液泵进行输液过程中输液泵突然发生无故报警提示未明确原因,2024年10月12日给患者在正常使用输液泵进行液体输注的过程中输液泵突然发出无故报警报警提示未明确具体原因如低流量阻塞压力超限的常见报警类型经检查确认输液通畅电池电力充足无其他明显故障源暂停输液操作进行故障排查影响了患者的正常治疗流程,产品原因（包括说明书等）,1气泡传感器压力传感器等可能因老化污染或干扰而误触发报警2环境问题如温度湿度存在电磁干扰影响操作正常进行,在正常使用输液泵进行输液过程中输液泵突然发生无故报警,[CLS]在正常使用输液泵进行输液过程中输液泵突然发生无故报警[SEP]在正常使用输液泵进行输液过程中输液泵突然发生无故报警提示未明确原因[SEP]2024年10月12日给患者在正常使用输液泵进行液体输注的过程中输液泵突然发出无故报警报警提示未明确具体原因如低流量阻塞压力超限的常见报警类型经检查确认输液通畅电池电力充足无其他明显故障源暂停输液操作进行故障排查影响了患者的正常治疗流程[SEP],在正常使用输液泵进行输液过程中输液泵突然发生无故报警提示未明确原因,2024年10月12日给患者在正常使用输液泵进行液体输注的过程中输液泵突然发出无故报警报警提示未明确具体原因如低流量阻塞压力超限的常见报警类型经检查确认输液通畅电池电力充足无其他明显故障源暂停输液操作进行故障排查影响了患者的正常治疗流程,由于该设备已使用7年处于超期使用状态经长期临床使用气泡传感器老化导致无法正常工作从而设备发出气泡报警
1406545002024002103,其他,[CLS]无[SEP]D020105_自行重启[SEP]在病房使用时突然自行重启无法正常注药护士及时发现更换注射泵[SEP],无,D020105_自行重启,在病房使用时突然自行重启无法正常注药护士及时发现更换注射泵,产品原因（包括说明书等）,设备在运行两分钟后无故自行重启科室更换新注射泵不影响治疗,无,[CLS]无[SEP]D020105_自行重启[SEP]在病房使用时突然自行重启无法正常注药护士及时发现更换注射泵[SEP],D020105_自行重启,在病房使用时突然自行重启无法正常注药护士及时发现更换注射泵,因该设备已使用11年长期临床使用机器在频繁转运过程中收到震动跌宕导致内部线缆松动接触不良从而发生设备供电不稳的现象
1213306072024000214,其他,[CLS]M210202_给药不足[SEP]D041204_泵停止工作D1702_应用程序问题[SEP]使用注射泵输液抽好药液将注射液安置在注射泵上设置好参数点击开始无法启动显示注射器错误[SEP],M210202_给药不足,D041204_泵停止工作D1702_应用程序问题,使用注射泵输液抽好药液将注射液安置在注射泵上设置好参数点击开始无法启动显示注射器错误,"产品原因（包括说明书等）,无法确定",null,M210202_给药不足,[CLS]M210202_给药不足[SEP]D041204_泵停止工作D1702_应用程序问题[SEP]使用注射泵输液抽好药液将注射液安置在注射泵上设置好参数点击开始无法启动显示注射器错误[SEP],D041204_泵停止工作D1702_应用程序问题,使用注射泵输液抽好药液将注射液安置在注射泵上设置好参数点击开始无法启动显示注射器错误,1FPC线的功能之一是负责传递检测信号损坏后造成检测信号中断发出注射器错误报警报警后设备不能注射药物无法正常使用2结合市场反馈分析FPC线损坏的原因可能是生产过程中内部FPC线未固定牢固在临床搬运过程中产生晃动FPC线与周围电路板摩擦导致磨损
1253718062025000004,其他,[CLS]无[SEP]报警注射器未顶紧[SEP]巡检过程中发现开机后报警注射器未顶紧[SEP],无,报警注射器未顶紧,巡检过程中发现开机后报警注射器未顶紧,产品原因（包括说明书等）,FPC线故障,无,[CLS]无[SEP]报警注射器未顶紧[SEP]巡检过程中发现开机后报警注射器未顶紧[SEP],报警注射器未顶紧,巡检过程中发现开机后报警注射器未顶紧,分析问题原因为生产过程中内部FPC线未固定牢固在临床搬运过程中产生晃动FPC线与周围电路板摩擦导致磨损而FPC线是负责传递离合检测信号损坏后造成检测信号中断从而发生报警
1274201022024000726,其他,[CLS]无[SEP]指脉氧测量故障[SEP]2024年12月12日护士在维护设备时发现该设备测量指脉氧功能出现故障联系维修[SEP],无,指脉氧测量故障,2024年12月12日护士在维护设备时发现该设备测量指脉氧功能出现故障联系维修,无法确定,指脉氧测量故障,无,[CLS]无[SEP]指脉氧测量故障[SEP]2024年12月12日护士在维护设备时发现该设备测量指脉氧功能出现故障联系维修[SEP],指脉氧测量故障,2024年12月12日护士在维护设备时发现该设备测量指脉氧功能出现故障联系维修,根据故障情况分析压力传感器插头松动的原因可能为临床搬动与转运过程中设备受到跌宕震动导致内部压力传感器插头松动压力值信号传输异常造成报警
1274201022024000518,其他,[CLS]无伤害[SEP]无法开机[SEP]20240927护士在维护设备时发现该设备无法开机联系维修[SEP],无伤害,无法开机,20240927护士在维护设备时发现该设备无法开机联系维修,无法确定,不详,无伤害,[CLS]无伤害[SEP]无法开机[SEP]20240927护士在维护设备时发现该设备无法开机联系维修[SEP],无法开机,20240927护士在维护设备时发现该设备无法开机联系维修,该设备已使用超过12年处于超期使用状态长期临床使用导致电源板老化故障设备无法通电开机
1376104002024000649,其他,[CLS]延误治疗[SEP]泵速不准[SEP]12月25日下午护士在使用注射泵对病人进行精准注射时发现注射泵泵速不准立即停止使用并更换设备联系设备科处理[SEP],延误治疗,泵速不准,12月25日下午护士在使用注射泵对病人进行精准注射时发现注射泵泵速不准立即停止使用并更换设备联系设备科处理,产品原因（包括说明书等）,操作规范正确出现泵速不准的情况判定为设备自身原因,延误治疗,[CLS]延误治疗[SEP]泵速不准[SEP]12月25日下午护士在使用注射泵对病人进行精准注射时发现注射泵泵速不准立即停止使用并更换设备联系设备科处理[SEP],泵速不准,12月25日下午护士在使用注射泵对病人进行精准注射时发现注射泵泵速不准立即停止使用并更换设备联系设备科处理,该设备已使用5年多且长期未进行注射器校准设备内存储的注射器参数与实际注射器参数不一致导致实际流速与设定流速不一致
1253714102024000404,严重伤害,[CLS]M210202_给药不足[SEP]D1207_机械故障[SEP]患者于8月31日入ICU治疗护士为患者设置3小时泵入药物治疗3小时后泵入完成护士发现注射器未推注到底约15ML药物残留提前停止泵入且未报警于是更换备用机将剩余药物注射患者体内使患者延长了注射时间单位时间给药量降低[SEP],M210202_给药不足,D1207_机械故障,患者于8月31日入ICU治疗护士为患者设置3小时泵入药物治疗3小时后泵入完成护士发现注射器未推注到底约15ML药物残留提前停止泵入且未报警于是更换备用机将剩余药物注射患者体内使患者延长了注射时间单位时间给药量降低,产品原因（包括说明书等）,注射泵老化杆卡涩失灵,M210202_给药不足,[CLS]M210202_给药不足[SEP]D1207_机械故障[SEP]患者于8月31日入ICU治疗护士为患者设置3小时泵入药物治疗3小时后泵入完成护士发现注射器未推注到底约15ML药物残留提前停止泵入且未报警于是更换备用机将剩余药物注射患者体内使患者延长了注射时间单位时间给药量降低[SEP],D1207_机械故障,患者于8月31日入ICU治疗护士为患者设置3小时泵入药物治疗3小时后泵入完成护士发现注射器未推注到底约15ML药物残留提前停止泵入且未报警于是更换备用机将剩余药物注射患者体内使患者延长了注射时间单位时间给药量降低,院方上报的是严重伤害根据严重伤害的定义我司认为应为其他1设备问题为结束注射时有少量药液未注射完全立即停用该设备并使用其他设备完成输液未对患者造成伤害2该设备已使用12年长期临床使用使套筒老化变型与O型密封圈固定件摩擦卡顿注射器固定拉杆推拉不畅导致有药物残留
1345248002024000932,其他,[CLS]null[SEP]D100901_漏电流[SEP]早上开机发现设备无法正常开机设备背部电源线接口处只有零线火线接头两根线无第三根地线设计存在严重的漏电隐患会导致漏电或者电源板烧毁故障发生[SEP],null,D100901_漏电流,早上开机发现设备无法正常开机设备背部电源线接口处只有零线火线接头两根线无第三根地线设计存在严重的漏电隐患会导致漏电或者电源板烧毁故障发生,产品原因（包括说明书等）,设备背部电源线接口处只有零线火线接头两根线无第三根地线设计存在严重的漏电隐患会导致漏电或者电源板烧毁故障发生,null,[CLS]null[SEP]D100901_漏电流[SEP]早上开机发现设备无法正常开机设备背部电源线接口处只有零线火线接头两根线无第三根地线设计存在严重的漏电隐患会导致漏电或者电源板烧毁故障发生[SEP],D100901_漏电流,早上开机发现设备无法正常开机设备背部电源线接口处只有零线火线接头两根线无第三根地线设计存在严重的漏电隐患会导致漏电或者电源板烧毁故障发生,1电源板是设备的供电模块为设备传递电量当发生故障时无法将交流电或电池电量传递给设备导致设备无法正常开机调查使用该批次电源板检验记录未出现该不良问题同时未接收到其他医院关于该批次产品不良问题的反馈判断为个例问题2针对客户反馈的我司设备电源线只有零线和火线两根线无接地线的情况原因为根据国际电工委员会IEC安全防护的标准我司注射泵设计为II类设备可见铭牌上的回形标识在IEC606011标准中指出II类设备是通过使用双重绝缘或加强绝缘技术来达到电击防护的目的这意味着即使一层绝缘失效另一层也能继续提供足够的保护从而避免了对地线的依赖因此我司设备无需连接到地线即可安全操作
1376108032024000804,其他,[CLS]延缓治疗[SEP]下通道报警阻塞无法使用[SEP]24日上午护士准备为患儿注射药物时开机后发现该设备报警下通道阻塞立即停止使用报器械科维修组维修[SEP],延缓治疗,下通道报警阻塞无法使用,24日上午护士准备为患儿注射药物时开机后发现该设备报警下通道阻塞立即停止使用报器械科维修组维修,产品原因（包括说明书等）,多考虑该产品存在质量缺陷,延缓治疗,[CLS]延缓治疗[SEP]下通道报警阻塞无法使用[SEP]24日上午护士准备为患儿注射药物时开机后发现该设备报警下通道阻塞立即停止使用报器械科维修组维修[SEP],下通道报警阻塞无法使用,24日上午护士准备为患儿注射药物时开机后发现该设备报警下通道阻塞立即停止使用报器械科维修组维修,根据检查情况判断故障原因为临床使用期间药液侵入设备未及时清理干粉附着在丝杆套筒外壁与前壳内O型密封圈摩擦堵塞对压力传感器产生的压强值超过中级阻塞阈值产生阻塞报警无法正常进行推注工作
1151510052024000668,其他,[CLS]null[SEP]D0409_设备内或器件内阻塞[SEP]为患者使用多巴酚丁胺微量泵入治疗时微量泵按启动键后注射器后退机器显示堵塞[SEP],null,D0409_设备内或器件内阻塞,为患者使用多巴酚丁胺微量泵入治疗时微量泵按启动键后注射器后退机器显示堵塞,"产品原因（包括说明书等）,无法确定",怀疑卡子结构问题导致看似注射器后退重新校准进行检测,null,[CLS]null[SEP]D0409_设备内或器件内阻塞[SEP]为患者使用多巴酚丁胺微量泵入治疗时微量泵按启动键后注射器后退机器显示堵塞[SEP],D0409_设备内或器件内阻塞,为患者使用多巴酚丁胺微量泵入治疗时微量泵按启动键后注射器后退机器显示堵塞,由于该设备已使用4年设备内部的压力检测值可能因缺乏校准维护导致出现偏差引发了堵塞报警
1151510052024000635,其他,[CLS]无[SEP]D0101_故障提示[SEP]开机即报系统故障6[SEP],无,D0101_故障提示,开机即报系统故障6,"产品原因（包括说明书等）,无法确定",科室日常检查发现该设备开机即报故障,无,[CLS]无[SEP]D0101_故障提示[SEP]开机即报系统故障6[SEP],D0101_故障提示,开机即报系统故障6,该设备已使用4年在临床搬动与转运过程中设备受到跌宕震动导致内部压力传感器插头松动压力值信号传输异常造成报警
1406545002024002470,其他,[CLS]无[SEP]D040504_输送不准[SEP]科室报修该设备在给病人使用时发现运行状态下不走液[SEP],无,D040504_输送不准,科室报修该设备在给病人使用时发现运行状态下不走液,无法确定,null,无,[CLS]无[SEP]D040504_输送不准[SEP]科室报修该设备在给病人使用时发现运行状态下不走液[SEP],D040504_输送不准,科室报修该设备在给病人使用时发现运行状态下不走液,由于该设备已使用11年处于超寿命期使用状态长期临床使用频繁捏合捏柄导致捏柄材质老化开裂而捏柄是固定注射器推杆尾端的装置部件之一控制注射泵的注射器夹张开与闭合当其损伤后无法调节离合器位置
1376108032024000856,其他,[CLS]延缓治疗[SEP]无法充电[SEP]20241231护士准备使用该设备时发现该设备无交流电无法使用立即报器械科维修组维修[SEP],延缓治疗,无法充电,20241231护士准备使用该设备时发现该设备无交流电无法使用立即报器械科维修组维修,产品原因（包括说明书等）,无法充电,延缓治疗,[CLS]延缓治疗[SEP]无法充电[SEP]20241231护士准备使用该设备时发现该设备无交流电无法使用立即报器械科维修组维修[SEP],无法充电,20241231护士准备使用该设备时发现该设备无交流电无法使用立即报器械科维修组维修,该设备已使用5年长期临床使用导致电源板老化故障而电源板是设备的供电模块当发生故障时无法为电池充电
1376108032024000700,其他,[CLS]延缓治疗[SEP]启动后无反应不推药[SEP]20241128护士在准备为患儿注射药物时发现该注射泵开机无反应不推药立即停止使用报器械科维修[SEP],延缓治疗,启动后无反应不推药,20241128护士在准备为患儿注射药物时发现该注射泵开机无反应不推药立即停止使用报器械科维修,产品原因（包括说明书等）,多考虑该产品存在质量缺陷,延缓治疗,[CLS]延缓治疗[SEP]启动后无反应不推药[SEP]20241128护士在准备为患儿注射药物时发现该注射泵开机无反应不推药立即停止使用报器械科维修[SEP],启动后无反应不推药,20241128护士在准备为患儿注射药物时发现该注射泵开机无反应不推药立即停止使用报器械科维修,该设备已使用超过7年临床使用过程中不慎将药液洒落未及时清理药液流入按键与主控板间隙内长期累积导致按键与主控板接触不良
1376108032024000714,其他,[CLS]无[SEP]开机后报警异常5[SEP]12月2日护士准备为患儿注射药物时打开设备开机后报警异常5无法使用立即报器械科维修组维修[SEP],无,开机后报警异常5,12月2日护士准备为患儿注射药物时打开设备开机后报警异常5无法使用立即报器械科维修组维修,产品原因（包括说明书等）,多考虑该产品存在质量缺陷,无,[CLS]无[SEP]开机后报警异常5[SEP]12月2日护士准备为患儿注射药物时打开设备开机后报警异常5无法使用立即报器械科维修组维修[SEP],开机后报警异常5,12月2日护士准备为患儿注射药物时打开设备开机后报警异常5无法使用立即报器械科维修组维修,1异常5是一种检测设备内部压力值状态的预防性报警当设备内压力传感器检测的压力值偏高或偏低时会触发报警2因设备已使用11年在长期临床使用过程中有残留的药液渗入机器内部附着在压力传感器表面导致传感器感应不灵敏从而检测到的压力值异常触发报警
1376108032024000805,其他,[CLS]延缓治疗[SEP]按键失灵无法开关机[SEP]24日护士准备为患儿注射药物时发现该设备开关机无反应立即报器械科维修组维修[SEP],延缓治疗,按键失灵无法开关机,24日护士准备为患儿注射药物时发现该设备开关机无反应立即报器械科维修组维修,产品原因（包括说明书等）,无法开关机,延缓治疗,[CLS]延缓治疗[SEP]按键失灵无法开关机[SEP]24日护士准备为患儿注射药物时发现该设备开关机无反应立即报器械科维修组维修[SEP],按键失灵无法开关机,24日护士准备为患儿注射药物时发现该设备开关机无反应立即报器械科维修组维修,该设备已使用超过7年长期临床使用导致主控板老化故障按下开关机按键时信号无法正常传递
1253717032024000805,其他,[CLS]无[SEP]无法进行推注使用时机器报警[SEP]2024年11月18日介入室护士使用注射泵给患者进行药物注射开机使用时机器报警无法进行推注药物立即换备用机由于处理及时未对患者造成不良影响随即报修至器械科[SEP],无,无法进行推注使用时机器报警,2024年11月18日介入室护士使用注射泵给患者进行药物注射开机使用时机器报警无法进行推注药物立即换备用机由于处理及时未对患者造成不良影响随即报修至器械科,无法确定,原因不明无法确定,无,[CLS]无[SEP]无法进行推注使用时机器报警[SEP]2024年11月18日介入室护士使用注射泵给患者进行药物注射开机使用时机器报警无法进行推注药物立即换备用机由于处理及时未对患者造成不良影响随即报修至器械科[SEP],无法进行推注使用时机器报警,2024年11月18日介入室护士使用注射泵给患者进行药物注射开机使用时机器报警无法进行推注药物立即换备用机由于处理及时未对患者造成不良影响随即报修至器械科,由于该设备长期未进行注射器校准设备内存储的注射器信息与实际上泵的注射器信息不符导致设备无法准确识别上泵的注射器规格
1253717032024000807,其他,[CLS]无[SEP]机器运行时出现异常报警提示[SEP]2024年11月15日17时54分科室护士使用注射泵为病人注射药物时设置好注射泵泵速后机器运行良好2024年11月18日14时10分机器出现报警异提示值班护士立即对机器重新设置泵速后启动机器约30秒后又出现异常提示值班护士立即停止使用该机器并启用备用机由于过程处理及时未对患者造成不良影响[SEP],无,机器运行时出现异常报警提示,2024年11月15日17时54分科室护士使用注射泵为病人注射药物时设置好注射泵泵速后机器运行良好2024年11月18日14时10分机器出现报警异提示值班护士立即对机器重新设置泵速后启动机器约30秒后又出现异常提示值班护士立即停止使用该机器并启用备用机由于过程处理及时未对患者造成不良影响,产品原因（包括说明书等）,机械内部问题长时间使用可能导致注射泵的齿轮传动带等机械部件磨损影响注射泵的使用传感器故障压力传感器或流量传感器出现问题,无,[CLS]无[SEP]机器运行时出现异常报警提示[SEP]2024年11月15日17时54分科室护士使用注射泵为病人注射药物时设置好注射泵泵速后机器运行良好2024年11月18日14时10分机器出现报警异提示值班护士立即对机器重新设置泵速后启动机器约30秒后又出现异常提示值班护士立即停止使用该机器并启用备用机由于过程处理及时未对患者造成不良影响[SEP],机器运行时出现异常报警提示,2024年11月15日17时54分科室护士使用注射泵为病人注射药物时设置好注射泵泵速后机器运行良好2024年11月18日14时10分机器出现报警异提示值班护士立即对机器重新设置泵速后启动机器约30秒后又出现异常提示值班护士立即停止使用该机器并启用备用机由于过程处理及时未对患者造成不良影响,该设备已使用9年长期临床使用在转运过程中设备受到跌宕震动导致内部压力传感器插头松动压力值信号传输异常造成报警
1253705122024000905,其他,[CLS]尚未造成伤害[SEP]注射器插入电源不显示充电[SEP]20241213患者因脑梗死收入神经内科遵医嘱给予病人替罗非班5mlh持续静脉泵入插入电源时发现不显示充电设备故障立即更换注射泵通知设备科给予检查维修[SEP],尚未造成伤害,注射器插入电源不显示充电,20241213患者因脑梗死收入神经内科遵医嘱给予病人替罗非班5mlh持续静脉泵入插入电源时发现不显示充电设备故障立即更换注射泵通知设备科给予检查维修,产品原因（包括说明书等）,设备故障,尚未造成伤害,[CLS]尚未造成伤害[SEP]注射器插入电源不显示充电[SEP]20241213患者因脑梗死收入神经内科遵医嘱给予病人替罗非班5mlh持续静脉泵入插入电源时发现不显示充电设备故障立即更换注射泵通知设备科给予检查维修[SEP],注射器插入电源不显示充电,20241213患者因脑梗死收入神经内科遵医嘱给予病人替罗非班5mlh持续静脉泵入插入电源时发现不显示充电设备故障立即更换注射泵通知设备科给予检查维修,因该设备已使用5年长期临床使用电源板上元器件的焊接点发生氧化脱焊从而无法正常为设备供电
1253717032024000918,其他,[CLS]无[SEP]使用注射泵泵入生长抑素注射泵不能打开[SEP]2024年12月4日消化内科在使用该设备为病人泵入生长抑素时发现注射泵无法打开立即更换备用注射泵因更换及时未对患者造成不良影响随即报修至器械科[SEP],无,使用注射泵泵入生长抑素注射泵不能打开,2024年12月4日消化内科在使用该设备为病人泵入生长抑素时发现注射泵无法打开立即更换备用注射泵因更换及时未对患者造成不良影响随即报修至器械科,无法确定,使用注射泵持续泵入生长抑素发现注射泵无法打开遂更换注射泵,无,[CLS]无[SEP]使用注射泵泵入生长抑素注射泵不能打开[SEP]2024年12月4日消化内科在使用该设备为病人泵入生长抑素时发现注射泵无法打开立即更换备用注射泵因更换及时未对患者造成不良影响随即报修至器械科[SEP],使用注射泵泵入生长抑素注射泵不能打开,2024年12月4日消化内科在使用该设备为病人泵入生长抑素时发现注射泵无法打开立即更换备用注射泵因更换及时未对患者造成不良影响随即报修至器械科,该设备已使用8年处于超期使用状态长期临床使用电源板元器件老化故障从而导致设备无法通电开机
1386213012024000388,其他,[CLS]26床张学忠男57岁主因呕血黑粪1天入院遵医嘱给予艾司奥美拉唑钠80mg泵入N班护士巡视病房时发现液体在暂停立即按压启动键时未显示重新启动后仍处于暂停立即重新更换注射泵未对患者造成不良后果[SEP]26床张学忠男57岁主因呕血黑粪1天入院遵医嘱给予艾司奥美拉唑钠80mg泵入N班护士巡视病房时发现液体在暂停立即按压启动键时未显示重新启动后仍处于暂停立即重新更换注射泵未对患者造成不良后果[SEP]26床张学忠男57岁主因呕血黑粪1天入院遵医嘱给予艾司奥美拉唑钠80mg泵入N班护士巡视病房时发现液体在暂停立即按压启动键时未显示重新启动后仍处于暂停立即重新更换注射泵未对患者造成不良后果[SEP],26床张学忠男57岁主因呕血黑粪1天入院遵医嘱给予艾司奥美拉唑钠80mg泵入N班护士巡视病房时发现液体在暂停立即按压启动键时未显示重新启动后仍处于暂停立即重新更换注射泵未对患者造成不良后果,26床张学忠男57岁主因呕血黑粪1天入院遵医嘱给予艾司奥美拉唑钠80mg泵入N班护士巡视病房时发现液体在暂停立即按压启动键时未显示重新启动后仍处于暂停立即重新更换注射泵未对患者造成不良后果,26床张学忠男57岁主因呕血黑粪1天入院遵医嘱给予艾司奥美拉唑钠80mg泵入N班护士巡视病房时发现液体在暂停立即按压启动键时未显示重新启动后仍处于暂停立即重新更换注射泵未对患者造成不良后果,产品原因（包括说明书等）,26床张学忠男57岁主因呕血黑粪1天入院遵医嘱给予艾司奥美拉唑钠80mg泵入N班护士巡视病房时发现液体在暂停立即按压启动键时未显示重新启动后仍处于暂停立即重新更换注射泵未对患者造成不良后果,26床张学忠男57岁主因呕血黑粪1天入院遵医嘱给予艾司奥美拉唑钠80mg泵入N班护士巡视病房时发现液体在暂停立即按压启动键时未显示重新启动后仍处于暂停立即重新更换注射泵未对患者造成不良后果,[CLS]26床张学忠男57岁主因呕血黑粪1天入院遵医嘱给予艾司奥美拉唑钠80mg泵入N班护士巡视病房时发现液体在暂停立即按压启动键时未显示重新启动后仍处于暂停立即重新更换注射泵未对患者造成不良后果[SEP]26床张学忠男57岁主因呕血黑粪1天入院遵医嘱给予艾司奥美拉唑钠80mg泵入N班护士巡视病房时发现液体在暂停立即按压启动键时未显示重新启动后仍处于暂停立即重新更换注射泵未对患者造成不良后果[SEP]26床张学忠男57岁主因呕血黑粪1天入院遵医嘱给予艾司奥美拉唑钠80mg泵入N班护士巡视病房时发现液体在暂停立即按压启动键时未显示重新启动后仍处于暂停立即重新更换注射泵未对患者造成不良后果[SEP],26床张学忠男57岁主因呕血黑粪1天入院遵医嘱给予艾司奥美拉唑钠80mg泵入N班护士巡视病房时发现液体在暂停立即按压启动键时未显示重新启动后仍处于暂停立即重新更换注射泵未对患者造成不良后果,26床张学忠男57岁主因呕血黑粪1天入院遵医嘱给予艾司奥美拉唑钠80mg泵入N班护士巡视病房时发现液体在暂停立即按压启动键时未显示重新启动后仍处于暂停立即重新更换注射泵未对患者造成不良后果,该设备处于超期5年使用状态长期未进行注射器校准设备内存储的注射器参数与实际上泵的注射器参数不一致设备无法正常控制注射器管路内液体流速
1253701122024000638,其他,[CLS]影响病人治疗[SEP]按键不灵敏[SEP]2024年12月11日上午1102使用前科室发现注射泵按键不灵敏科室工作人员发现后立即为患者更换设备进行治疗并向设备管理部报修未对患者造成不良影响[SEP],影响病人治疗,按键不灵敏,2024年12月11日上午1102使用前科室发现注射泵按键不灵敏科室工作人员发现后立即为患者更换设备进行治疗并向设备管理部报修未对患者造成不良影响,产品原因（包括说明书等）,按键损坏,影响病人治疗,[CLS]影响病人治疗[SEP]按键不灵敏[SEP]2024年12月11日上午1102使用前科室发现注射泵按键不灵敏科室工作人员发现后立即为患者更换设备进行治疗并向设备管理部报修未对患者造成不良影响[SEP],按键不灵敏,2024年12月11日上午1102使用前科室发现注射泵按键不灵敏科室工作人员发现后立即为患者更换设备进行治疗并向设备管理部报修未对患者造成不良影响,由于该设备已使用11年长期临床使用导致按键老化无法正常使用
1253717032024000883,其他,[CLS]无[SEP]注射器推进杆夹不住[SEP]2024年12月2号科室每日对设备进行开机检查时发现输液器夹不住报设备科维修拆机检查夹持器内部发现有一连接齿轮损坏造成夹持无法关联没有对患者造成不利影响[SEP],无,注射器推进杆夹不住,2024年12月2号科室每日对设备进行开机检查时发现输液器夹不住报设备科维修拆机检查夹持器内部发现有一连接齿轮损坏造成夹持无法关联没有对患者造成不利影响,产品原因（包括说明书等）,拆机检查夹持器内部发现有一连接齿轮损坏造成夹持无法关联,无,[CLS]无[SEP]注射器推进杆夹不住[SEP]2024年12月2号科室每日对设备进行开机检查时发现输液器夹不住报设备科维修拆机检查夹持器内部发现有一连接齿轮损坏造成夹持无法关联没有对患者造成不利影响[SEP],注射器推进杆夹不住,2024年12月2号科室每日对设备进行开机检查时发现输液器夹不住报设备科维修拆机检查夹持器内部发现有一连接齿轮损坏造成夹持无法关联没有对患者造成不利影响,由于该设备已使用8年处于超期使用状态长期临床使用内部零件老化磨损齿轮损伤后无法完成扭矩传动无法正常夹持注射器
1253717032024000884,其他,[CLS]无[SEP]注射器推进杆夹不住[SEP]2024年12月4号科室检查设备时发现输液器夹不住报设备科维修拆机检查夹持器内部发现有一连接齿轮损坏造成夹持无法关联没有对患者造成不利影响[SEP],无,注射器推进杆夹不住,2024年12月4号科室检查设备时发现输液器夹不住报设备科维修拆机检查夹持器内部发现有一连接齿轮损坏造成夹持无法关联没有对患者造成不利影响,产品原因（包括说明书等）,拆机检查夹持器内部发现有一连接齿轮损坏造成夹持无法关联,无,[CLS]无[SEP]注射器推进杆夹不住[SEP]2024年12月4号科室检查设备时发现输液器夹不住报设备科维修拆机检查夹持器内部发现有一连接齿轮损坏造成夹持无法关联没有对患者造成不利影响[SEP],注射器推进杆夹不住,2024年12月4号科室检查设备时发现输液器夹不住报设备科维修拆机检查夹持器内部发现有一连接齿轮损坏造成夹持无法关联没有对患者造成不利影响,由于该设备已使用8年处于超期使用状态长期临床使用内部元件老化磨损无法完成扭矩传动无法正常夹持注射器
1162101072024000738,其他,[CLS]时间过长回血[SEP]泵入结束不及时报警[SEP]患者于2024年11月14日收治入院予硝酸甘油扩冠治疗11月14日发现硝酸甘油结束后注射泵没有报警发现后立即给予封管并更换注射泵[SEP],时间过长回血,泵入结束不及时报警,患者于2024年11月14日收治入院予硝酸甘油扩冠治疗11月14日发现硝酸甘油结束后注射泵没有报警发现后立即给予封管并更换注射泵,无法确定,设备不灵敏,时间过长回血,[CLS]时间过长回血[SEP]泵入结束不及时报警[SEP]患者于2024年11月14日收治入院予硝酸甘油扩冠治疗11月14日发现硝酸甘油结束后注射泵没有报警发现后立即给予封管并更换注射泵[SEP],泵入结束不及时报警,患者于2024年11月14日收治入院予硝酸甘油扩冠治疗11月14日发现硝酸甘油结束后注射泵没有报警发现后立即给予封管并更换注射泵,该设备已使用8年长期临床使用导致喇叭内部电线焊接点氧化当频繁转运搬动设备时线束晃动导致焊点松动脱落无法正常导电发声
1386204002024001151,其他,[CLS][SEP]报警系统故障1[SEP]科室使用该设备时设备报警系统故障1设备无法正常使用随上报运维中心维修[SEP],,报警系统故障1,科室使用该设备时设备报警系统故障1设备无法正常使用随上报运维中心维修,"产品原因（包括说明书等）,无法确定",可能为电机故障,,[CLS][SEP]报警系统故障1[SEP]科室使用该设备时设备报警系统故障1设备无法正常使用随上报运维中心维修[SEP],报警系统故障1,科室使用该设备时设备报警系统故障1设备无法正常使用随上报运维中心维修,1经检查故障发生的原因为电机模块的螺丝脱落卡在电机上电机运行过程中被螺丝卡住无法正常步进导致电机故障2螺丝脱落的原因分析为由于该设备已使用3年多长期临床转运搬动设备设备震动跌宕内部螺丝随设备晃动发生松动现象长期松动导致脱落
1253715022024000562,其他,[CLS]无[SEP]D0101_故障提示[SEP]2024年12月22日科室工作人员使用设备时设备启动后报离合未闭快进报排气完成立即更换同类设备后联系设备科进行维修[SEP],无,D0101_故障提示,2024年12月22日科室工作人员使用设备时设备启动后报离合未闭快进报排气完成立即更换同类设备后联系设备科进行维修,产品原因（包括说明书等）,疑似质量缺陷,无,[CLS]无[SEP]D0101_故障提示[SEP]2024年12月22日科室工作人员使用设备时设备启动后报离合未闭快进报排气完成立即更换同类设备后联系设备科进行维修[SEP],D0101_故障提示,2024年12月22日科室工作人员使用设备时设备启动后报离合未闭快进报排气完成立即更换同类设备后联系设备科进行维修,该设备已使用4年长期临床使用在转运过程中受到震荡当内部FPC线未固定牢固时FPC线与周围电路板摩擦导致磨损而FPC线是负责传递离合检测信号损坏后造成检测信号中断从而发生报警
1386204002024001111,其他,[CLS]无[SEP]卡夹破裂[SEP]设备开机正常夹注射器时卡夹破裂[SEP],无,卡夹破裂,设备开机正常夹注射器时卡夹破裂,"产品原因（包括说明书等）,无法确定",初步判断为卡夹材质太脆导致易断裂,无,[CLS]无[SEP]卡夹破裂[SEP]设备开机正常夹注射器时卡夹破裂[SEP],卡夹破裂,设备开机正常夹注射器时卡夹破裂,由于该设备已使用13年处于超寿命期使用状态长期临床使用频繁捏合捏柄导致捏柄材质老化开裂而捏柄是固定注射器推杆尾端的装置部件之一控制注射泵的注射器夹张开与闭合当其损伤后无法调节离合器位置
1386204002024001088,其他,[CLS][SEP]报警离合未顶紧[SEP]科室在使用时报警离合未顶紧无法使用随上报运维中心维修[SEP],,报警离合未顶紧,科室在使用时报警离合未顶紧无法使用随上报运维中心维修,"产品原因（包括说明书等）,无法确定",设备排线故障,,[CLS][SEP]报警离合未顶紧[SEP]科室在使用时报警离合未顶紧无法使用随上报运维中心维修[SEP],报警离合未顶紧,科室在使用时报警离合未顶紧无法使用随上报运维中心维修,该设备已使用3年在临床频繁转运过程中受到震荡当FPC线未固定牢固时与周围电路板发生摩擦而FPC线是负责传递离合检测信号损坏后造成检测信号中断
1207403242024000807,其他,[CLS]null[SEP]阻塞报警[SEP]设备使用过程中出现阻塞报警[SEP],null,阻塞报警,设备使用过程中出现阻塞报警,产品原因（包括说明书等）,null,null,[CLS]null[SEP]阻塞报警[SEP]设备使用过程中出现阻塞报警[SEP],阻塞报警,设备使用过程中出现阻塞报警,由于该设备已使用超过11年设备内部的压力检测值可能因缺乏校准维护导致出现偏差引发了阻塞报警
1131301442024000618,其他,[CLS]无[SEP]D0308_适配问题[SEP]20241106日患者因病情需要使用微量注射泵进行药物输入配好的液体与微量泵上的轨道不兼容注射器总是弹出推到上无法固定使用立即更换其他注射泵给患者继续使用给临床护理工作的带来不便上报不良事件[SEP],无,D0308_适配问题,20241106日患者因病情需要使用微量注射泵进行药物输入配好的液体与微量泵上的轨道不兼容注射器总是弹出推到上无法固定使用立即更换其他注射泵给患者继续使用给临床护理工作的带来不便上报不良事件,无法确定,注射泵轨道上的卡扣可能松动导致注射器总弹出,无,[CLS]无[SEP]D0308_适配问题[SEP]20241106日患者因病情需要使用微量注射泵进行药物输入配好的液体与微量泵上的轨道不兼容注射器总是弹出推到上无法固定使用立即更换其他注射泵给患者继续使用给临床护理工作的带来不便上报不良事件[SEP],D0308_适配问题,20241106日患者因病情需要使用微量注射泵进行药物输入配好的液体与微量泵上的轨道不兼容注射器总是弹出推到上无法固定使用立即更换其他注射泵给患者继续使用给临床护理工作的带来不便上报不良事件,由于该设备已使用7年长期临床使用频繁捏合捏柄导致捏柄材质老化开裂而捏柄是固定注射器推杆尾端的装置部件之一控制注射泵的注射器夹张开与闭合当其损伤后无法调节离合器位置
1207403242024000790,其他,[CLS]null[SEP]无法开机[SEP]准备使用时发现设备无法开机[SEP],null,无法开机,准备使用时发现设备无法开机,产品原因（包括说明书等）,null,null,[CLS]null[SEP]无法开机[SEP]准备使用时发现设备无法开机[SEP],无法开机,准备使用时发现设备无法开机,该设备已使用超过11年长期临床使用导致电源板老化故障设备无法通电开机
1141410012024000363,其他,[CLS]无[SEP]null[SEP]2024年9月15日上午9点患儿输注高营养液1小时候发现高营养液体总量无变化注射泵不能正常工作不进液体立即更换注射泵并报告设备科并进行维修[SEP],无,null,2024年9月15日上午9点患儿输注高营养液1小时候发现高营养液体总量无变化注射泵不能正常工作不进液体立即更换注射泵并报告设备科并进行维修,产品原因（包括说明书等）,null,无,[CLS]无[SEP]null[SEP]2024年9月15日上午9点患儿输注高营养液1小时候发现高营养液体总量无变化注射泵不能正常工作不进液体立即更换注射泵并报告设备科并进行维修[SEP],null,2024年9月15日上午9点患儿输注高营养液1小时候发现高营养液体总量无变化注射泵不能正常工作不进液体立即更换注射泵并报告设备科并进行维修,营养液作为一种特殊的液体与普通的盐水和葡萄糖等输液液体有所不同尽管普通输液泵可以输送营养液但它并不是最佳选择普通输液泵所采用的压力传感器无法满足营养液输送时对流速的高精度要求营养液中添加的复杂成分也会导致传感器的灵敏度下降影响输送流量的准确性
1274204002024000919,其他,[CLS]未造成伤害[SEP]固定注射器的卡扣及卡座断掉脱落设备无法工作[SEP]2024年11月22日科室护士使用该设备时发现固定注射器的卡扣及卡座断掉脱落设备无法工作通知设备科工程师维修[SEP],未造成伤害,固定注射器的卡扣及卡座断掉脱落设备无法工作,2024年11月22日科室护士使用该设备时发现固定注射器的卡扣及卡座断掉脱落设备无法工作通知设备科工程师维修,产品原因（包括说明书等）,检查发现除固定注射器的卡扣及卡座断掉脱落外打开外壳后发现内部固定短电位器的拨叉也断裂了需更换,未造成伤害,[CLS]未造成伤害[SEP]固定注射器的卡扣及卡座断掉脱落设备无法工作[SEP]2024年11月22日科室护士使用该设备时发现固定注射器的卡扣及卡座断掉脱落设备无法工作通知设备科工程师维修[SEP],固定注射器的卡扣及卡座断掉脱落设备无法工作,2024年11月22日科室护士使用该设备时发现固定注射器的卡扣及卡座断掉脱落设备无法工作通知设备科工程师维修,由于该设备已使用11年处于超期5年使用状态长期临床使用造成结构件的老化损伤1频繁捏合捏柄导致捏柄材质老化开裂而捏柄是固定注射器推杆尾端的装置部件之一控制注射泵的注射器夹张开与闭合当其损伤后无法调节离合器位置2短电位器拔插老化断裂导致短电位器插头松动从而无法通过注射器筒径识别注射器的规格
1406545002024002356,其他,[CLS]M210202_给药不足[SEP]D010302_按键故障[SEP]使用过程中调整剂量按键接触不良[SEP],M210202_给药不足,D010302_按键故障,使用过程中调整剂量按键接触不良,产品原因（包括说明书等）,按键失灵导致无法调整剂量,M210202_给药不足,[CLS]M210202_给药不足[SEP]D010302_按键故障[SEP]使用过程中调整剂量按键接触不良[SEP],D010302_按键故障,使用过程中调整剂量按键接触不良,由于该设备已使用10年多处于超期5年使用状态长期临床使用频繁按压按键按键老化与主控板接触不良导致偶发按键无法正常使用现象
1386204002024000827,其他,[CLS]null[SEP]报警系统错误[SEP]科室在使用时报警系统故障[SEP],null,报警系统错误,科室在使用时报警系统故障,"产品原因（包括说明书等）,无法确定",偶发故障或者其他原因,null,[CLS]null[SEP]报警系统错误[SEP]科室在使用时报警系统故障[SEP],报警系统错误,科室在使用时报警系统故障,根据故障情况分析压力传感器插头松动的原因可能为长期临床使用在搬动与转运过程中设备受到跌宕震动导致内部压力传感器插头松动压力值信号传输异常造成报警
1274209002024000185,其他,[CLS]无[SEP]注射泵注射时间不准确[SEP]2024年10月28日患儿输注静脉营养组液体输液总量为50ml以59ml小时输注于2350静脉输注完毕8小时40分钟注射量仅6小时输注完毕[SEP],无,注射泵注射时间不准确,2024年10月28日患儿输注静脉营养组液体输液总量为50ml以59ml小时输注于2350静脉输注完毕8小时40分钟注射量仅6小时输注完毕,产品原因（包括说明书等）,输注时间没有按照规定的时间来完成可能造成患儿身体的不适有可能存在的原因是该设备使用年限较长没有及时检修,无,[CLS]无[SEP]注射泵注射时间不准确[SEP]2024年10月28日患儿输注静脉营养组液体输液总量为50ml以59ml小时输注于2350静脉输注完毕8小时40分钟注射量仅6小时输注完毕[SEP],注射泵注射时间不准确,2024年10月28日患儿输注静脉营养组液体输液总量为50ml以59ml小时输注于2350静脉输注完毕8小时40分钟注射量仅6小时输注完毕,营养液作为一种特殊的液体与普通的盐水和葡萄糖等输液液体有所不同尽管普通输液泵可以输送营养液但它并不是最佳选择普通输液泵所采用的压力传感器无法满足营养液输送时对流速的高精度要求营养液中添加的复杂成分也会导致传感器的灵敏度下降影响输送流量的准确性
1131301442024000629,其他,[CLS]无[SEP]离合未闭故障[SEP]20241106日患者因病情需要使用注射泵进行药物泵入连接好注射泵后开机提示离合未闭系统报故障导致无法使用注射泵立即更换其他注射泵继续使用此设备移出工作区报维修[SEP],无,离合未闭故障,20241106日患者因病情需要使用注射泵进行药物泵入连接好注射泵后开机提示离合未闭系统报故障导致无法使用注射泵立即更换其他注射泵继续使用此设备移出工作区报维修,无法确定,考虑内部零件有损坏导致报警,无,[CLS]无[SEP]离合未闭故障[SEP]20241106日患者因病情需要使用注射泵进行药物泵入连接好注射泵后开机提示离合未闭系统报故障导致无法使用注射泵立即更换其他注射泵继续使用此设备移出工作区报维修[SEP],离合未闭故障,20241106日患者因病情需要使用注射泵进行药物泵入连接好注射泵后开机提示离合未闭系统报故障导致无法使用注射泵立即更换其他注射泵继续使用此设备移出工作区报维修,由于该设备已超使用期限长期临床使用与转运过程中的震荡造成FPC线老化松动且会与周围电路板摩擦导致磨损而FPC线是负责传递离合检测信号损坏后造成检测信号中断从而发生报警
1203203102024000163,其他,[CLS]长电位无变化[SEP]null[SEP]护士拉动长电位杆屏幕无变化[SEP],长电位无变化,null,护士拉动长电位杆屏幕无变化,产品原因（包括说明书等）,null,长电位无变化,[CLS]长电位无变化[SEP]null[SEP]护士拉动长电位杆屏幕无变化[SEP],null,护士拉动长电位杆屏幕无变化,该设备已使用10年多处于超期使用状态长期临床使用导致电位器松动位移或者损伤而作为行程传感器当其功能异常时无法准确识别注射器位置导致电位器数值没变化
1151511032024000428,其他,[CLS]无[SEP]D0101_故障提示[SEP]20241024注射泵B通道注射时故障提示注射器未顶紧联系柯渡进行维修未对患者造成伤害[SEP],无,D0101_故障提示,20241024注射泵B通道注射时故障提示注射器未顶紧联系柯渡进行维修未对患者造成伤害,产品原因（包括说明书等）,设备故障,无,[CLS]无[SEP]D0101_故障提示[SEP]20241024注射泵B通道注射时故障提示注射器未顶紧联系柯渡进行维修未对患者造成伤害[SEP],D0101_故障提示,20241024注射泵B通道注射时故障提示注射器未顶紧联系柯渡进行维修未对患者造成伤害,1FPC线的功能之一是负责传递检测信号损坏后造成检测信号中断发出注射器未顶紧报警报警后设备不能注射药物无法正常使用2该例FPC线损坏的原因可能是生产过程中内部FPC线未固定牢固在临床搬运过程中产生晃动FPC线与周围电路板摩擦导致磨损
1253703002024001481,严重伤害,[CLS]影响临床治疗过程[SEP]该注射泵使用中无故持续报警[SEP]2024年11月20日脑病科护理人员对病人进行定量注射操作注射过程中注射泵开始无故报警且取消报警后一段时间再次报警导致病人注射过程中断随机停止使用该注射泵[SEP],影响临床治疗过程,该注射泵使用中无故持续报警,2024年11月20日脑病科护理人员对病人进行定量注射操作注射过程中注射泵开始无故报警且取消报警后一段时间再次报警导致病人注射过程中断随机停止使用该注射泵,产品原因（包括说明书等）,质量问题,影响临床治疗过程,[CLS]影响临床治疗过程[SEP]该注射泵使用中无故持续报警[SEP]2024年11月20日脑病科护理人员对病人进行定量注射操作注射过程中注射泵开始无故报警且取消报警后一段时间再次报警导致病人注射过程中断随机停止使用该注射泵[SEP],该注射泵使用中无故持续报警,2024年11月20日脑病科护理人员对病人进行定量注射操作注射过程中注射泵开始无故报警且取消报警后一段时间再次报警导致病人注射过程中断随机停止使用该注射泵,院方上报的是严重伤害根据严重伤害的定义我司认为应为其他1问题发生时设备发出报警并停止注射科室及时发现并更换其他设备继续为患者进行治疗未对人体造成伤害2FPC线插头松动的原因是生产过程中内部FPC线未固定牢固或临床长期使用频繁搬动设备设备震动跌宕内部线束晃动导致FPC线插头松动信号传递异常引发报警
1274204002024000953,严重伤害,[CLS]可能造成用药量不准确导致患者严重伤害[SEP]设定的5小时打完实际打了8小时[SEP]2024年11月27日科室护士反映该注射泵为病人注射时设定的5小时打完实际打了8小时通知设备科工程师处理[SEP],可能造成用药量不准确导致患者严重伤害,设定的5小时打完实际打了8小时,2024年11月27日科室护士反映该注射泵为病人注射时设定的5小时打完实际打了8小时通知设备科工程师处理,产品原因（包括说明书等）,该注射泵需要进行校准,可能造成用药量不准确导致患者严重伤害,[CLS]可能造成用药量不准确导致患者严重伤害[SEP]设定的5小时打完实际打了8小时[SEP]2024年11月27日科室护士反映该注射泵为病人注射时设定的5小时打完实际打了8小时通知设备科工程师处理[SEP],设定的5小时打完实际打了8小时,2024年11月27日科室护士反映该注射泵为病人注射时设定的5小时打完实际打了8小时通知设备科工程师处理,院方上报的是严重伤害根据严重伤害的定义我司认为应为其他1问题发生时输液实际速度比设定速度慢科室对患者进行监护并立即停用设备患者无明显不适症状无需采取治疗措施2医院长期未进行注射器校准设备内存储的注射器参数与实际注射器参数不一致导致实际流速与设定流速不一致
1274201022024000673,其他,[CLS]无[SEP]推杆柄损坏[SEP]2024年11月28日上午护士在设备维护时发现该设备推杆柄损坏联系更换[SEP],无,推杆柄损坏,2024年11月28日上午护士在设备维护时发现该设备推杆柄损坏联系更换,无法确定,配件老化,无,[CLS]无[SEP]推杆柄损坏[SEP]2024年11月28日上午护士在设备维护时发现该设备推杆柄损坏联系更换[SEP],推杆柄损坏,2024年11月28日上午护士在设备维护时发现该设备推杆柄损坏联系更换,由于该设备已超5年使用寿命期长期临床使用频繁捏合捏柄导致捏柄材质老化开裂而捏柄是固定注射器推杆尾端的装置部件之一控制注射泵的注射器夹张开与闭合当其损伤后无法调节离合器位置
1376108032024000763,其他,[CLS]无[SEP]捏柄断裂无法使用[SEP]12月11日护士准备为患儿注射药物时发现注射泵捏柄断裂无法使用立即更换注射泵并报器械科维修组维修[SEP],无,捏柄断裂无法使用,12月11日护士准备为患儿注射药物时发现注射泵捏柄断裂无法使用立即更换注射泵并报器械科维修组维修,产品原因（包括说明书等）,注射泵捏柄断裂,无,[CLS]无[SEP]捏柄断裂无法使用[SEP]12月11日护士准备为患儿注射药物时发现注射泵捏柄断裂无法使用立即更换注射泵并报器械科维修组维修[SEP],捏柄断裂无法使用,12月11日护士准备为患儿注射药物时发现注射泵捏柄断裂无法使用立即更换注射泵并报器械科维修组维修,由于该设备已超使用期限长期临床使用频繁捏合捏柄导致捏柄材质老化开裂而捏柄是固定注射器推杆尾端的装置部件之一控制注射泵的注射器夹张开与闭合当其损伤后无法调节离合器位置
1203203102024000167,其他,[CLS]流速过快[SEP]null[SEP]使用过程中护士发现液体流速过快[SEP],流速过快,null,使用过程中护士发现液体流速过快,"患者自身原因,操作原因",流速过快主要有以下几种情况1电路板故障如导线脱落导线错位程序故障2电机故障如减速齿轮箱故障有刷电机转向器损坏3使用因素如输注泵位置摆放过高或过低压头不紧重力因素导致药液流速加快患者体位或自身疾病因素自控追加次数频率过快,流速过快,[CLS]流速过快[SEP]null[SEP]使用过程中护士发现液体流速过快[SEP],null,使用过程中护士发现液体流速过快,患者输液位置的变化会影响输液系统的压力和阻力从而间接影响流速比如注射泵相对于患者的静脉通路的高度发生变化重力会对液体流动产生影响或者患者从卧位变为坐位时可能会暂时性地影响到注射部位的压力进而影响流速当调整并稳定患者体位后流速即可恢复正常
1376108032024000789,其他,[CLS]延缓治疗[SEP]夹钳断裂无法使用[SEP]16日上午护士准备为患儿注射药物时发现注射泵夹钳断裂无法使用立即报器械科维修组维修[SEP],延缓治疗,夹钳断裂无法使用,16日上午护士准备为患儿注射药物时发现注射泵夹钳断裂无法使用立即报器械科维修组维修,产品原因（包括说明书等）,多考虑该产品存在质量问题,延缓治疗,[CLS]延缓治疗[SEP]夹钳断裂无法使用[SEP]16日上午护士准备为患儿注射药物时发现注射泵夹钳断裂无法使用立即报器械科维修组维修[SEP],夹钳断裂无法使用,16日上午护士准备为患儿注射药物时发现注射泵夹钳断裂无法使用立即报器械科维修组维修,由于该设备已超使用期限长期临床使用频繁捏合捏柄导致捏柄材质老化开裂而捏柄是固定注射器推杆尾端的装置部件之一控制注射泵的注射器夹张开与闭合当其损伤后无法调节离合器位置
1386204042024000237,其他,[CLS]患者心力衰竭经过初步诊断治疗后于2024年11月20日1700遵医嘱使用注射泵静脉缓慢给药护士打开注射泵发现感应器不灵敏换另一注射泵为患者给药未对患者造成影响联系设备科进行维修[SEP]注射泵发现感应器不灵敏[SEP]患者心力衰竭经过初步诊断治疗后于2024年11月20日1700遵医嘱使用注射泵静脉缓慢给药护士打开注射泵发现感应器不灵敏换另一注射泵为患者给药未对患者造成影响联系设备科进行维修[SEP],患者心力衰竭经过初步诊断治疗后于2024年11月20日1700遵医嘱使用注射泵静脉缓慢给药护士打开注射泵发现感应器不灵敏换另一注射泵为患者给药未对患者造成影响联系设备科进行维修,注射泵发现感应器不灵敏,患者心力衰竭经过初步诊断治疗后于2024年11月20日1700遵医嘱使用注射泵静脉缓慢给药护士打开注射泵发现感应器不灵敏换另一注射泵为患者给药未对患者造成影响联系设备科进行维修,产品原因（包括说明书等）,该设备频发性事件系质量原因,患者心力衰竭经过初步诊断治疗后于2024年11月20日1700遵医嘱使用注射泵静脉缓慢给药护士打开注射泵发现感应器不灵敏换另一注射泵为患者给药未对患者造成影响联系设备科进行维修,[CLS]患者心力衰竭经过初步诊断治疗后于2024年11月20日1700遵医嘱使用注射泵静脉缓慢给药护士打开注射泵发现感应器不灵敏换另一注射泵为患者给药未对患者造成影响联系设备科进行维修[SEP]注射泵发现感应器不灵敏[SEP]患者心力衰竭经过初步诊断治疗后于2024年11月20日1700遵医嘱使用注射泵静脉缓慢给药护士打开注射泵发现感应器不灵敏换另一注射泵为患者给药未对患者造成影响联系设备科进行维修[SEP],注射泵发现感应器不灵敏,患者心力衰竭经过初步诊断治疗后于2024年11月20日1700遵医嘱使用注射泵静脉缓慢给药护士打开注射泵发现感应器不灵敏换另一注射泵为患者给药未对患者造成影响联系设备科进行维修,该设备已超使用期限长期临床使用导致电位器松动位移或者损伤而作为行程传感器当其功能异常时不能准确识别注射器位置导致电位器数值没变化就会造成感应器感应不灵敏
1386204042024000192,其他,[CLS]null[SEP]患者心力衰竭经过初步诊断治疗后于2024年10月08日1100遵医嘱使用注射泵静脉缓慢给药护士打开注射泵发现感应器不灵敏换另一注射泵为患者给药未对患者造成影响联系设备科进行维修[SEP]患者心力衰竭经过初步诊断治疗后于2024年10月08日1100遵医嘱使用注射泵静脉缓慢给药护士打开注射泵发现感应器不灵敏换另一注射泵为患者给药未对患者造成影响联系设备科进行维修[SEP],null,患者心力衰竭经过初步诊断治疗后于2024年10月08日1100遵医嘱使用注射泵静脉缓慢给药护士打开注射泵发现感应器不灵敏换另一注射泵为患者给药未对患者造成影响联系设备科进行维修,患者心力衰竭经过初步诊断治疗后于2024年10月08日1100遵医嘱使用注射泵静脉缓慢给药护士打开注射泵发现感应器不灵敏换另一注射泵为患者给药未对患者造成影响联系设备科进行维修,产品原因（包括说明书等）,最近威高注射泵经常性出现类似问题,null,[CLS]null[SEP]患者心力衰竭经过初步诊断治疗后于2024年10月08日1100遵医嘱使用注射泵静脉缓慢给药护士打开注射泵发现感应器不灵敏换另一注射泵为患者给药未对患者造成影响联系设备科进行维修[SEP]患者心力衰竭经过初步诊断治疗后于2024年10月08日1100遵医嘱使用注射泵静脉缓慢给药护士打开注射泵发现感应器不灵敏换另一注射泵为患者给药未对患者造成影响联系设备科进行维修[SEP],患者心力衰竭经过初步诊断治疗后于2024年10月08日1100遵医嘱使用注射泵静脉缓慢给药护士打开注射泵发现感应器不灵敏换另一注射泵为患者给药未对患者造成影响联系设备科进行维修,患者心力衰竭经过初步诊断治疗后于2024年10月08日1100遵医嘱使用注射泵静脉缓慢给药护士打开注射泵发现感应器不灵敏换另一注射泵为患者给药未对患者造成影响联系设备科进行维修,由于该设备已超使用期限在长期临床转运过程中受到震荡导致电位器松动位移或者损伤而作为行程传感器当其功能异常时不能准确识别注射器位置导致电位器数值没变化就会造成感应器感应不灵敏
1376108032024000751,其他,[CLS]延缓治疗[SEP]拉杆断裂无法使用[SEP]12月10日护士发现该注射泵拉杆断裂无法使用立即报器械科维修组[SEP],延缓治疗,拉杆断裂无法使用,12月10日护士发现该注射泵拉杆断裂无法使用立即报器械科维修组,产品原因（包括说明书等）,注射泵拉杆断裂,延缓治疗,[CLS]延缓治疗[SEP]拉杆断裂无法使用[SEP]12月10日护士发现该注射泵拉杆断裂无法使用立即报器械科维修组[SEP],拉杆断裂无法使用,12月10日护士发现该注射泵拉杆断裂无法使用立即报器械科维修组,因该设备已使用12年长期临床使用频繁拉动推杆丝杆套筒老化断裂从而无法拉动拉杆
1386204002024000996,其他,[CLS][SEP]报警压力值异常[SEP]设备在使用时报警压力值异常导致设备无法正常使用科室随上报运维中心[SEP],,报警压力值异常,设备在使用时报警压力值异常导致设备无法正常使用科室随上报运维中心,产品原因（包括说明书等）,传感器排线故障,,[CLS][SEP]报警压力值异常[SEP]设备在使用时报警压力值异常导致设备无法正常使用科室随上报运维中心[SEP],报警压力值异常,设备在使用时报警压力值异常导致设备无法正常使用科室随上报运维中心,由于该设备已超使用期限长期临床使用在转运过程中产生震荡压力传感器连线与周围电路板摩擦导致磨损压力值无法检测从而引发系统报警
1386204002024000995,其他,[CLS][SEP]电池亏损[SEP]科室在转用病人时发现设备一断电设备立马关机影响病人输液随更换设备之后上报运维中心维修[SEP],,电池亏损,科室在转用病人时发现设备一断电设备立马关机影响病人输液随更换设备之后上报运维中心维修,"产品原因（包括说明书等）,无法确定",设备电池亏损,,[CLS][SEP]电池亏损[SEP]科室在转用病人时发现设备一断电设备立马关机影响病人输液随更换设备之后上报运维中心维修[SEP],电池亏损,科室在转用病人时发现设备一断电设备立马关机影响病人输液随更换设备之后上报运维中心维修,该设备已超使用期限注射泵配备的电池为可充电锂电池该电池属于消耗品随着使用年限的增加电池性能会衰减电池蓄电能力降低不足以满足设备正常运行导致关机
1386204002024000994,其他,[CLS][SEP]设备无报警音[SEP]科室在使用时发现设备无报警音导致出现特殊情况护士无法第一时间知晓为保障患者安全护士跟换另外一台泵完成输液随后上报运维中心维修[SEP],,设备无报警音,科室在使用时发现设备无报警音导致出现特殊情况护士无法第一时间知晓为保障患者安全护士跟换另外一台泵完成输液随后上报运维中心维修,"产品原因（包括说明书等）,无法确定",喇叭故障,,[CLS][SEP]设备无报警音[SEP]科室在使用时发现设备无报警音导致出现特殊情况护士无法第一时间知晓为保障患者安全护士跟换另外一台泵完成输液随后上报运维中心维修[SEP],设备无报警音,科室在使用时发现设备无报警音导致出现特殊情况护士无法第一时间知晓为保障患者安全护士跟换另外一台泵完成输液随后上报运维中心维修,该设备已超使用寿命期长期临床使用导致喇叭内部电线焊接点氧化当频繁转运搬动设备时线束晃动导致焊点松动脱落无法正常导电发声
1253711042024000423,其他,[CLS]设备故障未累计患者[SEP]D1201_设备或部件脱离[SEP]2024年10月20日患者刘淑萍因多发脑挫伤入院治疗科室工作人员使用该设备为患者药物注射治疗时注射器无法安装到位无法为患者进行注射导致重症患者治疗中断事件发生后科室工作人员立即协调更换设备为患者进行治疗未对患者造成伤害但对于重症患者治疗中断存在一定的医疗风险[SEP],设备故障未累计患者,D1201_设备或部件脱离,2024年10月20日患者刘淑萍因多发脑挫伤入院治疗科室工作人员使用该设备为患者药物注射治疗时注射器无法安装到位无法为患者进行注射导致重症患者治疗中断事件发生后科室工作人员立即协调更换设备为患者进行治疗未对患者造成伤害但对于重症患者治疗中断存在一定的医疗风险,产品原因（包括说明书等）,经工程师维修判定该设备针筒夹子断裂导致无法安装使用故障发生,设备故障未累计患者,[CLS]设备故障未累计患者[SEP]D1201_设备或部件脱离[SEP]2024年10月20日患者刘淑萍因多发脑挫伤入院治疗科室工作人员使用该设备为患者药物注射治疗时注射器无法安装到位无法为患者进行注射导致重症患者治疗中断事件发生后科室工作人员立即协调更换设备为患者进行治疗未对患者造成伤害但对于重症患者治疗中断存在一定的医疗风险[SEP],D1201_设备或部件脱离,2024年10月20日患者刘淑萍因多发脑挫伤入院治疗科室工作人员使用该设备为患者药物注射治疗时注射器无法安装到位无法为患者进行注射导致重症患者治疗中断事件发生后科室工作人员立即协调更换设备为患者进行治疗未对患者造成伤害但对于重症患者治疗中断存在一定的医疗风险,该设备捏柄反复受到按压或者大力进行开合导致损伤开裂从而无法控制注射泵的注射器夹张开与闭合以固定注射器推杆的尾端导致注射泵不能正常推药
1253715022024000485,其他,[CLS]无[SEP]D15050701_器械相互磨损[SEP]2024年11月26日科室在治疗前准备阶段发现设备固定夹无法拧紧不能固定到输液架上立即联系设备科进行维修[SEP],无,D15050701_器械相互磨损,2024年11月26日科室在治疗前准备阶段发现设备固定夹无法拧紧不能固定到输液架上立即联系设备科进行维修,产品原因（包括说明书等）,疑似质量缺陷,无,[CLS]无[SEP]D15050701_器械相互磨损[SEP]2024年11月26日科室在治疗前准备阶段发现设备固定夹无法拧紧不能固定到输液架上立即联系设备科进行维修[SEP],D15050701_器械相互磨损,2024年11月26日科室在治疗前准备阶段发现设备固定夹无法拧紧不能固定到输液架上立即联系设备科进行维修,设备已使用4年紧固夹为附件长期拧动螺丝紧固夹螺纹磨损或在使用过程中扭动螺丝不小心拧偏从而导致滑丝
1253711042024000475,其他,[CLS]设备故障未累计患者[SEP]夹子损坏[SEP]2024年11月19日患者金英明因十二指肠炎疾病住院进行治疗科室使用该设备为患者进行药物注射时发生注射泵设备无法完成推药情况影响了患者治疗进程事件发生后科室人员立即更换设备为病人进行药物注射延长了患者治疗时间存在一定的医疗风险[SEP],设备故障未累计患者,夹子损坏,2024年11月19日患者金英明因十二指肠炎疾病住院进行治疗科室使用该设备为患者进行药物注射时发生注射泵设备无法完成推药情况影响了患者治疗进程事件发生后科室人员立即更换设备为病人进行药物注射延长了患者治疗时间存在一定的医疗风险,产品原因（包括说明书等）,工程师维修判定设备注射泵夹子损坏导致无法完成推药,设备故障未累计患者,[CLS]设备故障未累计患者[SEP]夹子损坏[SEP]2024年11月19日患者金英明因十二指肠炎疾病住院进行治疗科室使用该设备为患者进行药物注射时发生注射泵设备无法完成推药情况影响了患者治疗进程事件发生后科室人员立即更换设备为病人进行药物注射延长了患者治疗时间存在一定的医疗风险[SEP],夹子损坏,2024年11月19日患者金英明因十二指肠炎疾病住院进行治疗科室使用该设备为患者进行药物注射时发生注射泵设备无法完成推药情况影响了患者治疗进程事件发生后科室人员立即更换设备为病人进行药物注射延长了患者治疗时间存在一定的医疗风险,1该设备捏柄反复受到按压或者大力进行开合导致损伤开裂从而无法控制注射泵的注射器夹张开与闭合以固定注射器推杆的尾端导致注射泵不能正常推药2自2019年10月起我司对捏柄的材质进行改进使用尼龙玻纤进行注塑代替ABSPC内嵌金属预埋件的材质增加了捏柄强度改进效果良好此为个例现象
1376108032024000701,其他,[CLS]无[SEP]捏柄损坏[SEP]20241128护士在巡查注射泵设备时发现注射泵捏柄损坏无法使用立即报器械科维修[SEP],无,捏柄损坏,20241128护士在巡查注射泵设备时发现注射泵捏柄损坏无法使用立即报器械科维修,产品原因（包括说明书等）,多考虑该产品存在质量问题,无,[CLS]无[SEP]捏柄损坏[SEP]20241128护士在巡查注射泵设备时发现注射泵捏柄损坏无法使用立即报器械科维修[SEP],捏柄损坏,20241128护士在巡查注射泵设备时发现注射泵捏柄损坏无法使用立即报器械科维修,由于该设备已使用5年多处于超寿命期使用状态长期临床使用频繁捏合捏柄导致捏柄材质老化开裂而捏柄是固定注射器推杆尾端的装置部件之一控制注射泵的注射器夹张开与闭合当其损伤后无法调节离合器位置
1203203102024000175,其他,[CLS]拉杆短电位无变化[SEP]D0101_故障提示[SEP]护士在为病人进行输液设置时发现注射泵短电位拉杆拉动时电位无变化[SEP],拉杆短电位无变化,D0101_故障提示,护士在为病人进行输液设置时发现注射泵短电位拉杆拉动时电位无变化,产品原因（包括说明书等）,可能是仪器内部电位器存在问题,拉杆短电位无变化,[CLS]拉杆短电位无变化[SEP]D0101_故障提示[SEP]护士在为病人进行输液设置时发现注射泵短电位拉杆拉动时电位无变化[SEP],D0101_故障提示,护士在为病人进行输液设置时发现注射泵短电位拉杆拉动时电位无变化,长期临床使用频繁搬动设备设备震动跌宕内部电线晃动导致短电位器插头松动无法正常识别上泵注射器规格
1406501042024000253,其他,[CLS]延误患者治疗[SEP]D1201_设备或部件脱离[SEP]2024年11月25日上午十一时内三科护士准备为患者使用注射泵时发现仪器无法固定无法再给患者在做治疗立即更换其他设备通知设备科[SEP],延误患者治疗,D1201_设备或部件脱离,2024年11月25日上午十一时内三科护士准备为患者使用注射泵时发现仪器无法固定无法再给患者在做治疗立即更换其他设备通知设备科,无法确定,注射泵夹具损坏无法固定在架子上,延误患者治疗,[CLS]延误患者治疗[SEP]D1201_设备或部件脱离[SEP]2024年11月25日上午十一时内三科护士准备为患者使用注射泵时发现仪器无法固定无法再给患者在做治疗立即更换其他设备通知设备科[SEP],D1201_设备或部件脱离,2024年11月25日上午十一时内三科护士准备为患者使用注射泵时发现仪器无法固定无法再给患者在做治疗立即更换其他设备通知设备科,由于该设备已使用10年处于超寿命期5年使用状态临床长期使用导致紧固夹老化损伤无法固定设备
1386204002024000964,其他,[CLS][SEP]喇叭无报警音[SEP]科室在使用时发现设备无报警声音随联系上报运维中心维修[SEP],,喇叭无报警音,科室在使用时发现设备无报警声音随联系上报运维中心维修,"产品原因（包括说明书等）,无法确定",喇叭损坏,,[CLS][SEP]喇叭无报警音[SEP]科室在使用时发现设备无报警声音随联系上报运维中心维修[SEP],喇叭无报警音,科室在使用时发现设备无报警声音随联系上报运维中心维修,长期临床使用导致喇叭内部电线焊接点氧化当频繁转运搬动设备时线束晃动导致焊点松动脱落无法正常导电发声
1406501042024000256,其他,[CLS]延误患者治疗[SEP]D121205_设备或设备部件移动[SEP]2024年11月14日上午十一时儿二科护士准备为患者使用注射泵时发现仪器无法固定无法再给患者在做治疗立即更换其他设备通知设备科[SEP],延误患者治疗,D121205_设备或设备部件移动,2024年11月14日上午十一时儿二科护士准备为患者使用注射泵时发现仪器无法固定无法再给患者在做治疗立即更换其他设备通知设备科,无法确定,注射泵夹具损坏无法固定在架子上,延误患者治疗,[CLS]延误患者治疗[SEP]D121205_设备或设备部件移动[SEP]2024年11月14日上午十一时儿二科护士准备为患者使用注射泵时发现仪器无法固定无法再给患者在做治疗立即更换其他设备通知设备科[SEP],D121205_设备或设备部件移动,2024年11月14日上午十一时儿二科护士准备为患者使用注射泵时发现仪器无法固定无法再给患者在做治疗立即更换其他设备通知设备科,由于该设备已使用10年处于超寿命期5年使用状态临床长期使用导致紧固夹老化损伤无法固定设备
1253718032024000559,其他,[CLS]无[SEP]发现设备报警离合未闭的异常情况[SEP]2024年11月15日呼吸科护士在给病人使用时发现设备报警离合未闭的异常情况科室给医工部报修后工程师发现设备传感器故障导致出现的异常情况重新更换传感器后恢复正常[SEP],无,发现设备报警离合未闭的异常情况,2024年11月15日呼吸科护士在给病人使用时发现设备报警离合未闭的异常情况科室给医工部报修后工程师发现设备传感器故障导致出现的异常情况重新更换传感器后恢复正常,产品原因（包括说明书等）,设备传感器故障,无,[CLS]无[SEP]发现设备报警离合未闭的异常情况[SEP]2024年11月15日呼吸科护士在给病人使用时发现设备报警离合未闭的异常情况科室给医工部报修后工程师发现设备传感器故障导致出现的异常情况重新更换传感器后恢复正常[SEP],发现设备报警离合未闭的异常情况,2024年11月15日呼吸科护士在给病人使用时发现设备报警离合未闭的异常情况科室给医工部报修后工程师发现设备传感器故障导致出现的异常情况重新更换传感器后恢复正常,临床频繁使用可能导致传感器损坏检测信号中断从而发生报警系个例配件损伤造成的离合未闭
1386204002024000813,其他,[CLS]null[SEP]报警系统错误[SEP]科室在使用是发现设备报警系统错误6导致设备无法使用[SEP],null,报警系统错误,科室在使用是发现设备报警系统错误6导致设备无法使用,"产品原因（包括说明书等）,无法确定",接头接触不良,null,[CLS]null[SEP]报警系统错误[SEP]科室在使用是发现设备报警系统错误6导致设备无法使用[SEP],报警系统错误,科室在使用是发现设备报警系统错误6导致设备无法使用,该设备已使用3年多经长期临床使用设备在搬动与转运过程中受到跌宕震动导致内部压力传感器插头松动压力值信号传输异常造成报警
1274201022024000459,其他,[CLS]无伤害[SEP]泵速不准确[SEP]20240828护士在维护设备时发现泵速不准确联系维修[SEP],无伤害,泵速不准确,20240828护士在维护设备时发现泵速不准确联系维修,无法确定,泵速不准确设备故障,无伤害,[CLS]无伤害[SEP]泵速不准确[SEP]20240828护士在维护设备时发现泵速不准确联系维修[SEP],泵速不准确,20240828护士在维护设备时发现泵速不准确联系维修,由于医院长期未进行注射器校准设备内存储的注射器参数与实际上泵的注射器参数不一致设备无法正常控制注射器管路内液体流速导致实际流速与设定流速存在偏差
1294425602024000809,其他,[CLS]null[SEP]D050210_显示故障[SEP]护士使用该注射泵给患者治疗时发现显示屏没有显示科室更换备用注射泵并将设备送修[SEP],null,D050210_显示故障,护士使用该注射泵给患者治疗时发现显示屏没有显示科室更换备用注射泵并将设备送修,产品原因（包括说明书等）,仪器故障,null,[CLS]null[SEP]D050210_显示故障[SEP]护士使用该注射泵给患者治疗时发现显示屏没有显示科室更换备用注射泵并将设备送修[SEP],D050210_显示故障,护士使用该注射泵给患者治疗时发现显示屏没有显示科室更换备用注射泵并将设备送修,1经售后工程师拆机检查发现显示屏与主控板连接的排线插头松动无法正常传递图像信号2排线插头松动的原因分析是由于临床频繁转运搬动设备设备震动跌宕内部排线晃动导致插头松动
1203212002024000819,其他,[CLS]无[SEP]不能启动[SEP]东院区37病区9月22日27床患者宋中胜血气分析显示二氧化碳浓度高遵医嘱予生理盐水50ml尼克刹米0375g3支以5mlh泵入护士接到医嘱后经核对后携注射泵至患者旁边泵药注射泵安装完毕后注射泵无法正常启动立即予以更换注射泵做好患者的解释工作[SEP],无,不能启动,东院区37病区9月22日27床患者宋中胜血气分析显示二氧化碳浓度高遵医嘱予生理盐水50ml尼克刹米0375g3支以5mlh泵入护士接到医嘱后经核对后携注射泵至患者旁边泵药注射泵安装完毕后注射泵无法正常启动立即予以更换注射泵做好患者的解释工作,产品原因（包括说明书等）,机器故障,无,[CLS]无[SEP]不能启动[SEP]东院区37病区9月22日27床患者宋中胜血气分析显示二氧化碳浓度高遵医嘱予生理盐水50ml尼克刹米0375g3支以5mlh泵入护士接到医嘱后经核对后携注射泵至患者旁边泵药注射泵安装完毕后注射泵无法正常启动立即予以更换注射泵做好患者的解释工作[SEP],不能启动,东院区37病区9月22日27床患者宋中胜血气分析显示二氧化碳浓度高遵医嘱予生理盐水50ml尼克刹米0375g3支以5mlh泵入护士接到医嘱后经核对后携注射泵至患者旁边泵药注射泵安装完毕后注射泵无法正常启动立即予以更换注射泵做好患者的解释工作,该设备已使用11年处于超期使用状态设备经长期使用在频繁搬动过程中受到震动跌宕造成内部电线晃动导致电机插头松动
1253715022024000398,其他,[CLS]无[SEP]D0101_故障提示[SEP]2024年10月9日科室使用注射泵对患者进行静脉输注时安装完注射器后启动设备报警错误6立即联系设备科进行维修[SEP],无,D0101_故障提示,2024年10月9日科室使用注射泵对患者进行静脉输注时安装完注射器后启动设备报警错误6立即联系设备科进行维修,产品原因（包括说明书等）,疑似产品质量缺陷,无,[CLS]无[SEP]D0101_故障提示[SEP]2024年10月9日科室使用注射泵对患者进行静脉输注时安装完注射器后启动设备报警错误6立即联系设备科进行维修[SEP],D0101_故障提示,2024年10月9日科室使用注射泵对患者进行静脉输注时安装完注射器后启动设备报警错误6立即联系设备科进行维修,分析问题原因为生产过程中内部FPC线未固定牢固在临床搬运过程中产生晃动FPC线与周围电路板摩擦导致磨损而FPC线是负责传递离合检测信号损坏后造成检测信号中断从而发生报警
1386204002024000949,其他,[CLS][SEP]报警系统故障[SEP]科室在使用时发现设备持续报警系统故障随更换另外一台设备完成输液之后联系维修[SEP],,报警系统故障,科室在使用时发现设备持续报警系统故障随更换另外一台设备完成输液之后联系维修,"产品原因（包括说明书等）,无法确定",长时间未校准,,[CLS][SEP]报警系统故障[SEP]科室在使用时发现设备持续报警系统故障随更换另外一台设备完成输液之后联系维修[SEP],报警系统故障,科室在使用时发现设备持续报警系统故障随更换另外一台设备完成输液之后联系维修,设备内部的压力检测值可能因缺乏校准维护导致出现偏差引发了阻塞报警
1253711042024000421,其他,[CLS]设备使用过程中突发故障无法正常使用影响病人诊疗[SEP]D010301_操作失效[SEP]2024年10月15日科室工作人员使用该设备为呼吸住院患者进行药物注射时设备突发无法注射撤下药物更换设备为患者进行注射延长了患者治疗时间同时存在一定的医疗纠纷风险[SEP],设备使用过程中突发故障无法正常使用影响病人诊疗,D010301_操作失效,2024年10月15日科室工作人员使用该设备为呼吸住院患者进行药物注射时设备突发无法注射撤下药物更换设备为患者进行注射延长了患者治疗时间同时存在一定的医疗纠纷风险,产品原因（包括说明书等）,工程师维修判定该设备推动杆夹子损坏导致设备故障的发生,设备使用过程中突发故障无法正常使用影响病人诊疗,[CLS]设备使用过程中突发故障无法正常使用影响病人诊疗[SEP]D010301_操作失效[SEP]2024年10月15日科室工作人员使用该设备为呼吸住院患者进行药物注射时设备突发无法注射撤下药物更换设备为患者进行注射延长了患者治疗时间同时存在一定的医疗纠纷风险[SEP],D010301_操作失效,2024年10月15日科室工作人员使用该设备为呼吸住院患者进行药物注射时设备突发无法注射撤下药物更换设备为患者进行注射延长了患者治疗时间同时存在一定的医疗纠纷风险,该设备已使用一年半随着捏柄反复受到按压或者大力进行开合可能导致捏柄损伤开裂从而无法控制注射泵的注射器夹张开与闭合以固定注射器推杆的尾端注射泵从而无法正常使用
1151527032024000148,其他,[CLS]未造成伤害[SEP]D060602_调零失效[SEP]2024年11月13日达拉特旗人民医院急诊科工作人员在注射泵开机时发现设备报错报故障6压力传感器无法调0立即通知医学工程科维修工程师到现场检查工程师拆机将压力传感器拆下重新复位后恢复正常该事件未涉及患者[SEP],未造成伤害,D060602_调零失效,2024年11月13日达拉特旗人民医院急诊科工作人员在注射泵开机时发现设备报错报故障6压力传感器无法调0立即通知医学工程科维修工程师到现场检查工程师拆机将压力传感器拆下重新复位后恢复正常该事件未涉及患者,无法确定,注射泵开机后下通道报故障6压力传感器无法调0,未造成伤害,[CLS]未造成伤害[SEP]D060602_调零失效[SEP]2024年11月13日达拉特旗人民医院急诊科工作人员在注射泵开机时发现设备报错报故障6压力传感器无法调0立即通知医学工程科维修工程师到现场检查工程师拆机将压力传感器拆下重新复位后恢复正常该事件未涉及患者[SEP],D060602_调零失效,2024年11月13日达拉特旗人民医院急诊科工作人员在注射泵开机时发现设备报错报故障6压力传感器无法调0立即通知医学工程科维修工程师到现场检查工程师拆机将压力传感器拆下重新复位后恢复正常该事件未涉及患者,根据故障情况分析是压力传感器插头松动临床搬动与转运过程中设备受到跌宕震动导致内部压力传感器插头松动压力值信号传输异常造成报警
1253718062024000651,严重伤害,[CLS]未造成伤害但存在较大安全隐患[SEP]报警蜂鸣器不响[SEP]巡检过程中发现连个通道报警蜂鸣器都不响[SEP],未造成伤害但存在较大安全隐患,报警蜂鸣器不响,巡检过程中发现连个通道报警蜂鸣器都不响,产品原因（包括说明书等）,蜂鸣器坏蜂鸣器坏造成治疗过程中出现异常状况不能报警可能危及生命有较大安全隐患,未造成伤害但存在较大安全隐患,[CLS]未造成伤害但存在较大安全隐患[SEP]报警蜂鸣器不响[SEP]巡检过程中发现连个通道报警蜂鸣器都不响[SEP],报警蜂鸣器不响,巡检过程中发现连个通道报警蜂鸣器都不响,我方对该报告伤害等级持不同意见应为其他1问题发生在设备巡检过程中未给患者使用该故障设备未对患者造成伤害2临床长期使用设备过程中喇叭内部电线焊接点出现氧化转运搬动设备过程中线束晃动导致焊点松动脱落无法正常导电发声
1274204002024000824,其他,[CLS]无[SEP]D1201_设备或部件脱离[SEP]2024年11月05日护士使用注射泵对患者进行恒速静脉输注药液设备开机自检时发现捏柄断裂微量泵不能正常工作护士重新更换一台注射泵使用并将该情况上报设备科维修[SEP],无,D1201_设备或部件脱离,2024年11月05日护士使用注射泵对患者进行恒速静脉输注药液设备开机自检时发现捏柄断裂微量泵不能正常工作护士重新更换一台注射泵使用并将该情况上报设备科维修,产品原因（包括说明书等）,捏柄老化断裂,无,[CLS]无[SEP]D1201_设备或部件脱离[SEP]2024年11月05日护士使用注射泵对患者进行恒速静脉输注药液设备开机自检时发现捏柄断裂微量泵不能正常工作护士重新更换一台注射泵使用并将该情况上报设备科维修[SEP],D1201_设备或部件脱离,2024年11月05日护士使用注射泵对患者进行恒速静脉输注药液设备开机自检时发现捏柄断裂微量泵不能正常工作护士重新更换一台注射泵使用并将该情况上报设备科维修,该设备已使用11年处于超寿命期5年使用状态由于长期临床使用捏柄反复受到按压导致磨损开断裂从而无法控制注射器夹张开与闭合以固定注射器推杆的尾端导致注射泵不能正常使用
1274204002024000545,其他,[CLS]无[SEP]设备开机后上端的注射器提示已完成[SEP]2024年8月14日科室护士发现给设备开机后上端的注射器提示已完成重新开关机及检查卡座等各项处理后仍不能解决通知设备科维修[SEP],无,设备开机后上端的注射器提示已完成,2024年8月14日科室护士发现给设备开机后上端的注射器提示已完成重新开关机及检查卡座等各项处理后仍不能解决通知设备科维修,产品原因（包括说明书等）,拆开机器检查发现上端注射器的检测传感器排线接触不良,无,[CLS]无[SEP]设备开机后上端的注射器提示已完成[SEP]2024年8月14日科室护士发现给设备开机后上端的注射器提示已完成重新开关机及检查卡座等各项处理后仍不能解决通知设备科维修[SEP],设备开机后上端的注射器提示已完成,2024年8月14日科室护士发现给设备开机后上端的注射器提示已完成重新开关机及检查卡座等各项处理后仍不能解决通知设备科维修,1经查内部长电位器插头松动设备无法正常识别注射器管路长度导致未开始输液就提示注射完成2长电位器松动的原因分析是由于临床长期使用过程中因为频繁搬动设备设备震动跌宕内部电线晃动导致长电位器插头松动
1274204002024000544,其他,[CLS]无[SEP]固定注射器的拉杆断掉无法工作[SEP]2024年8月13日科室护士发现该设备固定注射器的拉杆断裂注射器无法固定设备无法使用报设备科维修[SEP],无,固定注射器的拉杆断掉无法工作,2024年8月13日科室护士发现该设备固定注射器的拉杆断裂注射器无法固定设备无法使用报设备科维修,产品原因（包括说明书等）,固定拉杆老化需更换,无,[CLS]无[SEP]固定注射器的拉杆断掉无法工作[SEP]2024年8月13日科室护士发现该设备固定注射器的拉杆断裂注射器无法固定设备无法使用报设备科维修[SEP],固定注射器的拉杆断掉无法工作,2024年8月13日科室护士发现该设备固定注射器的拉杆断裂注射器无法固定设备无法使用报设备科维修,该设备已使用9年处于超寿命期5年使用状态由于长期临床使用捏柄反复受到按压导致磨损开裂从而无法控制注射泵的注射器夹张开与闭合以固定注射器推杆的尾端导致注射泵不能正常使用
1253717072024001135,其他,[CLS]无[SEP]机器屏幕白屏[SEP]2024年10月19日接科室报修注射泵在使用过程中白屏无法设置数值无法继续进行治疗更换屏幕后恢复正常[SEP],无,机器屏幕白屏,2024年10月19日接科室报修注射泵在使用过程中白屏无法设置数值无法继续进行治疗更换屏幕后恢复正常,产品原因（包括说明书等）,注射泵屏幕白屏无法设置数值,无,[CLS]无[SEP]机器屏幕白屏[SEP]2024年10月19日接科室报修注射泵在使用过程中白屏无法设置数值无法继续进行治疗更换屏幕后恢复正常[SEP],机器屏幕白屏,2024年10月19日接科室报修注射泵在使用过程中白屏无法设置数值无法继续进行治疗更换屏幕后恢复正常,由于该设备已使用超过10年处于超期使用状态5年长期临床使用导致显示屏发生老化故障从而出现白屏的现象
1386204002024000750,其他,[CLS]null[SEP]D020203_定位失效[SEP]科室在正常使用过程中发现输液泵报警注射器未顶紧[SEP],null,D020203_定位失效,科室在正常使用过程中发现输液泵报警注射器未顶紧,产品原因（包括说明书等）,科室在正常使用过程中设备出现报警该设备科室人员操作规范故分析为设备自身原因,null,[CLS]null[SEP]D020203_定位失效[SEP]科室在正常使用过程中发现输液泵报警注射器未顶紧[SEP],D020203_定位失效,科室在正常使用过程中发现输液泵报警注射器未顶紧,1FPC线的功能之一是负责传递检测信号损坏后造成检测信号中断发出注射器未顶紧报警报警后设备不能注射药物无法正常使用2结合市场反馈分析FPC线损坏的原因可能是生产过程中内部FPC线未固定牢固在临床搬运过程中产生晃动FPC线与周围电路板摩擦导致磨损
1386204002024000759,其他,[CLS]null[SEP]报警注射器未顶紧[SEP]科室在使用时注射泵持续报警注射器未顶紧随联系运维中心维修[SEP],null,报警注射器未顶紧,科室在使用时注射泵持续报警注射器未顶紧随联系运维中心维修,产品原因（包括说明书等）,排线故障,null,[CLS]null[SEP]报警注射器未顶紧[SEP]科室在使用时注射泵持续报警注射器未顶紧随联系运维中心维修[SEP],报警注射器未顶紧,科室在使用时注射泵持续报警注射器未顶紧随联系运维中心维修,1FPC线的功能之一是负责传递检测信号损坏后造成检测信号中断发出注射器未顶紧报警报警后设备不能注射药物无法正常使用2结合市场反馈分析FPC线损坏的原因可能是生产过程中内部FPC线未固定牢固在临床搬运过程中产生晃动FPC线与周围电路板摩擦导致磨损
1253718032024000511,其他,[CLS]无[SEP]流速过快[SEP]2024年10月18日神经外科护士在给病人使用时发现设备流速过快的异常情况延误科室使用科室给医工部报修后工程师发现设备需重新校准重新校准后恢复正常[SEP],无,流速过快,2024年10月18日神经外科护士在给病人使用时发现设备流速过快的异常情况延误科室使用科室给医工部报修后工程师发现设备需重新校准重新校准后恢复正常,产品原因（包括说明书等）,设备需重新校准,无,[CLS]无[SEP]流速过快[SEP]2024年10月18日神经外科护士在给病人使用时发现设备流速过快的异常情况延误科室使用科室给医工部报修后工程师发现设备需重新校准重新校准后恢复正常[SEP],流速过快,2024年10月18日神经外科护士在给病人使用时发现设备流速过快的异常情况延误科室使用科室给医工部报修后工程师发现设备需重新校准重新校准后恢复正常,由于医院长期未进行注射器校准导致注射速度的偏差超出正常范围重新校准可恢复正常
1253716292024000487,其他,[CLS]无[SEP]注射泵开机后阻塞报警无法正常使用重新安装注射器后仍无法正常使用[SEP]10月21日安装注射器后设备正常开机启动设备后注射泵报警无法正常工作重新启动后任无法正常工作护士立即更换设备并上报维修[SEP],无,注射泵开机后阻塞报警无法正常使用重新安装注射器后仍无法正常使用,10月21日安装注射器后设备正常开机启动设备后注射泵报警无法正常工作重新启动后任无法正常工作护士立即更换设备并上报维修,操作原因,检查设备后发现注射泵通道存在残留药液导致注射通道黏连无法正常使用,无,[CLS]无[SEP]注射泵开机后阻塞报警无法正常使用重新安装注射器后仍无法正常使用[SEP]10月21日安装注射器后设备正常开机启动设备后注射泵报警无法正常工作重新启动后任无法正常工作护士立即更换设备并上报维修[SEP],注射泵开机后阻塞报警无法正常使用重新安装注射器后仍无法正常使用,10月21日安装注射器后设备正常开机启动设备后注射泵报警无法正常工作重新启动后任无法正常工作护士立即更换设备并上报维修,根据检查情况判断故障原因为临床使用期间药液侵入设备未及时清理附着在通道造成黏连对压力传感器产生的压强值超过阻塞阈值产生阻塞报警无法正常进行推注工作
1386213012024000362,其他,[CLS]患者11床张桂英于2024年9月20号遵医嘱泵入艾司奥美拉唑80mg时应十小时泵完实际九个半小时结束泵入速度比原计划快半小时未对患者造成伤害嘱患者卧床休息并向患者做出解释[SEP]泵入速度过快[SEP]患者11床张桂英于2024年9月20号遵医嘱泵入艾司奥美拉唑80mg时应十小时泵完实际九个半小时结束泵入速度比原计划快半小时未对患者造成伤害嘱患者卧床休息并向患者做出解释[SEP],患者11床张桂英于2024年9月20号遵医嘱泵入艾司奥美拉唑80mg时应十小时泵完实际九个半小时结束泵入速度比原计划快半小时未对患者造成伤害嘱患者卧床休息并向患者做出解释,泵入速度过快,患者11床张桂英于2024年9月20号遵医嘱泵入艾司奥美拉唑80mg时应十小时泵完实际九个半小时结束泵入速度比原计划快半小时未对患者造成伤害嘱患者卧床休息并向患者做出解释,产品原因（包括说明书等）,产品不合格,患者11床张桂英于2024年9月20号遵医嘱泵入艾司奥美拉唑80mg时应十小时泵完实际九个半小时结束泵入速度比原计划快半小时未对患者造成伤害嘱患者卧床休息并向患者做出解释,[CLS]患者11床张桂英于2024年9月20号遵医嘱泵入艾司奥美拉唑80mg时应十小时泵完实际九个半小时结束泵入速度比原计划快半小时未对患者造成伤害嘱患者卧床休息并向患者做出解释[SEP]泵入速度过快[SEP]患者11床张桂英于2024年9月20号遵医嘱泵入艾司奥美拉唑80mg时应十小时泵完实际九个半小时结束泵入速度比原计划快半小时未对患者造成伤害嘱患者卧床休息并向患者做出解释[SEP],泵入速度过快,患者11床张桂英于2024年9月20号遵医嘱泵入艾司奥美拉唑80mg时应十小时泵完实际九个半小时结束泵入速度比原计划快半小时未对患者造成伤害嘱患者卧床休息并向患者做出解释,由于医院长期未进行注射器校准设备内存储的注射器参数与实际上泵的注射器参数不一致设备无法正常控制注射器管路内液体流速导致实际流速与设定流速存在偏差
1406501052024000168,其他,[CLS]null[SEP]注射泵蝴蝶夹断裂无法使用[SEP]护士在使用过程中发现注射泵蝴蝶夹断裂无法正常使用[SEP],null,注射泵蝴蝶夹断裂无法使用,护士在使用过程中发现注射泵蝴蝶夹断裂无法正常使用,产品原因（包括说明书等）,产品老化,null,[CLS]null[SEP]注射泵蝴蝶夹断裂无法使用[SEP]护士在使用过程中发现注射泵蝴蝶夹断裂无法正常使用[SEP],注射泵蝴蝶夹断裂无法使用,护士在使用过程中发现注射泵蝴蝶夹断裂无法正常使用,由于该设备超寿命期使用5年寿命期已使用10年捏柄反复受到按压导致老化开裂从而无法控制注射泵的注射器夹张开与闭合以固定注射器推杆的尾端导致注射泵不能正常使用
1213306072024000176,其他,[CLS]null[SEP]D0102_意外停机[SEP]正常使用微泵时微泵使用过程中夹输液器末端处接触不良导致机器停止运行[SEP],null,D0102_意外停机,正常使用微泵时微泵使用过程中夹输液器末端处接触不良导致机器停止运行,产品原因（包括说明书等）,null,null,[CLS]null[SEP]D0102_意外停机[SEP]正常使用微泵时微泵使用过程中夹输液器末端处接触不良导致机器停止运行[SEP],D0102_意外停机,正常使用微泵时微泵使用过程中夹输液器末端处接触不良导致机器停止运行,该设备已使用8年处于超寿命期5年使用状态捏柄反复受到按压导致损伤开裂从而无法控制注射泵的注射器夹张开与闭合以固定注射器推杆的尾端导致注射泵不能正常使用
1376108032024000565,其他,[CLS]无[SEP]报警离合未闭[SEP]10月9日上午护士准备为患儿注射液体时打开注射泵设备报警离合未闭无法使用立即报器械科维修组维修[SEP],无,报警离合未闭,10月9日上午护士准备为患儿注射液体时打开注射泵设备报警离合未闭无法使用立即报器械科维修组维修,产品原因（包括说明书等）,多考虑该产品存在质量缺陷,无,[CLS]无[SEP]报警离合未闭[SEP]10月9日上午护士准备为患儿注射液体时打开注射泵设备报警离合未闭无法使用立即报器械科维修组维修[SEP],报警离合未闭,10月9日上午护士准备为患儿注射液体时打开注射泵设备报警离合未闭无法使用立即报器械科维修组维修,分析问题原因为生产过程中内部FPC线存在未固定牢固的情况在临床搬运过程中产生晃动FPC线与周围电路板摩擦导致磨损而FPC线是负责传递离合检测信号损坏后造成检测信号中断从而发生报警
1406545002024001646,其他,[CLS]无[SEP]D040304_容量精度问题[SEP]使用过程中注射速度不准确或不走液[SEP],无,D040304_容量精度问题,使用过程中注射速度不准确或不走液,无法确定,null,无,[CLS]无[SEP]D040304_容量精度问题[SEP]使用过程中注射速度不准确或不走液[SEP],D040304_容量精度问题,使用过程中注射速度不准确或不走液,由于医院长期未进行注射器校准设备内存储的注射器参数与实际上泵的注射器参数不一致设备无法正常控制注射器管路内液体流速导致实际流速与设定流速存在较大偏差
1131301442024000454,其他,[CLS]无[SEP]堵塞[SEP]20240925患者在使用注射泵过程中注射泵发生堵塞报警并停止工作经护士检查管路及药液后重新开启设备仍无法解除堵塞报警致使治疗中断立即更换其他完好备用注射泵继续给患者使用此设备移出工作区报维修部门[SEP],无,堵塞,20240925患者在使用注射泵过程中注射泵发生堵塞报警并停止工作经护士检查管路及药液后重新开启设备仍无法解除堵塞报警致使治疗中断立即更换其他完好备用注射泵继续给患者使用此设备移出工作区报维修部门,无法确定,报警系统失控,无,[CLS]无[SEP]堵塞[SEP]20240925患者在使用注射泵过程中注射泵发生堵塞报警并停止工作经护士检查管路及药液后重新开启设备仍无法解除堵塞报警致使治疗中断立即更换其他完好备用注射泵继续给患者使用此设备移出工作区报维修部门[SEP],堵塞,20240925患者在使用注射泵过程中注射泵发生堵塞报警并停止工作经护士检查管路及药液后重新开启设备仍无法解除堵塞报警致使治疗中断立即更换其他完好备用注射泵继续给患者使用此设备移出工作区报维修部门,因该设备已使用11年长期临床使用导致压力传感器老化故障无法正常检测管路内压力值导致设备运行时报警阻塞
1162102032024000133,其他,[CLS]影响患者注射药物[SEP]D080102_报警故障[SEP]患者于9月9日以胸闷气短2年加重4天为主诉入院入院诊断慢性心功能不全急性加重于9月9日遵医嘱为患者执行氯化钠注射液50毫升新活素05毫克2毫升小时泵入约1小时机器出现报警注射未完成机器报警提示已注射完成立即为患者更换注射泵继续泵入[SEP],影响患者注射药物,D080102_报警故障,患者于9月9日以胸闷气短2年加重4天为主诉入院入院诊断慢性心功能不全急性加重于9月9日遵医嘱为患者执行氯化钠注射液50毫升新活素05毫克2毫升小时泵入约1小时机器出现报警注射未完成机器报警提示已注射完成立即为患者更换注射泵继续泵入,产品原因（包括说明书等）,设备故障导致,影响患者注射药物,[CLS]影响患者注射药物[SEP]D080102_报警故障[SEP]患者于9月9日以胸闷气短2年加重4天为主诉入院入院诊断慢性心功能不全急性加重于9月9日遵医嘱为患者执行氯化钠注射液50毫升新活素05毫克2毫升小时泵入约1小时机器出现报警注射未完成机器报警提示已注射完成立即为患者更换注射泵继续泵入[SEP],D080102_报警故障,患者于9月9日以胸闷气短2年加重4天为主诉入院入院诊断慢性心功能不全急性加重于9月9日遵医嘱为患者执行氯化钠注射液50毫升新活素05毫克2毫升小时泵入约1小时机器出现报警注射未完成机器报警提示已注射完成立即为患者更换注射泵继续泵入,设备经长期临床使用压力传感器发生故障无法正常检测压力值导致注射药液残余量大
1162101072024000329,其他,[CLS]无法正常给药[SEP]注射泵显示系统故障无法正常给药[SEP]患者于202491在我院进行冠心病治疗92日使用注射泵用于给药注射泵显示系统故障无法正常给药立即重新更换注射泵此注射泵上报维修[SEP],无法正常给药,注射泵显示系统故障无法正常给药,患者于202491在我院进行冠心病治疗92日使用注射泵用于给药注射泵显示系统故障无法正常给药立即重新更换注射泵此注射泵上报维修,无法确定,系统故障,无法正常给药,[CLS]无法正常给药[SEP]注射泵显示系统故障无法正常给药[SEP]患者于202491在我院进行冠心病治疗92日使用注射泵用于给药注射泵显示系统故障无法正常给药立即重新更换注射泵此注射泵上报维修[SEP],注射泵显示系统故障无法正常给药,患者于202491在我院进行冠心病治疗92日使用注射泵用于给药注射泵显示系统故障无法正常给药立即重新更换注射泵此注射泵上报维修,根据故障情况分析压力传感器插头松动的原因可能为临床搬动与转运过程中设备受到跌宕震动导致内部压力传感器插头松动压力值信号传输异常造成报警
1376108032024000493,其他,[CLS]无[SEP]设备异常2报警[SEP]护士在11日上午时打开设备时发现该设备异常2报警无法使用立即报器械科维修组维修[SEP],无,设备异常2报警,护士在11日上午时打开设备时发现该设备异常2报警无法使用立即报器械科维修组维修,产品原因（包括说明书等）,多考虑1产品本身存在缺陷2操作人员未按产品说明书对产品进行维护和保养,无,[CLS]无[SEP]设备异常2报警[SEP]护士在11日上午时打开设备时发现该设备异常2报警无法使用立即报器械科维修组维修[SEP],设备异常2报警,护士在11日上午时打开设备时发现该设备异常2报警无法使用立即报器械科维修组维修,由于该设备已使用11年处于超寿命期使用状态长期临床使用频繁搬动设备设备震动跌宕导致内部电线晃动长电位器插头松动
1253717032024000684,严重伤害,[CLS]可能会耽误患者治疗[SEP]开机后显示阻塞状态[SEP]2024年9月11日急诊医学科在使用该设备时发现该设备开机后显示阻塞状态随即报修至器械科因及时更换备用设备未对患者造成不良影响[SEP],可能会耽误患者治疗,开机后显示阻塞状态,2024年9月11日急诊医学科在使用该设备时发现该设备开机后显示阻塞状态随即报修至器械科因及时更换备用设备未对患者造成不良影响,产品原因（包括说明书等）,可能是设备系统原因具体原因待查,可能会耽误患者治疗,[CLS]可能会耽误患者治疗[SEP]开机后显示阻塞状态[SEP]2024年9月11日急诊医学科在使用该设备时发现该设备开机后显示阻塞状态随即报修至器械科因及时更换备用设备未对患者造成不良影响[SEP],开机后显示阻塞状态,2024年9月11日急诊医学科在使用该设备时发现该设备开机后显示阻塞状态随即报修至器械科因及时更换备用设备未对患者造成不良影响,我方对该报告伤害等级持不同意见应为其他1设备启动发出报警后立即停止使用更换其他设备继续为患者使用未对人体造成伤害2由于该设备已使用超过5年处于超寿命期使用状态设备内部的压力检测值可能因缺乏校准维护导致出现偏差引发了阻塞报警
1253717032024000685,严重伤害,[CLS]可能会耽误患者治疗[SEP]仪器无法开机[SEP]2024年09月9日1046呼吸内一科在为病人泵入药物时发现仪器无法开机立即更换备用仪器为病人注射药液报修至器械科未对病人造成不良影响[SEP],可能会耽误患者治疗,仪器无法开机,2024年09月9日1046呼吸内一科在为病人泵入药物时发现仪器无法开机立即更换备用仪器为病人注射药液报修至器械科未对病人造成不良影响,产品原因（包括说明书等）,仪器年份较久电路板老化导致仪器无法开机,可能会耽误患者治疗,[CLS]可能会耽误患者治疗[SEP]仪器无法开机[SEP]2024年09月9日1046呼吸内一科在为病人泵入药物时发现仪器无法开机立即更换备用仪器为病人注射药液报修至器械科未对病人造成不良影响[SEP],仪器无法开机,2024年09月9日1046呼吸内一科在为病人泵入药物时发现仪器无法开机立即更换备用仪器为病人注射药液报修至器械科未对病人造成不良影响,我方对该报告伤害等级持不同意见应为其他1启动设备发现无法开机立即停止使用更换其他设备继续为患者使用未对人体造成伤害2由于该设备已使用7年处于超寿命期使用状态长期临床使用导致电源板老化故障无法正常为设备传递电量从而无法开机
1203203102024000122,其他,[CLS]延误治疗[SEP]注射泵报警显示异常[SEP]在病人手术过程中注射泵显示屏显示异常二字报警[SEP],延误治疗,注射泵报警显示异常,在病人手术过程中注射泵显示屏显示异常二字报警,产品原因（包括说明书等）,null,延误治疗,[CLS]延误治疗[SEP]注射泵报警显示异常[SEP]在病人手术过程中注射泵显示屏显示异常二字报警[SEP],注射泵报警显示异常,在病人手术过程中注射泵显示屏显示异常二字报警,我方对该报告伤害等级持不同意见应为其他1设备发出报警后立即停止使用更换其他设备继续为患者使用未对人体造成伤害2因设备已使用10年处于超寿命期使用状态长期临床使用导致电位器插头脱落无法有效检测注射行程从而发出报警
1253707122024001099,严重伤害,[CLS]无伤害[SEP]D080105_无报警声[SEP]患者因心衰需使用注射泵护士进行输液巡视时被患者家属告知患者的微量泵报警灯闪烁护士及时赶往病房发现液体输完但注射泵无报警声音护士立即为患者更换液体及微量泵同时联系维修人员因注射泵需要为患者连续泵72小时若不及时发现将导致未能及时为患者续接液体影响患者治疗的连续性[SEP],无伤害,D080105_无报警声,患者因心衰需使用注射泵护士进行输液巡视时被患者家属告知患者的微量泵报警灯闪烁护士及时赶往病房发现液体输完但注射泵无报警声音护士立即为患者更换液体及微量泵同时联系维修人员因注射泵需要为患者连续泵72小时若不及时发现将导致未能及时为患者续接液体影响患者治疗的连续性,产品原因（包括说明书等）,设备喇叭损坏,无伤害,[CLS]无伤害[SEP]D080105_无报警声[SEP]患者因心衰需使用注射泵护士进行输液巡视时被患者家属告知患者的微量泵报警灯闪烁护士及时赶往病房发现液体输完但注射泵无报警声音护士立即为患者更换液体及微量泵同时联系维修人员因注射泵需要为患者连续泵72小时若不及时发现将导致未能及时为患者续接液体影响患者治疗的连续性[SEP],D080105_无报警声,患者因心衰需使用注射泵护士进行输液巡视时被患者家属告知患者的微量泵报警灯闪烁护士及时赶往病房发现液体输完但注射泵无报警声音护士立即为患者更换液体及微量泵同时联系维修人员因注射泵需要为患者连续泵72小时若不及时发现将导致未能及时为患者续接液体影响患者治疗的连续性,我司对该报告伤害等级持不同意见应为其他1问题发生时观察到报警灯光但无报警声音立即更换其他设备继续为患者使用未对人体造成伤害2设备喇叭内部电线焊接点虚焊频繁转运搬动设备过程中线束晃动导致焊点松动脱落无法正常导电发声
1253717032024000694,其他,[CLS]无[SEP]伸缩杆夹持器坏[SEP]2024年10月8号科室护士长在日常检查设备时发现夹持器有裂纹报设备科维修设备科工程师赵立领现场检查推杆夹持器有裂纹在推送注射器时会有一定的影响由于发现及时没有使用到患者所以没有对患者造成不利影响[SEP],无,伸缩杆夹持器坏,2024年10月8号科室护士长在日常检查设备时发现夹持器有裂纹报设备科维修设备科工程师赵立领现场检查推杆夹持器有裂纹在推送注射器时会有一定的影响由于发现及时没有使用到患者所以没有对患者造成不利影响,无法确定,现场检查推杆夹持器有裂纹在推送注射器时有影响,无,[CLS]无[SEP]伸缩杆夹持器坏[SEP]2024年10月8号科室护士长在日常检查设备时发现夹持器有裂纹报设备科维修设备科工程师赵立领现场检查推杆夹持器有裂纹在推送注射器时会有一定的影响由于发现及时没有使用到患者所以没有对患者造成不利影响[SEP],伸缩杆夹持器坏,2024年10月8号科室护士长在日常检查设备时发现夹持器有裂纹报设备科维修设备科工程师赵立领现场检查推杆夹持器有裂纹在推送注射器时会有一定的影响由于发现及时没有使用到患者所以没有对患者造成不利影响,由于该设备已使用8年处于超寿命期使用状态长期临床使用频繁捏合捏柄导致捏柄材质老化开裂
1253718062024000405,其他,[CLS]无[SEP]设备无法开机[SEP]准备给患者使用注射泵时发现注射泵无法开机电源板问题联系设备科维修[SEP],无,设备无法开机,准备给患者使用注射泵时发现注射泵无法开机电源板问题联系设备科维修,产品原因（包括说明书等）,电源板问题,无,[CLS]无[SEP]设备无法开机[SEP]准备给患者使用注射泵时发现注射泵无法开机电源板问题联系设备科维修[SEP],设备无法开机,准备给患者使用注射泵时发现注射泵无法开机电源板问题联系设备科维修,由于该设备已使用超过6年处于超寿命期使用状态长期临床使用电源板老化故障无法正常为设备传递电量从而无法开机
1253706002024001273,严重伤害,[CLS]重症室病人治疗中注射泵异常报警无法进行治疗耽误病人治疗[SEP]注射泵异常报警[SEP]2024年9月13日护士给病人进行微量泵注射治疗泵报异常报警使其治疗中止更换泵后继续治疗[SEP],重症室病人治疗中注射泵异常报警无法进行治疗耽误病人治疗,注射泵异常报警,2024年9月13日护士给病人进行微量泵注射治疗泵报异常报警使其治疗中止更换泵后继续治疗,产品原因（包括说明书等）,为了确定故障原因返厂检修,重症室病人治疗中注射泵异常报警无法进行治疗耽误病人治疗,[CLS]重症室病人治疗中注射泵异常报警无法进行治疗耽误病人治疗[SEP]注射泵异常报警[SEP]2024年9月13日护士给病人进行微量泵注射治疗泵报异常报警使其治疗中止更换泵后继续治疗[SEP],注射泵异常报警,2024年9月13日护士给病人进行微量泵注射治疗泵报异常报警使其治疗中止更换泵后继续治疗,院方上报为严重伤害根据严重伤害的定义我司认为应为其他1医务人员发现设备报警立即停止使用更换其他设备继续为患者使用未对人体造成伤害2分析报警原因为操作不当导致注射器未安装到位造成不能识别注射器规格设备无法正常运行
1386204002024000574,其他,[CLS]null[SEP]设备报警注射器未顶紧[SEP]科室使用注射泵进行输液时发现设备持续报警注射器未顶紧随联系运维中心维修[SEP],null,设备报警注射器未顶紧,科室使用注射泵进行输液时发现设备持续报警注射器未顶紧随联系运维中心维修,产品原因（包括说明书等）,注射器夹子坏,null,[CLS]null[SEP]设备报警注射器未顶紧[SEP]科室使用注射泵进行输液时发现设备持续报警注射器未顶紧随联系运维中心维修[SEP],设备报警注射器未顶紧,科室使用注射泵进行输液时发现设备持续报警注射器未顶紧随联系运维中心维修,该设备已使用3年捏柄反复受到按压导致损伤开裂从而无法控制注射泵的注射器夹张开与闭合以固定注射器推杆的尾端导致注射泵不能正常使用
1386204002024000575,其他,[CLS]null[SEP]设备报警注射器未顶紧[SEP]科室使用注射泵进行输液时发现设备持续报警注射器未顶紧随联系运维中心维修[SEP],null,设备报警注射器未顶紧,科室使用注射泵进行输液时发现设备持续报警注射器未顶紧随联系运维中心维修,产品原因（包括说明书等）,注射器夹子坏,null,[CLS]null[SEP]设备报警注射器未顶紧[SEP]科室使用注射泵进行输液时发现设备持续报警注射器未顶紧随联系运维中心维修[SEP],设备报警注射器未顶紧,科室使用注射泵进行输液时发现设备持续报警注射器未顶紧随联系运维中心维修,该设备已使用3年捏柄反复受到按压导致损伤开裂从而无法控制注射泵的注射器夹张开与闭合以固定注射器推杆的尾端导致注射泵不能正常使用
1294419652024000201,其他,[CLS]null[SEP]设备报错注射器没顶紧[SEP]患儿因支气管炎荨麻疹治疗启动注射泵后泵报错注射器没顶紧无法正常注射药物检查后注射器已贴紧卡座感应器经设备股维修员确认系机器内部故障因本泵还在保修期内返厂维修[SEP],null,设备报错注射器没顶紧,患儿因支气管炎荨麻疹治疗启动注射泵后泵报错注射器没顶紧无法正常注射药物检查后注射器已贴紧卡座感应器经设备股维修员确认系机器内部故障因本泵还在保修期内返厂维修,产品原因（包括说明书等）,注射器已贴紧卡座感应器,null,[CLS]null[SEP]设备报错注射器没顶紧[SEP]患儿因支气管炎荨麻疹治疗启动注射泵后泵报错注射器没顶紧无法正常注射药物检查后注射器已贴紧卡座感应器经设备股维修员确认系机器内部故障因本泵还在保修期内返厂维修[SEP],设备报错注射器没顶紧,患儿因支气管炎荨麻疹治疗启动注射泵后泵报错注射器没顶紧无法正常注射药物检查后注射器已贴紧卡座感应器经设备股维修员确认系机器内部故障因本泵还在保修期内返厂维修,1FPC线的功能之一是负责传递检测信号损坏后造成检测信号中断发出注射器未顶紧报警报警后设备不能注射药物无法正常使用2结合市场反馈分析FPC线损坏的原因可能是生产过程中内部FPC线未固定牢固在临床搬运过程中产生晃动FPC线与周围电路板摩擦导致磨损
1253718032024000463,其他,[CLS]null[SEP]设备流速突然加快[SEP]2024年9月17日神经外科护士在给病人使用时发现设备流速突然加快的异常情况延误科室使用造成患者不满科室给医工部报修后工程师发现设备需重新校准重新校准后可正常使用[SEP],null,设备流速突然加快,2024年9月17日神经外科护士在给病人使用时发现设备流速突然加快的异常情况延误科室使用造成患者不满科室给医工部报修后工程师发现设备需重新校准重新校准后可正常使用,产品原因（包括说明书等）,需重新校准,null,[CLS]null[SEP]设备流速突然加快[SEP]2024年9月17日神经外科护士在给病人使用时发现设备流速突然加快的异常情况延误科室使用造成患者不满科室给医工部报修后工程师发现设备需重新校准重新校准后可正常使用[SEP],设备流速突然加快,2024年9月17日神经外科护士在给病人使用时发现设备流速突然加快的异常情况延误科室使用造成患者不满科室给医工部报修后工程师发现设备需重新校准重新校准后可正常使用,由于医院长期未进行注射器校准设备内存储的注射器参数与实际上泵的注射器参数不一致设备无法正常控制注射器管路内液体流速导致实际流速大于设定流速
1253707092024000950,其他,[CLS]无[SEP]报错故障6[SEP]20240926成人急诊报修注射泵报错故障6无法使用工程师前往现场维修发现是压力传感器原因导致频繁报警[SEP],无,报错故障6,20240926成人急诊报修注射泵报错故障6无法使用工程师前往现场维修发现是压力传感器原因导致频繁报警,产品原因（包括说明书等）,压力传感器原因导致频繁报警,无,[CLS]无[SEP]报错故障6[SEP]20240926成人急诊报修注射泵报错故障6无法使用工程师前往现场维修发现是压力传感器原因导致频繁报警[SEP],报错故障6,20240926成人急诊报修注射泵报错故障6无法使用工程师前往现场维修发现是压力传感器原因导致频繁报警,根据故障情况分析压力传感器插头松动的原因可能为临床搬动与转运过程中设备受到跌宕震动导致内部压力传感器插头松动压力值信号传输异常造成报警
1253718032024000386,其他,[CLS]影响治疗[SEP]设备报警离合未闭[SEP]2024年8月7日血液科护士在给病人使用时发现设备报警离合未闭的异常情况科室给医工部报修后工程师发现设备传感器故障导致出现的异常情况重新更换传感器后恢复正常未给病人造成影响[SEP],影响治疗,设备报警离合未闭,2024年8月7日血液科护士在给病人使用时发现设备报警离合未闭的异常情况科室给医工部报修后工程师发现设备传感器故障导致出现的异常情况重新更换传感器后恢复正常未给病人造成影响,产品原因（包括说明书等）,设备传感器故障,影响治疗,[CLS]影响治疗[SEP]设备报警离合未闭[SEP]2024年8月7日血液科护士在给病人使用时发现设备报警离合未闭的异常情况科室给医工部报修后工程师发现设备传感器故障导致出现的异常情况重新更换传感器后恢复正常未给病人造成影响[SEP],设备报警离合未闭,2024年8月7日血液科护士在给病人使用时发现设备报警离合未闭的异常情况科室给医工部报修后工程师发现设备传感器故障导致出现的异常情况重新更换传感器后恢复正常未给病人造成影响,该设备已使用6年处于超寿命期使用状态长期使用导致传感器损坏检测信号中断从而发生报警
1253717032024000651,其他,[CLS]没有对病人造成伤害[SEP]设备上通道无法启动[SEP]2024年9月14号设备科工程师在周巡检工程中发现设备上通道不能正常启动现场检查供电正常推动推杆电位数值无变化拆机发现连接线松动紧固连接线电位数值变化正常试机正常没有对患者造成不利影响[SEP],没有对病人造成伤害,设备上通道无法启动,2024年9月14号设备科工程师在周巡检工程中发现设备上通道不能正常启动现场检查供电正常推动推杆电位数值无变化拆机发现连接线松动紧固连接线电位数值变化正常试机正常没有对患者造成不利影响,产品原因（包括说明书等）,现场检查供电正常推动推杆电位数值无变化拆机发现连接线松动紧固连接线电位数值变化正常试机正常,没有对病人造成伤害,[CLS]没有对病人造成伤害[SEP]设备上通道无法启动[SEP]2024年9月14号设备科工程师在周巡检工程中发现设备上通道不能正常启动现场检查供电正常推动推杆电位数值无变化拆机发现连接线松动紧固连接线电位数值变化正常试机正常没有对患者造成不利影响[SEP],设备上通道无法启动,2024年9月14号设备科工程师在周巡检工程中发现设备上通道不能正常启动现场检查供电正常推动推杆电位数值无变化拆机发现连接线松动紧固连接线电位数值变化正常试机正常没有对患者造成不利影响,该设备已使用8年处于超寿命期5年使用状态长期临床使用导致电机与电机驱动板连接线上电机端插头松动无法正常传递电机工作信号导致设备无法正常工作
1243610012024000221,其他,[CLS]无[SEP]注射器行程不均衡[SEP]9月1日设备科在巡查时科室反馈该注射泵使用时行程不均衡难以保障注射泵的均匀的输注速度将容易引发患者对药品的不良反应检查设备发现该产品电位器移位立即矫正电位器重新安装测试后正常使用[SEP],无,注射器行程不均衡,9月1日设备科在巡查时科室反馈该注射泵使用时行程不均衡难以保障注射泵的均匀的输注速度将容易引发患者对药品的不良反应检查设备发现该产品电位器移位立即矫正电位器重新安装测试后正常使用,产品原因（包括说明书等）,电位器移位,无,[CLS]无[SEP]注射器行程不均衡[SEP]9月1日设备科在巡查时科室反馈该注射泵使用时行程不均衡难以保障注射泵的均匀的输注速度将容易引发患者对药品的不良反应检查设备发现该产品电位器移位立即矫正电位器重新安装测试后正常使用[SEP],注射器行程不均衡,9月1日设备科在巡查时科室反馈该注射泵使用时行程不均衡难以保障注射泵的均匀的输注速度将容易引发患者对药品的不良反应检查设备发现该产品电位器移位立即矫正电位器重新安装测试后正常使用,该设备已使用6年处于超寿命期5年使用状态长期临床使用导致电位器松动位移而作为行程传感器当其松动时不能准确识别注射器位置导致注射速度异常
1171709082024000229,其他,[CLS]null[SEP]注射泵使用中速度不准[SEP]正常使用[SEP],null,注射泵使用中速度不准,正常使用,无法确定,注射泵更换注射器注射泵无法准确标定速度,null,[CLS]null[SEP]注射泵使用中速度不准[SEP]正常使用[SEP],注射泵使用中速度不准,正常使用,更换注射器规格后操作人员未重新校准导致设备本身的注射参数不匹配从而出现流速不准确的情况
1253717032024000607,其他,[CLS]无[SEP]设备按键偶尔会出现失灵[SEP]2024年8月24号科室护士长检查设备时发现按键不起作用其他功能正常报设备科维修由于设备在日正常巡查过程中发现问题没有对患者造成不利影响[SEP],无,设备按键偶尔会出现失灵,2024年8月24号科室护士长检查设备时发现按键不起作用其他功能正常报设备科维修由于设备在日正常巡查过程中发现问题没有对患者造成不利影响,产品原因（包括说明书等）,检查设备发现上通道2按键有时起作用有时没反应怀疑微动开关问题万用表测微动开关通断异常更换微动开关,无,[CLS]无[SEP]设备按键偶尔会出现失灵[SEP]2024年8月24号科室护士长检查设备时发现按键不起作用其他功能正常报设备科维修由于设备在日正常巡查过程中发现问题没有对患者造成不利影响[SEP],设备按键偶尔会出现失灵,2024年8月24号科室护士长检查设备时发现按键不起作用其他功能正常报设备科维修由于设备在日正常巡查过程中发现问题没有对患者造成不利影响,由于该设备已使用8年处于超寿命期使用状态长期临床使用频繁按压按键导致按键与主控板接触的微动开关损伤从而出现失灵的情况
1253717032024000603,其他,[CLS]无[SEP]使用过程中停止工作[SEP]2024年8月23日心内二科医护人员使用注射泵为患者治疗使用过程中设备停止工作立即更换设备继续为患者治疗告知设备科检验发现电源线损坏更换电源线正常[SEP],无,使用过程中停止工作,2024年8月23日心内二科医护人员使用注射泵为患者治疗使用过程中设备停止工作立即更换设备继续为患者治疗告知设备科检验发现电源线损坏更换电源线正常,产品原因（包括说明书等）,电源线损坏更换电源线,无,[CLS]无[SEP]使用过程中停止工作[SEP]2024年8月23日心内二科医护人员使用注射泵为患者治疗使用过程中设备停止工作立即更换设备继续为患者治疗告知设备科检验发现电源线损坏更换电源线正常[SEP],使用过程中停止工作,2024年8月23日心内二科医护人员使用注射泵为患者治疗使用过程中设备停止工作立即更换设备继续为患者治疗告知设备科检验发现电源线损坏更换电源线正常,由于该设备已使用10年处于超寿命期使用状态长期临床使用电源线老化断裂无法正常为设备供电
1264115102024000144,其他,[CLS]无[SEP]报警系统错误[SEP]病人上机前开机自检不通过报警系统错误[SEP],无,报警系统错误,病人上机前开机自检不通过报警系统错误,产品原因（包括说明书等）,无,无,[CLS]无[SEP]报警系统错误[SEP]病人上机前开机自检不通过报警系统错误[SEP],报警系统错误,病人上机前开机自检不通过报警系统错误,该设备已使用4年长期临床转运搬动设备内部线缆受到振动跌宕导致主道主板和电源板连线的插头松动
1386204002024000299,其他,[CLS]科室在使用时发现报错系统故障[SEP]系统故障[SEP]科室在使用时发现报错系统故障[SEP],科室在使用时发现报错系统故障,系统故障,科室在使用时发现报错系统故障,无法确定,系统故障,科室在使用时发现报错系统故障,[CLS]科室在使用时发现报错系统故障[SEP]系统故障[SEP]科室在使用时发现报错系统故障[SEP],系统故障,科室在使用时发现报错系统故障,设备已使用3年长期临床使用设备在频繁转运过程中受到振动跌宕导致主从道连接线插头松动脱落
1151510052024000500,其他,[CLS]null[SEP]D0101_故障提示D0409_设备内或器件内阻塞[SEP]8月21日上午11时26分使用微量泵为患者泵入硝酸甘油进行治疗连接电源后开机放置注射器设置好泵速后按启动键微量泵报警显示阻塞患者套管针回血[SEP],null,D0101_故障提示D0409_设备内或器件内阻塞,8月21日上午11时26分使用微量泵为患者泵入硝酸甘油进行治疗连接电源后开机放置注射器设置好泵速后按启动键微量泵报警显示阻塞患者套管针回血,"产品原因（包括说明书等）,无法确定",无法确定怀疑可能为内部传感器故障无法复位导致报警,null,[CLS]null[SEP]D0101_故障提示D0409_设备内或器件内阻塞[SEP]8月21日上午11时26分使用微量泵为患者泵入硝酸甘油进行治疗连接电源后开机放置注射器设置好泵速后按启动键微量泵报警显示阻塞患者套管针回血[SEP],D0101_故障提示D0409_设备内或器件内阻塞,8月21日上午11时26分使用微量泵为患者泵入硝酸甘油进行治疗连接电源后开机放置注射器设置好泵速后按启动键微量泵报警显示阻塞患者套管针回血,经长期临床使用频繁搬动设备内部电线震动跌宕导致压力传感器插头松动设备提示阻塞报警
1162112062024000136,其他,[CLS]药液未能及时泵入[SEP]注射泵速度调节为2mlH10秒后自动变成1mlh[SEP]诊断Ⅱ型糖尿病患者入院后遵医嘱给予生理盐水普通胰岛素静脉泵入降糖注射泵调节为2mlH10秒后自动变成1mlh重新启动后仍出现上述情况给予更换注射泵并报修[SEP],药液未能及时泵入,注射泵速度调节为2mlH10秒后自动变成1mlh,诊断Ⅱ型糖尿病患者入院后遵医嘱给予生理盐水普通胰岛素静脉泵入降糖注射泵调节为2mlH10秒后自动变成1mlh重新启动后仍出现上述情况给予更换注射泵并报修,产品原因（包括说明书等）,注射泵故障,药液未能及时泵入,[CLS]药液未能及时泵入[SEP]注射泵速度调节为2mlH10秒后自动变成1mlh[SEP]诊断Ⅱ型糖尿病患者入院后遵医嘱给予生理盐水普通胰岛素静脉泵入降糖注射泵调节为2mlH10秒后自动变成1mlh重新启动后仍出现上述情况给予更换注射泵并报修[SEP],注射泵速度调节为2mlH10秒后自动变成1mlh,诊断Ⅱ型糖尿病患者入院后遵医嘱给予生理盐水普通胰岛素静脉泵入降糖注射泵调节为2mlH10秒后自动变成1mlh重新启动后仍出现上述情况给予更换注射泵并报修,分析流速不准的原因为医院长期未进行注射器校准设备内存储的注射器参数与实际注射器参数不一致导致实际流速与设定流速不一致
1171709082024000238,其他,[CLS]null[SEP]背后夹子掉了[SEP]正常使用[SEP],null,背后夹子掉了,正常使用,产品原因（包括说明书等）,背后夹子掉了,null,[CLS]null[SEP]背后夹子掉了[SEP]正常使用[SEP],背后夹子掉了,正常使用,由于该设备已使用12年处于超寿命期5年使用状态临床长期使用导致紧固夹损伤无法固定设备
1253717032024000648,其他,[CLS]没有对病人造成伤害[SEP]D10100301_开启交直流电故障[SEP]2024年9月7号设备科工程师张进政在巡检设备时发现无法开机电源指示灯不亮拿维修间进一步检查没有对患者造成不利影响[SEP],没有对病人造成伤害,D10100301_开启交直流电故障,2024年9月7号设备科工程师张进政在巡检设备时发现无法开机电源指示灯不亮拿维修间进一步检查没有对患者造成不利影响,产品原因（包括说明书等）,对设备拍打有通电现象拆机检查变压供电板有针脚虚焊,没有对病人造成伤害,[CLS]没有对病人造成伤害[SEP]D10100301_开启交直流电故障[SEP]2024年9月7号设备科工程师张进政在巡检设备时发现无法开机电源指示灯不亮拿维修间进一步检查没有对患者造成不利影响[SEP],D10100301_开启交直流电故障,2024年9月7号设备科工程师张进政在巡检设备时发现无法开机电源指示灯不亮拿维修间进一步检查没有对患者造成不利影响,因该设备已使用8年处于超寿命期使用状态长期临床使用电源板针脚焊点氧化出现虚焊的情况从而无法为设备供电
1264126152024000234,其他,[CLS]无伤害[SEP]开机不通电[SEP]患者使用前无法开机更换其他注射泵使用然后通知维修人员前来维修[SEP],无伤害,开机不通电,患者使用前无法开机更换其他注射泵使用然后通知维修人员前来维修,无法确定,无法开机怀疑电源开关电源线等故障,无伤害,[CLS]无伤害[SEP]开机不通电[SEP]患者使用前无法开机更换其他注射泵使用然后通知维修人员前来维修[SEP],开机不通电,患者使用前无法开机更换其他注射泵使用然后通知维修人员前来维修,长期临床使用频繁拉扯弯折电源线电源线内部线缆损伤无法为设备供电
1151527072024000313,其他,[CLS]未造成伤害[SEP]D080105_无报警声[SEP]患者在我院新生儿科住院治疗使用注射泵药物注射注射完毕后无报警音发现后立即联系厂家更换扬声器此事件未对患儿造成伤害[SEP],未造成伤害,D080105_无报警声,患者在我院新生儿科住院治疗使用注射泵药物注射注射完毕后无报警音发现后立即联系厂家更换扬声器此事件未对患儿造成伤害,产品原因（包括说明书等）,注射泵扬声器故障,未造成伤害,[CLS]未造成伤害[SEP]D080105_无报警声[SEP]患者在我院新生儿科住院治疗使用注射泵药物注射注射完毕后无报警音发现后立即联系厂家更换扬声器此事件未对患儿造成伤害[SEP],D080105_无报警声,患者在我院新生儿科住院治疗使用注射泵药物注射注射完毕后无报警音发现后立即联系厂家更换扬声器此事件未对患儿造成伤害,设备喇叭内部线缆存在虚焊的情况在转运搬动设备过程中线束晃动可能导致焊点松动脱落无法正常导电发声
1253717072024000867,其他,[CLS]无[SEP]白屏故障[SEP]2024年7月26日科室注射泵出现白屏故障第三方维修人员将机器发回公司维修经更换屏幕及板子后测试使用正常未产生影响[SEP],无,白屏故障,2024年7月26日科室注射泵出现白屏故障第三方维修人员将机器发回公司维修经更换屏幕及板子后测试使用正常未产生影响,产品原因（包括说明书等）,注射泵出现白屏故障,无,[CLS]无[SEP]白屏故障[SEP]2024年7月26日科室注射泵出现白屏故障第三方维修人员将机器发回公司维修经更换屏幕及板子后测试使用正常未产生影响[SEP],白屏故障,2024年7月26日科室注射泵出现白屏故障第三方维修人员将机器发回公司维修经更换屏幕及板子后测试使用正常未产生影响,由于该设备已使用近7年超过5年使用寿命期长期使用导致屏幕及主板老化从而引发白屏现象
1253705062024000602,其他,[CLS]未造成伤害[SEP]注射泵推注速度过慢设定时间到达后实际推注量只有三分之二[SEP]于2024年8月12日护士对该注射泵行日常维护保养在使用空针推注过程中发现该注射泵推注速度过慢设定时间到达后实际推注量只有三分之二设备存在一定的安全隐患遂立即联系设备科对其进行检修在对其进行重新校准后设备恢复正常未造成不良影响及时上报医院医疗器械管理部门反映产品不良信息[SEP],未造成伤害,注射泵推注速度过慢设定时间到达后实际推注量只有三分之二,于2024年8月12日护士对该注射泵行日常维护保养在使用空针推注过程中发现该注射泵推注速度过慢设定时间到达后实际推注量只有三分之二设备存在一定的安全隐患遂立即联系设备科对其进行检修在对其进行重新校准后设备恢复正常未造成不良影响及时上报医院医疗器械管理部门反映产品不良信息,无法确定,无法确定事件原因,未造成伤害,[CLS]未造成伤害[SEP]注射泵推注速度过慢设定时间到达后实际推注量只有三分之二[SEP]于2024年8月12日护士对该注射泵行日常维护保养在使用空针推注过程中发现该注射泵推注速度过慢设定时间到达后实际推注量只有三分之二设备存在一定的安全隐患遂立即联系设备科对其进行检修在对其进行重新校准后设备恢复正常未造成不良影响及时上报医院医疗器械管理部门反映产品不良信息[SEP],注射泵推注速度过慢设定时间到达后实际推注量只有三分之二,于2024年8月12日护士对该注射泵行日常维护保养在使用空针推注过程中发现该注射泵推注速度过慢设定时间到达后实际推注量只有三分之二设备存在一定的安全隐患遂立即联系设备科对其进行检修在对其进行重新校准后设备恢复正常未造成不良影响及时上报医院医疗器械管理部门反映产品不良信息,由于该设备长期未进行注射器校准导致设备内存储的注射器信息与实际上泵的注射器信息不符导致设备无法准确识别上泵的注射器规格
1253711042024000371,其他,[CLS]设备使用过程中突发故障无法正常使用影响病人诊疗[SEP]D020102_启动失效[SEP]2024年9月11日科室工作人员使用该设备为患者进行药物注射时发现该设备无法进行药物推进更换设备继续为患者进行治疗报修工程师更换设备为患者进行治疗延长了患者治疗时间存在一定的医疗风险[SEP],设备使用过程中突发故障无法正常使用影响病人诊疗,D020102_启动失效,2024年9月11日科室工作人员使用该设备为患者进行药物注射时发现该设备无法进行药物推进更换设备继续为患者进行治疗报修工程师更换设备为患者进行治疗延长了患者治疗时间存在一定的医疗风险,产品原因（包括说明书等）,工程师现场维修判定该设备注射泵夹子损坏导致药物无法完成推进,设备使用过程中突发故障无法正常使用影响病人诊疗,[CLS]设备使用过程中突发故障无法正常使用影响病人诊疗[SEP]D020102_启动失效[SEP]2024年9月11日科室工作人员使用该设备为患者进行药物注射时发现该设备无法进行药物推进更换设备继续为患者进行治疗报修工程师更换设备为患者进行治疗延长了患者治疗时间存在一定的医疗风险[SEP],D020102_启动失效,2024年9月11日科室工作人员使用该设备为患者进行药物注射时发现该设备无法进行药物推进更换设备继续为患者进行治疗报修工程师更换设备为患者进行治疗延长了患者治疗时间存在一定的医疗风险,由于该设备超寿命期使用捏柄反复受到按压导致老化开裂从而无法控制注射泵的注射器夹张开与闭合以固定注射器推杆的尾端导致注射泵不能正常使用
1151510052024000461,其他,[CLS]M210202_给药不足[SEP]D0102_意外停机D1207_机械故障[SEP]于2024年08月04日10点20分遵医嘱给予09氯化钠40毫升多巴胺20毫升以6mlh持续微量泵入液体泵入20毫升后注射器报警显示异常并停止屏幕上显示注射器未顶紧经护理人员检查并未发现注射器有未顶紧现象护理人员立即更换注射泵继续进行治疗[SEP],M210202_给药不足,D0102_意外停机D1207_机械故障,于2024年08月04日10点20分遵医嘱给予09氯化钠40毫升多巴胺20毫升以6mlh持续微量泵入液体泵入20毫升后注射器报警显示异常并停止屏幕上显示注射器未顶紧经护理人员检查并未发现注射器有未顶紧现象护理人员立即更换注射泵继续进行治疗,产品原因（包括说明书等）,初步判断该泵夹注射器尾端有松动现象可能时导致提示未顶紧,M210202_给药不足,[CLS]M210202_给药不足[SEP]D0102_意外停机D1207_机械故障[SEP]于2024年08月04日10点20分遵医嘱给予09氯化钠40毫升多巴胺20毫升以6mlh持续微量泵入液体泵入20毫升后注射器报警显示异常并停止屏幕上显示注射器未顶紧经护理人员检查并未发现注射器有未顶紧现象护理人员立即更换注射泵继续进行治疗[SEP],D0102_意外停机D1207_机械故障,于2024年08月04日10点20分遵医嘱给予09氯化钠40毫升多巴胺20毫升以6mlh持续微量泵入液体泵入20毫升后注射器报警显示异常并停止屏幕上显示注射器未顶紧经护理人员检查并未发现注射器有未顶紧现象护理人员立即更换注射泵继续进行治疗,1FPC线的功能之一是负责传递检测信号损坏后造成检测信号中断发出注射器未顶紧报警报警后设备不能注射药物无法正常使用2结合市场反馈分析FPC线损坏的原因可能是生产过程中内部FPC线未固定牢固在临床搬运过程中产生晃动FPC线与周围电路板摩擦导致磨损
1253714102024000257,严重伤害,[CLS]影响治疗进程[SEP]针筒在推进过程中产生歪斜[SEP]病人因肺部感染进入ICU治疗2024年3月26日护士使用注射泵为病人泵入胰岛素治疗注射过程中发现针筒在推进过程中产生歪斜导致注射时间不准且有可能导致针筒脱落致使病人被针头二次损伤于是联系器械科调用备用机并将故障机送修中间停止注射约20分钟延误病人治疗[SEP],影响治疗进程,针筒在推进过程中产生歪斜,病人因肺部感染进入ICU治疗2024年3月26日护士使用注射泵为病人泵入胰岛素治疗注射过程中发现针筒在推进过程中产生歪斜导致注射时间不准且有可能导致针筒脱落致使病人被针头二次损伤于是联系器械科调用备用机并将故障机送修中间停止注射约20分钟延误病人治疗,无法确定,可能是塑料老化,影响治疗进程,[CLS]影响治疗进程[SEP]针筒在推进过程中产生歪斜[SEP]病人因肺部感染进入ICU治疗2024年3月26日护士使用注射泵为病人泵入胰岛素治疗注射过程中发现针筒在推进过程中产生歪斜导致注射时间不准且有可能导致针筒脱落致使病人被针头二次损伤于是联系器械科调用备用机并将故障机送修中间停止注射约20分钟延误病人治疗[SEP],针筒在推进过程中产生歪斜,病人因肺部感染进入ICU治疗2024年3月26日护士使用注射泵为病人泵入胰岛素治疗注射过程中发现针筒在推进过程中产生歪斜导致注射时间不准且有可能导致针筒脱落致使病人被针头二次损伤于是联系器械科调用备用机并将故障机送修中间停止注射约20分钟延误病人治疗,我方对该报告伤害等级持不同意见应为其他1发现注射器位置歪斜后立即更换其他设备为患者注射未对人体造成伤害2由于该设备已使用超过10年处于超预期使用状态长期使用导致压杆老化损伤从而无法固定注射器
1253717032024000622,严重伤害,[CLS]造成肿瘤患者的病情不能及时得到治疗存在严重伤害风险[SEP]注射中断未报警[SEP]2024年8月10肿瘤科医护人员为患者治疗时注射泵停止工作未报警提示上报设备科维修报警器造成肿瘤患者的病情不能及时得到治疗存在严重伤害风险[SEP],造成肿瘤患者的病情不能及时得到治疗存在严重伤害风险,注射中断未报警,2024年8月10肿瘤科医护人员为患者治疗时注射泵停止工作未报警提示上报设备科维修报警器造成肿瘤患者的病情不能及时得到治疗存在严重伤害风险,产品原因（包括说明书等）,报警器故障,造成肿瘤患者的病情不能及时得到治疗存在严重伤害风险,[CLS]造成肿瘤患者的病情不能及时得到治疗存在严重伤害风险[SEP]注射中断未报警[SEP]2024年8月10肿瘤科医护人员为患者治疗时注射泵停止工作未报警提示上报设备科维修报警器造成肿瘤患者的病情不能及时得到治疗存在严重伤害风险[SEP],注射中断未报警,2024年8月10肿瘤科医护人员为患者治疗时注射泵停止工作未报警提示上报设备科维修报警器造成肿瘤患者的病情不能及时得到治疗存在严重伤害风险,我方对该报告伤害等级持不同意见应为其他1问题发生时注射器停止工作喇叭无声音立即更换其他设备继续为患者使用未对患者造成伤害2喇叭故障原因是喇叭内部线缆接头存在虚焊现象临床使用过程中焊点松动脱落无法正常导电发声
1253718062024000441,严重伤害,[CLS]发现及时未造成伤害但存在较大安全隐患[SEP]报警蜂鸣器不响[SEP]患者使用过程中红色报警灯亮报警蜂鸣器不响[SEP],发现及时未造成伤害但存在较大安全隐患,报警蜂鸣器不响,患者使用过程中红色报警灯亮报警蜂鸣器不响,产品原因（包括说明书等）,报警蜂鸣器坏该品牌注射泵出现蜂鸣器故障多次出现报警蜂鸣器不响存在较大安全隐患,发现及时未造成伤害但存在较大安全隐患,[CLS]发现及时未造成伤害但存在较大安全隐患[SEP]报警蜂鸣器不响[SEP]患者使用过程中红色报警灯亮报警蜂鸣器不响[SEP],报警蜂鸣器不响,患者使用过程中红色报警灯亮报警蜂鸣器不响,我方对该报告伤害等级持不同意见应为其他1问题发生时观察到报警灯光但无报警声音立即更换其他设备继续为患者使用未对患者造成伤害2该设备已使用6年处于超寿命期5年使用状态长期临床使用导致喇叭内部电线焊接点氧化频繁转运搬动设备过程中线束晃动导致焊点松动脱落无法正常导电发声
1386204092024000908,其他,[CLS]断裂[SEP]D150101_断裂[SEP]给患者泵药时仪器离合器手柄突然端裂不能给患者及时治疗[SEP],断裂,D150101_断裂,给患者泵药时仪器离合器手柄突然端裂不能给患者及时治疗,"无法确定,产品原因（包括说明书等）,操作原因",null,断裂,[CLS]断裂[SEP]D150101_断裂[SEP]给患者泵药时仪器离合器手柄突然端裂不能给患者及时治疗[SEP],D150101_断裂,给患者泵药时仪器离合器手柄突然端裂不能给患者及时治疗,由于该设备超寿命期5年使用捏柄反复受到按压导致老化开裂从而无法控制注射泵的注射器夹张开与闭合以固定注射器推杆的尾端导致注射泵不能正常使用
1274204002024000628,其他,[CLS]无[SEP]微量泵报警无法使用[SEP]2024年9月4日肾病2病房护士在使用微量泵过程中开机后报警经检查发现B通道拉杆处固定圆柱断裂无法使用暂停使用该设备并交至设备科维修[SEP],无,微量泵报警无法使用,2024年9月4日肾病2病房护士在使用微量泵过程中开机后报警经检查发现B通道拉杆处固定圆柱断裂无法使用暂停使用该设备并交至设备科维修,产品原因（包括说明书等）,B通道拉杆处固定圆柱断裂,无,[CLS]无[SEP]微量泵报警无法使用[SEP]2024年9月4日肾病2病房护士在使用微量泵过程中开机后报警经检查发现B通道拉杆处固定圆柱断裂无法使用暂停使用该设备并交至设备科维修[SEP],微量泵报警无法使用,2024年9月4日肾病2病房护士在使用微量泵过程中开机后报警经检查发现B通道拉杆处固定圆柱断裂无法使用暂停使用该设备并交至设备科维修,由于该设备超寿命期使用5年寿命期已使用11年捏柄反复受到按压导致老化开裂从而无法控制注射泵的注射器夹张开与闭合以固定注射器推杆的尾端导致注射泵不能正常使用
1376108032024000546,其他,[CLS]无[SEP]捏柄断裂[SEP]24日上午护士准备为患儿注射液体时发现该设备捏柄断裂无法使用立即报器械科维修组维修[SEP],无,捏柄断裂,24日上午护士准备为患儿注射液体时发现该设备捏柄断裂无法使用立即报器械科维修组维修,产品原因（包括说明书等）,多考虑1产品本身存在缺陷2操作人员未按产品说明书对产品进行维护和保养,无,[CLS]无[SEP]捏柄断裂[SEP]24日上午护士准备为患儿注射液体时发现该设备捏柄断裂无法使用立即报器械科维修组维修[SEP],捏柄断裂,24日上午护士准备为患儿注射液体时发现该设备捏柄断裂无法使用立即报器械科维修组维修,由于该设备超寿命期使用5年寿命期已使用11年捏柄反复受到按压导致老化开裂从而无法控制注射泵的注射器夹张开与闭合以固定注射器推杆的尾端导致注射泵不能正常使用
1376108032024000513,其他,[CLS]无[SEP]捏柄断裂[SEP]20240918操作人员发现注射泵捏柄断裂停止使用立即给维修组报修[SEP],无,捏柄断裂,20240918操作人员发现注射泵捏柄断裂停止使用立即给维修组报修,产品原因（包括说明书等）,多考虑该产品存在质量问题,无,[CLS]无[SEP]捏柄断裂[SEP]20240918操作人员发现注射泵捏柄断裂停止使用立即给维修组报修[SEP],捏柄断裂,20240918操作人员发现注射泵捏柄断裂停止使用立即给维修组报修,由于该设备超寿命期使用5年寿命期已使用11年捏柄反复受到按压导致老化开裂从而无法控制注射泵的注射器夹张开与闭合以固定注射器推杆的尾端导致注射泵不能正常使用
1233502142024000127,其他,[CLS]M210202_给药不足[SEP]D150101_断裂[SEP]患者因高血压于2024年2月8日来我院内科就诊遵医嘱予5GS50ml硝普钠50mg以5mlh泵入护士安装注射器时发现微注泵注射器拉杆断裂注射器无法正常使用造成给药不足随即更换新的注射泵未对患者造成不良影响[SEP],M210202_给药不足,D150101_断裂,患者因高血压于2024年2月8日来我院内科就诊遵医嘱予5GS50ml硝普钠50mg以5mlh泵入护士安装注射器时发现微注泵注射器拉杆断裂注射器无法正常使用造成给药不足随即更换新的注射泵未对患者造成不良影响,"产品原因（包括说明书等）,无法确定",注射泵的机械部件拉杆损坏,M210202_给药不足,[CLS]M210202_给药不足[SEP]D150101_断裂[SEP]患者因高血压于2024年2月8日来我院内科就诊遵医嘱予5GS50ml硝普钠50mg以5mlh泵入护士安装注射器时发现微注泵注射器拉杆断裂注射器无法正常使用造成给药不足随即更换新的注射泵未对患者造成不良影响[SEP],D150101_断裂,患者因高血压于2024年2月8日来我院内科就诊遵医嘱予5GS50ml硝普钠50mg以5mlh泵入护士安装注射器时发现微注泵注射器拉杆断裂注射器无法正常使用造成给药不足随即更换新的注射泵未对患者造成不良影响,因该设备已处于超寿命期使用状态设丝杆套筒已老化当受到外力冲击时结构件易损伤
1171709082024000045,其他,[CLS]null[SEP]注射泵乱码[SEP]患者治疗中使用[SEP],null,注射泵乱码,患者治疗中使用,无法确定,连续使用时间过长过热保护,null,[CLS]null[SEP]注射泵乱码[SEP]患者治疗中使用[SEP],注射泵乱码,患者治疗中使用,由于设备已使用13年远超5年使用寿命期长期使用造成设备老化电机长时间运行磨损发热导致系统出现异常
1171709082024000043,其他,[CLS]null[SEP]注射泵死机[SEP]患者治疗中使用[SEP],null,注射泵死机,患者治疗中使用,无法确定,注射泵蓄电池耗尽死机,null,[CLS]null[SEP]注射泵死机[SEP]患者治疗中使用[SEP],注射泵死机,患者治疗中使用,由于该设备已使用13年处于超寿命期5年使用状态长期临床使用频繁对电池进行充放电电池老化性能下降无法满足设备转运时的供电需求
1162102002024000434,其他,[CLS]无[SEP]D010302_按键故障[SEP]2024年8月26日介入治疗科护士在使用前检查中发现注射泵按键失效无法使用报设备科维修[SEP],无,D010302_按键故障,2024年8月26日介入治疗科护士在使用前检查中发现注射泵按键失效无法使用报设备科维修,产品原因（包括说明书等）,更换确认键后故障消失,无,[CLS]无[SEP]D010302_按键故障[SEP]2024年8月26日介入治疗科护士在使用前检查中发现注射泵按键失效无法使用报设备科维修[SEP],D010302_按键故障,2024年8月26日介入治疗科护士在使用前检查中发现注射泵按键失效无法使用报设备科维修,由于该设备已使用12年处于超预期使用状态长期临床使用导致按键老化无法正常使用
1162102002024000371,其他,[CLS]无[SEP]D150101_断裂[SEP]2024年8月12日麻醉科医师在使用前检查过程中发现夹杆断裂无法识别注射器无法使用[SEP],无,D150101_断裂,2024年8月12日麻醉科医师在使用前检查过程中发现夹杆断裂无法识别注射器无法使用,产品原因（包括说明书等）,夹杆长期使用老化碎裂,无,[CLS]无[SEP]D150101_断裂[SEP]2024年8月12日麻醉科医师在使用前检查过程中发现夹杆断裂无法识别注射器无法使用[SEP],D150101_断裂,2024年8月12日麻醉科医师在使用前检查过程中发现夹杆断裂无法识别注射器无法使用,由于该设备已使用超过10年处于超预期使用状态长期使用导致压杆老化损伤从而无法固定注射器
1131301412024000694,其他,[CLS]无[SEP]固定拉杆坏[SEP]20240724检查器械时发现固定拉杆坏了[SEP],无,固定拉杆坏,20240724检查器械时发现固定拉杆坏了,产品原因（包括说明书等）,固定拉杆坏了,无,[CLS]无[SEP]固定拉杆坏[SEP]20240724检查器械时发现固定拉杆坏了[SEP],固定拉杆坏,20240724检查器械时发现固定拉杆坏了,该设备已使用超过10年处于超寿命期5年使用状态长期使用捏柄反复受到按压导致老化开裂从而无法控制注射泵的注射器夹张开与闭合以固定注射器推杆的尾端导致注射泵不能正常使用
1386204002024000298,其他,[CLS]科室在使用过程中发现无法连接在输液架上[SEP]机器后面的螺丝断裂[SEP]科室在使用过程中发现后面螺丝断裂无法连接输液架随即报修[SEP],科室在使用过程中发现无法连接在输液架上,机器后面的螺丝断裂,科室在使用过程中发现后面螺丝断裂无法连接输液架随即报修,无法确定,螺丝断裂,科室在使用过程中发现无法连接在输液架上,[CLS]科室在使用过程中发现无法连接在输液架上[SEP]机器后面的螺丝断裂[SEP]科室在使用过程中发现后面螺丝断裂无法连接输液架随即报修[SEP],机器后面的螺丝断裂,科室在使用过程中发现后面螺丝断裂无法连接输液架随即报修,设备已使用4年长期拧动螺丝螺丝柱材质老化磨损当用力不均匀时易造成螺丝断裂
1386204002024000314,其他,[CLS]null[SEP]D1204_机械卡塞[SEP]科室欲将该设备从输液架上取下发现设备后的夹子扭不动导致设备无法从输液架取下随上报运维中心[SEP],null,D1204_机械卡塞,科室欲将该设备从输液架上取下发现设备后的夹子扭不动导致设备无法从输液架取下随上报运维中心,"产品原因（包括说明书等）,无法确定",夹子螺纹损坏,null,[CLS]null[SEP]D1204_机械卡塞[SEP]科室欲将该设备从输液架上取下发现设备后的夹子扭不动导致设备无法从输液架取下随上报运维中心[SEP],D1204_机械卡塞,科室欲将该设备从输液架上取下发现设备后的夹子扭不动导致设备无法从输液架取下随上报运维中心,设备已使用3年长期拧动螺丝螺丝柱材质磨损或在使用过程中扭动螺丝不小心拧偏从而导致滑丝
1294419292024000310,其他,[CLS]null[SEP]针筒推杆夹断[SEP]2024年7月31日1600医护人员发现注射泵出现故障针筒推杆夹断了送到设备科检修机器使用时间长无法查找有效期[SEP],null,针筒推杆夹断,2024年7月31日1600医护人员发现注射泵出现故障针筒推杆夹断了送到设备科检修机器使用时间长无法查找有效期,无法确定,针筒推杆夹断了,null,[CLS]null[SEP]针筒推杆夹断[SEP]2024年7月31日1600医护人员发现注射泵出现故障针筒推杆夹断了送到设备科检修机器使用时间长无法查找有效期[SEP],针筒推杆夹断,2024年7月31日1600医护人员发现注射泵出现故障针筒推杆夹断了送到设备科检修机器使用时间长无法查找有效期,该设备因超期使用5年寿命期已使用12年捏柄反复受到按压导致老化开裂从而无法控制注射泵的注射器夹张开与闭合以固定注射器推杆的尾端导致注射泵不能正常使用
1253701012024000210,其他,[CLS]未造成伤害[SEP]注射泵顶端卡扣损坏继续使用可能会导致注射器推进不顺容易造成液体计量不准[SEP]2024年07月04日0920我院手术室护士在日常检查注射泵时发现该注射泵顶端卡扣损坏考虑到继续使用可能会导致注射器推进不顺容易造成液体计量不准遂立即上报设备科设备科人员拆卸后发现卡扣及内部齿轮均为注塑材质本身误差较大容易产生彼此之间的阻碍因此立即维修更换卡扣配件经设备科人员更换后故障解除后上报医疗器械不良事件[SEP],未造成伤害,注射泵顶端卡扣损坏继续使用可能会导致注射器推进不顺容易造成液体计量不准,2024年07月04日0920我院手术室护士在日常检查注射泵时发现该注射泵顶端卡扣损坏考虑到继续使用可能会导致注射器推进不顺容易造成液体计量不准遂立即上报设备科设备科人员拆卸后发现卡扣及内部齿轮均为注塑材质本身误差较大容易产生彼此之间的阻碍因此立即维修更换卡扣配件经设备科人员更换后故障解除后上报医疗器械不良事件,产品原因（包括说明书等）,注射泵卡扣损坏考虑为个别产品内部配件质量存在问题,未造成伤害,[CLS]未造成伤害[SEP]注射泵顶端卡扣损坏继续使用可能会导致注射器推进不顺容易造成液体计量不准[SEP]2024年07月04日0920我院手术室护士在日常检查注射泵时发现该注射泵顶端卡扣损坏考虑到继续使用可能会导致注射器推进不顺容易造成液体计量不准遂立即上报设备科设备科人员拆卸后发现卡扣及内部齿轮均为注塑材质本身误差较大容易产生彼此之间的阻碍因此立即维修更换卡扣配件经设备科人员更换后故障解除后上报医疗器械不良事件[SEP],注射泵顶端卡扣损坏继续使用可能会导致注射器推进不顺容易造成液体计量不准,2024年07月04日0920我院手术室护士在日常检查注射泵时发现该注射泵顶端卡扣损坏考虑到继续使用可能会导致注射器推进不顺容易造成液体计量不准遂立即上报设备科设备科人员拆卸后发现卡扣及内部齿轮均为注塑材质本身误差较大容易产生彼此之间的阻碍因此立即维修更换卡扣配件经设备科人员更换后故障解除后上报医疗器械不良事件,由于该设备处于超寿命期使用状态长期临床使用频繁捏合捏柄导致捏柄材质老化开裂而捏柄是固定注射器推杆尾端的装置部件之一控制注射泵的注射器夹张开与闭合当其损伤后无法调节离合器位置导致无法正常注射药物
1386204002024000310,其他,[CLS]null[SEP]D1204_机械卡塞[SEP]科室欲将该设备从输液架上取下发现设备后的夹子扭不动导致设备无法从输液架取下随上报运维中心[SEP],null,D1204_机械卡塞,科室欲将该设备从输液架上取下发现设备后的夹子扭不动导致设备无法从输液架取下随上报运维中心,产品原因（包括说明书等）,夹子螺纹损坏,null,[CLS]null[SEP]D1204_机械卡塞[SEP]科室欲将该设备从输液架上取下发现设备后的夹子扭不动导致设备无法从输液架取下随上报运维中心[SEP],D1204_机械卡塞,科室欲将该设备从输液架上取下发现设备后的夹子扭不动导致设备无法从输液架取下随上报运维中心,设备已使用3年紧固夹为附件长期拧动螺丝紧固夹螺纹磨损或在使用过程中扭动螺丝不小心拧偏从而导致滑丝
1386204002024000312,其他,[CLS]null[SEP]D1204_机械卡塞[SEP]科室欲将该设备从输液架上取下发现设备后的夹子扭不动导致设备无法从输液架取下随上报运维中心[SEP],null,D1204_机械卡塞,科室欲将该设备从输液架上取下发现设备后的夹子扭不动导致设备无法从输液架取下随上报运维中心,产品原因（包括说明书等）,夹子螺纹损坏,null,[CLS]null[SEP]D1204_机械卡塞[SEP]科室欲将该设备从输液架上取下发现设备后的夹子扭不动导致设备无法从输液架取下随上报运维中心[SEP],D1204_机械卡塞,科室欲将该设备从输液架上取下发现设备后的夹子扭不动导致设备无法从输液架取下随上报运维中心,设备已使用3年长期拧动螺丝螺丝柱材质磨损或在使用过程中扭动螺丝不小心拧偏从而导致滑丝
1264126152024000141,其他,[CLS]无伤害[SEP]输液泵开机启动后报警[SEP]患者使用前开机正常启动后报警更换其他机器使用然后送固资科维修[SEP],无伤害,输液泵开机启动后报警,患者使用前开机正常启动后报警更换其他机器使用然后送固资科维修,无法确定,启动后报警提示门没有关闭,无伤害,[CLS]无伤害[SEP]输液泵开机启动后报警[SEP]患者使用前开机正常启动后报警更换其他机器使用然后送固资科维修[SEP],输液泵开机启动后报警,患者使用前开机正常启动后报警更换其他机器使用然后送固资科维修,该故障现象是由于输液泵维护不当门内存有异物导致外门卡住无法正常闭紧发出报警
1386204092024000587,其他,[CLS]运动障碍[SEP]按键故障[SEP]卡子损坏无法使用[SEP],运动障碍,按键故障,卡子损坏无法使用,产品原因（包括说明书等）,null,运动障碍,[CLS]运动障碍[SEP]按键故障[SEP]卡子损坏无法使用[SEP],按键故障,卡子损坏无法使用,因该设备已使用6年处于超寿命期使用状态临床长期使用导致捏柄老化断裂无法固定注射器导致传感器无法识别注射器的规格与位置从而启动按键失效
1386204002024000261,其他,[CLS]null[SEP]D1204_机械卡塞[SEP]科室欲将该设备从输液架上取下发现设备后的夹子扭不动导致设备无法从输液架取下随上报运维中心[SEP],null,D1204_机械卡塞,科室欲将该设备从输液架上取下发现设备后的夹子扭不动导致设备无法从输液架取下随上报运维中心,产品原因（包括说明书等）,设备夹子设计质量问题,null,[CLS]null[SEP]D1204_机械卡塞[SEP]科室欲将该设备从输液架上取下发现设备后的夹子扭不动导致设备无法从输液架取下随上报运维中心[SEP],D1204_机械卡塞,科室欲将该设备从输液架上取下发现设备后的夹子扭不动导致设备无法从输液架取下随上报运维中心,设备已使用3年紧固夹长期使用频繁拧动导致螺丝柱磨损出现滑丝现象
1151510052024000359,其他,[CLS]null[SEP]D0102_意外停机D0407_输注不足[SEP]在正常为患者使用过程中注射器内液体量剩余4ml时该双道微量泵下通道显示系统故障6重启设备依然无法继续使用[SEP],null,D0102_意外停机D0407_输注不足,在正常为患者使用过程中注射器内液体量剩余4ml时该双道微量泵下通道显示系统故障6重启设备依然无法继续使用,产品原因（包括说明书等）,无法确定,null,[CLS]null[SEP]D0102_意外停机D0407_输注不足[SEP]在正常为患者使用过程中注射器内液体量剩余4ml时该双道微量泵下通道显示系统故障6重启设备依然无法继续使用[SEP],D0102_意外停机D0407_输注不足,在正常为患者使用过程中注射器内液体量剩余4ml时该双道微量泵下通道显示系统故障6重启设备依然无法继续使用,根据故障情况分析压力传感器插头松动的原因可能为临床搬动与转运过程中设备受到跌宕震动导致内部压力传感器插头松动压力值信号传输异常造成报警
1386204002024000167,其他,[CLS]无[SEP]设备拉杆卡夹断裂无法调节长短[SEP]设备开机后夹输液器时发现拉杆卡夹断裂无法调节拉杆长短[SEP],无,设备拉杆卡夹断裂无法调节长短,设备开机后夹输液器时发现拉杆卡夹断裂无法调节拉杆长短,"产品原因（包括说明书等）,无法确定",初步判断为拉杆卡夹材质太脆,无,[CLS]无[SEP]设备拉杆卡夹断裂无法调节长短[SEP]设备开机后夹输液器时发现拉杆卡夹断裂无法调节拉杆长短[SEP],设备拉杆卡夹断裂无法调节长短,设备开机后夹输液器时发现拉杆卡夹断裂无法调节拉杆长短,该设备处于超寿命期5年使用状态由于长期频繁使用捏柄反复受到按压导致磨损开裂从而无法控制注射泵的注射器夹张开与闭合以固定注射器推杆的尾端导致注射泵不能正常使用
1181807992024000070,其他,[CLS]null[SEP]刘树清因二级呼吸衰竭于2024年4月11日使用注射泵泵注射镇静药时发现系统故障报警[SEP]刘树清因二级呼吸衰竭于2024年4月11日使用注射泵泵注射镇静药时发现系统故障报警[SEP],null,刘树清因二级呼吸衰竭于2024年4月11日使用注射泵泵注射镇静药时发现系统故障报警,刘树清因二级呼吸衰竭于2024年4月11日使用注射泵泵注射镇静药时发现系统故障报警,产品原因（包括说明书等）,null,null,[CLS]null[SEP]刘树清因二级呼吸衰竭于2024年4月11日使用注射泵泵注射镇静药时发现系统故障报警[SEP]刘树清因二级呼吸衰竭于2024年4月11日使用注射泵泵注射镇静药时发现系统故障报警[SEP],刘树清因二级呼吸衰竭于2024年4月11日使用注射泵泵注射镇静药时发现系统故障报警,刘树清因二级呼吸衰竭于2024年4月11日使用注射泵泵注射镇静药时发现系统故障报警,由于该设备已使用近5年长期临床使用搬动设备设备震动跌宕内部电线晃动导致压力传感器插头松动无法正常检测管路内压力值导致设备提示系统故障报警
1162102002024000266,其他,[CLS]null[SEP]D150101_断裂[SEP]20240624临床使用该注射泵使用前将注射泵杆拉出时杆断裂更换其他注射泵报修[SEP],null,D150101_断裂,20240624临床使用该注射泵使用前将注射泵杆拉出时杆断裂更换其他注射泵报修,无法确定,注射器杆断裂应是自身结构变脆弱所致具体原因不明未发现液体泄漏导致的腐蚀痕迹,null,[CLS]null[SEP]D150101_断裂[SEP]20240624临床使用该注射泵使用前将注射泵杆拉出时杆断裂更换其他注射泵报修[SEP],D150101_断裂,20240624临床使用该注射泵使用前将注射泵杆拉出时杆断裂更换其他注射泵报修,因该设备已使用11年处于超寿命期使用状态设备部件已老化当受到外力冲击时结构件易损伤
1274218022024000189,其他,[CLS]无[SEP]低电压[SEP]向方晶住院号00565257女41岁患者于2024年7月25日900入院于7月26日1210行左肱骨近端骨折术后内固定物取出术8月1日1400N2级责任护士徐颁正在巡视病房时发现该患者注射泵正在报警提示低电压立即报告护士长[SEP],无,低电压,向方晶住院号00565257女41岁患者于2024年7月25日900入院于7月26日1210行左肱骨近端骨折术后内固定物取出术8月1日1400N2级责任护士徐颁正在巡视病房时发现该患者注射泵正在报警提示低电压立即报告护士长,操作原因,维修工程师检查检查注射泵工作情况发现充电线接头处松动接触不良,无,[CLS]无[SEP]低电压[SEP]向方晶住院号00565257女41岁患者于2024年7月25日900入院于7月26日1210行左肱骨近端骨折术后内固定物取出术8月1日1400N2级责任护士徐颁正在巡视病房时发现该患者注射泵正在报警提示低电压立即报告护士长[SEP],低电压,向方晶住院号00565257女41岁患者于2024年7月25日900入院于7月26日1210行左肱骨近端骨折术后内固定物取出术8月1日1400N2级责任护士徐颁正在巡视病房时发现该患者注射泵正在报警提示低电压立即报告护士长,由于该设备已使用10年处于超寿命期使用状态长期临床使用频繁插拔电源线电源线插头松动导致在使用过程中接触不良无法正常为设备供电
1162101072024000270,其他,[CLS]无法正常给药[SEP]注射泵下层故障[SEP]患者于202487在我院进行冠心病治疗使用注射泵进行给药注射泵显示故障立即重新更换注射泵为患者进行给药[SEP],无法正常给药,注射泵下层故障,患者于202487在我院进行冠心病治疗使用注射泵进行给药注射泵显示故障立即重新更换注射泵为患者进行给药,无法确定,接触不良,无法正常给药,[CLS]无法正常给药[SEP]注射泵下层故障[SEP]患者于202487在我院进行冠心病治疗使用注射泵进行给药注射泵显示故障立即重新更换注射泵为患者进行给药[SEP],注射泵下层故障,患者于202487在我院进行冠心病治疗使用注射泵进行给药注射泵显示故障立即重新更换注射泵为患者进行给药,长期临床使用频繁搬动设备设备震动跌宕内部电线晃动导致连接线松动
1203203102024000099,其他,[CLS]无[SEP]交流电接上不亮[SEP]使用人员正常自检发现注射泵打不开[SEP],无,交流电接上不亮,使用人员正常自检发现注射泵打不开,产品原因（包括说明书等）,怀疑电源线问题测量电源线正常怀疑电源板有问题,无,[CLS]无[SEP]交流电接上不亮[SEP]使用人员正常自检发现注射泵打不开[SEP],交流电接上不亮,使用人员正常自检发现注射泵打不开,因该设备已使用10年多处于远超寿命期使用状态长期临床使用导致电源板老化故障设备无法通电开机
1274204002024000513,其他,[CLS]无[SEP]设备固定注射器的卡扣断掉无法正常使用[SEP]设备固定注射器的卡扣断掉无法正常使用[SEP],无,设备固定注射器的卡扣断掉无法正常使用,设备固定注射器的卡扣断掉无法正常使用,产品原因（包括说明书等）,检查后发现设备固定注射器的卡扣老化导致断裂,无,[CLS]无[SEP]设备固定注射器的卡扣断掉无法正常使用[SEP]设备固定注射器的卡扣断掉无法正常使用[SEP],设备固定注射器的卡扣断掉无法正常使用,设备固定注射器的卡扣断掉无法正常使用,由于该设备超寿命期使用5年寿命期已使用近9年捏柄反复受到按压导致老化开裂从而无法控制注射泵的注射器夹张开与闭合以固定注射器推杆的尾端导致注射泵不能正常使用
1386205042024000430,其他,[CLS]临床开机预检时设备报系统故障6临床无法使用[SEP]临床开机预检时设备报系统故障6[SEP]临床开机预检时设备报系统故障6导致临床科室无法进行输液使用[SEP],临床开机预检时设备报系统故障6临床无法使用,临床开机预检时设备报系统故障6,临床开机预检时设备报系统故障6导致临床科室无法进行输液使用,产品原因（包括说明书等）,设备报系统故障6代码经进一步检测代码6为压力传感器故障随告知临床终止使用待维修,临床开机预检时设备报系统故障6临床无法使用,[CLS]临床开机预检时设备报系统故障6临床无法使用[SEP]临床开机预检时设备报系统故障6[SEP]临床开机预检时设备报系统故障6导致临床科室无法进行输液使用[SEP],临床开机预检时设备报系统故障6,临床开机预检时设备报系统故障6导致临床科室无法进行输液使用,分析故障原因为压力传感器与连接线连接处焊接不良在使用过程中由于转运搬动设备线束晃动导致焊点松动脱落传感器无法正常监测实时压力值提示系统故障6
1253707112024000600,其他,[CLS]未对患者造成伤害[SEP]报警红灯闪烁[SEP]2024年6月27日责任护士巡视病房时发现患者注射泵输注完毕后未有报警声音提示给予更换新的注射泵未对患者造成伤害[SEP],未对患者造成伤害,报警红灯闪烁,2024年6月27日责任护士巡视病房时发现患者注射泵输注完毕后未有报警声音提示给予更换新的注射泵未对患者造成伤害,产品原因（包括说明书等）,获悉不良事件信息后根据事件描述确认该问题为注射泵报警设置问题公司根据提供的生产日期对产品的生产记录检验记录进行了追溯未发现明显异常其他医院使用该批次产品也未出现异常属个例问题公司也组织了相关人员对问题产生的原因进行查找并制定控制措施,未对患者造成伤害,[CLS]未对患者造成伤害[SEP]报警红灯闪烁[SEP]2024年6月27日责任护士巡视病房时发现患者注射泵输注完毕后未有报警声音提示给予更换新的注射泵未对患者造成伤害[SEP],报警红灯闪烁,2024年6月27日责任护士巡视病房时发现患者注射泵输注完毕后未有报警声音提示给予更换新的注射泵未对患者造成伤害,该设备已使用5年多处于超寿命期使用状态长期临床使用导致喇叭内部电线焊接点氧化当频繁转运搬动设备时线束晃动导致焊点松动脱落无法正常导电发声
1172212302024000330,其他,[CLS]null[SEP]开始注射后显示离合未闭合[SEP]开始注射后显示离合未闭合[SEP],null,开始注射后显示离合未闭合,开始注射后显示离合未闭合,无法确定,null,null,[CLS]null[SEP]开始注射后显示离合未闭合[SEP]开始注射后显示离合未闭合[SEP],开始注射后显示离合未闭合,开始注射后显示离合未闭合,FPC线松动的原因分析是由于长期临床使用频繁搬动设备设备震动跌宕内部电线晃动导致FPC线松动而FPC线功能为传递离合检测信号插头松动造成检测信号中断从而发生报警
1376108032024000350,其他,[CLS]无[SEP]拉杆损坏[SEP]护士在7月2日早上为患儿准备注射药物时打开设备发现拉杆无法拉动设备损坏立即停止使用该设备更换另外的设备为患儿注射并报维修组维修[SEP],无,拉杆损坏,护士在7月2日早上为患儿准备注射药物时打开设备发现拉杆无法拉动设备损坏立即停止使用该设备更换另外的设备为患儿注射并报维修组维修,产品原因（包括说明书等）,多考虑该产品存在质量问题,无,[CLS]无[SEP]拉杆损坏[SEP]护士在7月2日早上为患儿准备注射药物时打开设备发现拉杆无法拉动设备损坏立即停止使用该设备更换另外的设备为患儿注射并报维修组维修[SEP],拉杆损坏,护士在7月2日早上为患儿准备注射药物时打开设备发现拉杆无法拉动设备损坏立即停止使用该设备更换另外的设备为患儿注射并报维修组维修,由于该设备已使用7年处于超预期使用状态丝杆套筒老化缝隙处翘起与泵体接触卡住导致拉杆无法正常移动
1376108032024000329,其他,[CLS]无[SEP]注射器异常无法识别20ml注射器[SEP]20240620医护人员准备给患者使用注射泵注射器异常无法识别20ml注射器停止使用更换新的使用[SEP],无,注射器异常无法识别20ml注射器,20240620医护人员准备给患者使用注射泵注射器异常无法识别20ml注射器停止使用更换新的使用,产品原因（包括说明书等）,多考虑该产品存在质量缺陷,无,[CLS]无[SEP]注射器异常无法识别20ml注射器[SEP]20240620医护人员准备给患者使用注射泵注射器异常无法识别20ml注射器停止使用更换新的使用[SEP],注射器异常无法识别20ml注射器,20240620医护人员准备给患者使用注射泵注射器异常无法识别20ml注射器停止使用更换新的使用,由于该设备长期未进行注射器校准设备内存储的注射器信息与实际上泵的注射器信息不符导致设备无法准确识别上泵的注射器规格
1376108032024000337,其他,[CLS]无[SEP]捏柄损坏[SEP]护士于6月25日下午4点巡查时发现该设备捏柄损坏停止使用立即上报器械科维修组对该设备进行维修[SEP],无,捏柄损坏,护士于6月25日下午4点巡查时发现该设备捏柄损坏停止使用立即上报器械科维修组对该设备进行维修,产品原因（包括说明书等）,多考虑该产品存在质量问题,无,[CLS]无[SEP]捏柄损坏[SEP]护士于6月25日下午4点巡查时发现该设备捏柄损坏停止使用立即上报器械科维修组对该设备进行维修[SEP],捏柄损坏,护士于6月25日下午4点巡查时发现该设备捏柄损坏停止使用立即上报器械科维修组对该设备进行维修,该设备因超期使用5年寿命期已使用12年捏柄反复受到按压导致老化开裂从而无法控制注射泵的注射器夹张开与闭合以固定注射器推杆的尾端导致注射泵不能正常使用
1162101072024000152,其他,[CLS]药物堵塞导致药物未按时泵入[SEP]患者24小时循环泵药结束后注射泵无报警提醒声[SEP]遵医嘱给予患者阿加曲班6毫升小时静脉泵入由于速度过慢血管堵塞机器未报警导致药液未按量按时泵入[SEP],药物堵塞导致药物未按时泵入,患者24小时循环泵药结束后注射泵无报警提醒声,遵医嘱给予患者阿加曲班6毫升小时静脉泵入由于速度过慢血管堵塞机器未报警导致药液未按量按时泵入,无法确定,null,药物堵塞导致药物未按时泵入,[CLS]药物堵塞导致药物未按时泵入[SEP]患者24小时循环泵药结束后注射泵无报警提醒声[SEP]遵医嘱给予患者阿加曲班6毫升小时静脉泵入由于速度过慢血管堵塞机器未报警导致药液未按量按时泵入[SEP],患者24小时循环泵药结束后注射泵无报警提醒声,遵医嘱给予患者阿加曲班6毫升小时静脉泵入由于速度过慢血管堵塞机器未报警导致药液未按量按时泵入,喇叭故障的原因分析是喇叭内部电线焊接不良在使用过程中由于转运搬动设备线束晃动导致焊点松动脱落无法正常导电发声
1376108032024000373,其他,[CLS]无[SEP]电源接触不良[SEP]7月12日上午护士准备为患儿注射液体时打开设备设备接触不良电源指示灯时亮时不亮立即停止使用报器械科维修组[SEP],无,电源接触不良,7月12日上午护士准备为患儿注射液体时打开设备设备接触不良电源指示灯时亮时不亮立即停止使用报器械科维修组,产品原因（包括说明书等）,多考虑1产品本身存在缺陷2操作人员未按产品说明书对产品进行维护和保养,无,[CLS]无[SEP]电源接触不良[SEP]7月12日上午护士准备为患儿注射液体时打开设备设备接触不良电源指示灯时亮时不亮立即停止使用报器械科维修组[SEP],电源接触不良,7月12日上午护士准备为患儿注射液体时打开设备设备接触不良电源指示灯时亮时不亮立即停止使用报器械科维修组,设备已使用8年处于超寿命期5年使用状态长期临床使用导致电源模块上焊点老化脱焊无法正常工作
1162107002024000818,严重伤害,[CLS]无伤害事件发生[SEP]药液未泵完提前报警[SEP]患者在我院普外一科病房住院治疗期间使用注射泵药液未泵完提前报警送修未对患者造成伤害[SEP],无伤害事件发生,药液未泵完提前报警,患者在我院普外一科病房住院治疗期间使用注射泵药液未泵完提前报警送修未对患者造成伤害,无法确定,药液未泵完提前报警,无伤害事件发生,[CLS]无伤害事件发生[SEP]药液未泵完提前报警[SEP]患者在我院普外一科病房住院治疗期间使用注射泵药液未泵完提前报警送修未对患者造成伤害[SEP],药液未泵完提前报警,患者在我院普外一科病房住院治疗期间使用注射泵药液未泵完提前报警送修未对患者造成伤害,院方上报的是严重伤害根据严重伤害的定义我司认为应为其他1问题发生时设备提前报警注射完成医护人员立即更换其他设备继续注射未对患者造成伤害2设备已经投入使用4年多FPC线与内部线路摩擦老化破损而FPC线功能为传递离合检测信号损坏后造成检测信号中断从而发生报警
1376108032024000400,其他,[CLS]无[SEP]捏柄损坏[SEP]7月23日上午护士准备为患儿注射液体时发现设备捏柄损坏无法使用立即报器械科维修组维修[SEP],无,捏柄损坏,7月23日上午护士准备为患儿注射液体时发现设备捏柄损坏无法使用立即报器械科维修组维修,产品原因（包括说明书等）,多考虑该产品存在质量问题,无,[CLS]无[SEP]捏柄损坏[SEP]7月23日上午护士准备为患儿注射液体时发现设备捏柄损坏无法使用立即报器械科维修组维修[SEP],捏柄损坏,7月23日上午护士准备为患儿注射液体时发现设备捏柄损坏无法使用立即报器械科维修组维修,该设备已使用超过5年寿命期捏柄反复受到按压导致老化开裂从而无法控制注射泵的注射器夹张开与闭合以固定注射器推杆的尾端导致注射泵不能正常使用
1172212302024000111,其他,[CLS]无伤害[SEP]无故报警[SEP]机器无故报警[SEP],无伤害,无故报警,机器无故报警,产品原因（包括说明书等）,null,无伤害,[CLS]无伤害[SEP]无故报警[SEP]机器无故报警[SEP],无故报警,机器无故报警,因设置的注射速度超出相应规格注射器的最大流速导致设备无法正确识别发出速度错误报警
1264126152024000206,其他,[CLS]无伤害[SEP]开机无显示[SEP]患者使用前开机无显示更换其它注射泵使用随即通知维修人员前来维修[SEP],无伤害,开机无显示,患者使用前开机无显示更换其它注射泵使用随即通知维修人员前来维修,无法确定,开机无显示电源线或电源线路故障,无伤害,[CLS]无伤害[SEP]开机无显示[SEP]患者使用前开机无显示更换其它注射泵使用随即通知维修人员前来维修[SEP],开机无显示,患者使用前开机无显示更换其它注射泵使用随即通知维修人员前来维修,保险丝熔断的原因可能为1连接线路中有短路现象可能是操作不当有注射的药液滴入机器内部导致线路短路2医院电压不稳定瞬间电流过大导致保险丝熔断
1253717032024000461,其他,[CLS]无[SEP]注射器显示错误2[SEP]2024年5月26日9点呼吸内一科为病人更换药物时仪器报警显示注射器错误2更换备用仪器为病人进行治疗未对病人造成伤害电话联系器械科进行维修处理[SEP],无,注射器显示错误2,2024年5月26日9点呼吸内一科为病人更换药物时仪器报警显示注射器错误2更换备用仪器为病人进行治疗未对病人造成伤害电话联系器械科进行维修处理,"产品原因（包括说明书等）,无法确定",仪器老化推助器松动,无,[CLS]无[SEP]注射器显示错误2[SEP]2024年5月26日9点呼吸内一科为病人更换药物时仪器报警显示注射器错误2更换备用仪器为病人进行治疗未对病人造成伤害电话联系器械科进行维修处理[SEP],注射器显示错误2,2024年5月26日9点呼吸内一科为病人更换药物时仪器报警显示注射器错误2更换备用仪器为病人进行治疗未对病人造成伤害电话联系器械科进行维修处理,该设备为超寿命期使用导致FPC线与内部线路摩擦老化破损而FPC线功能为传递离合检测信号损坏后造成检测信号中断从而发生报警
1253712022024000342,其他,[CLS]病号情绪烦躁[SEP]注射泵使用时频繁报警[SEP]2024年06月21日在为患者泵注药品时注射泵频繁报警影响患者休息影响医护人员正常工作[SEP],病号情绪烦躁,注射泵使用时频繁报警,2024年06月21日在为患者泵注药品时注射泵频繁报警影响患者休息影响医护人员正常工作,产品原因（包括说明书等）,注射泵在泵注过程中频繁报警注射泵故障,病号情绪烦躁,[CLS]病号情绪烦躁[SEP]注射泵使用时频繁报警[SEP]2024年06月21日在为患者泵注药品时注射泵频繁报警影响患者休息影响医护人员正常工作[SEP],注射泵使用时频繁报警,2024年06月21日在为患者泵注药品时注射泵频繁报警影响患者休息影响医护人员正常工作,因设置的注射速度超出相应规格注射器的最大流速导致设备无法正确识别发出速度错误报警
1294419292024000243,其他,[CLS]null[SEP]针筒推杆故障[SEP]2024年5月25日1000医护人员发现注射泵出现故障送到设备科检修[SEP],null,针筒推杆故障,2024年5月25日1000医护人员发现注射泵出现故障送到设备科检修,产品原因（包括说明书等）,经检查发现是针筒推杆故障,null,[CLS]null[SEP]针筒推杆故障[SEP]2024年5月25日1000医护人员发现注射泵出现故障送到设备科检修[SEP],针筒推杆故障,2024年5月25日1000医护人员发现注射泵出现故障送到设备科检修,因该设备已使用7年长期临床使用频繁拉动推杆推杆空心轴磨损严重导致损伤无法使用
1345223102024000084,其他,[CLS]null[SEP]使用时注射泵无法开机[SEP]使用时注射泵无法开机[SEP],null,使用时注射泵无法开机,使用时注射泵无法开机,产品原因（包括说明书等）,null,null,[CLS]null[SEP]使用时注射泵无法开机[SEP]使用时注射泵无法开机[SEP],使用时注射泵无法开机,使用时注射泵无法开机,该设备2015年投入使用已使用近10年设备电源板老化故障导致设备无法开机
1335110362024000189,其他,[CLS]未造成伤害[SEP]D080105_无报警声[SEP]202425日1046分在设备科春节前巡查时发现该设备一个通道无报警音告知科室如果需要使用该设备要注意巡查药物是否泵注完毕下午带备用喇叭更换于1523分更换后正常[SEP],未造成伤害,D080105_无报警声,202425日1046分在设备科春节前巡查时发现该设备一个通道无报警音告知科室如果需要使用该设备要注意巡查药物是否泵注完毕下午带备用喇叭更换于1523分更换后正常,产品原因（包括说明书等）,喇叭损坏,未造成伤害,[CLS]未造成伤害[SEP]D080105_无报警声[SEP]202425日1046分在设备科春节前巡查时发现该设备一个通道无报警音告知科室如果需要使用该设备要注意巡查药物是否泵注完毕下午带备用喇叭更换于1523分更换后正常[SEP],D080105_无报警声,202425日1046分在设备科春节前巡查时发现该设备一个通道无报警音告知科室如果需要使用该设备要注意巡查药物是否泵注完毕下午带备用喇叭更换于1523分更换后正常,该设备喇叭内部电线焊接不良在使用过程中由于转运搬动设备线束晃动导致焊点松动脱落无法正常导电发声
1253711012024000164,其他,[CLS]无[SEP]推进杆夹子断裂[SEP]2024年6月3日患者高明珍因过敏性皮炎入院治疗在使用注射泵输入药物时安装注射器时设备推进杆夹子断裂无法使用护士更换注射泵进行注射报设备科维修未对患者造成不良影响[SEP],无,推进杆夹子断裂,2024年6月3日患者高明珍因过敏性皮炎入院治疗在使用注射泵输入药物时安装注射器时设备推进杆夹子断裂无法使用护士更换注射泵进行注射报设备科维修未对患者造成不良影响,产品原因（包括说明书等）,推进杆架子断裂,无,[CLS]无[SEP]推进杆夹子断裂[SEP]2024年6月3日患者高明珍因过敏性皮炎入院治疗在使用注射泵输入药物时安装注射器时设备推进杆夹子断裂无法使用护士更换注射泵进行注射报设备科维修未对患者造成不良影响[SEP],推进杆夹子断裂,2024年6月3日患者高明珍因过敏性皮炎入院治疗在使用注射泵输入药物时安装注射器时设备推进杆夹子断裂无法使用护士更换注射泵进行注射报设备科维修未对患者造成不良影响,该设备因超期使用5年寿命期已使用11年捏柄反复受到按压导致老化开裂从而无法控制注射泵的注射器夹张开与闭合以固定注射器推杆的尾端导致注射泵不能正常使用
1253716292024000298,其他,[CLS]无[SEP]设备开机有声音但小屏幕黑屏无法正常使用[SEP]6月29日护士设备巡检时发现注射泵开机有提示音但是屏幕黑屏随上报维修未给患者使用未造成伤害[SEP],无,设备开机有声音但小屏幕黑屏无法正常使用,6月29日护士设备巡检时发现注射泵开机有提示音但是屏幕黑屏随上报维修未给患者使用未造成伤害,操作原因,经检修发现屏幕后排线松动调查原因是发现为昨日设备清洁保养时意外摔落导致,无,[CLS]无[SEP]设备开机有声音但小屏幕黑屏无法正常使用[SEP]6月29日护士设备巡检时发现注射泵开机有提示音但是屏幕黑屏随上报维修未给患者使用未造成伤害[SEP],设备开机有声音但小屏幕黑屏无法正常使用,6月29日护士设备巡检时发现注射泵开机有提示音但是屏幕黑屏随上报维修未给患者使用未造成伤害,因设备发生意外摔落导致内部线缆大幅度晃动线缆插头出现松动
1253707122024000446,其他,[CLS]无[SEP]设备无法开机[SEP]2024514工作人员在使用此机器前发现设备无法开机立即通知设备科维修[SEP],无,设备无法开机,2024514工作人员在使用此机器前发现设备无法开机立即通知设备科维修,产品原因（包括说明书等）,电源板损坏,无,[CLS]无[SEP]设备无法开机[SEP]2024514工作人员在使用此机器前发现设备无法开机立即通知设备科维修[SEP],设备无法开机,2024514工作人员在使用此机器前发现设备无法开机立即通知设备科维修,电源板是设备的供电模块为设备传递电量当发生故障时无法将交流电或电池电量传递给设备导致设备无法正常开机
1253717072024000528,其他,[CLS]无[SEP]注射泵时间错误时间无法存储无法调节时间[SEP]2024年4月22日科室注射泵时间错误时间无法存储无法调节时间设备无法使用送设备科维修后恢复正常[SEP],无,注射泵时间错误时间无法存储无法调节时间,2024年4月22日科室注射泵时间错误时间无法存储无法调节时间设备无法使用送设备科维修后恢复正常,产品原因（包括说明书等）,时间错误,无,[CLS]无[SEP]注射泵时间错误时间无法存储无法调节时间[SEP]2024年4月22日科室注射泵时间错误时间无法存储无法调节时间设备无法使用送设备科维修后恢复正常[SEP],注射泵时间错误时间无法存储无法调节时间,2024年4月22日科室注射泵时间错误时间无法存储无法调节时间设备无法使用送设备科维修后恢复正常,该设备使用3年多长期使用导致主板系统电池电量不足无法存储时间
1253717032024000380,其他,[CLS]无[SEP]设备报错离合未闭[SEP]2024年4月22日消化内科在使用该设备时发现该设备报错离合未闭随即报修至器械科因有备用设备未对患者造成不良影响[SEP],无,设备报错离合未闭,2024年4月22日消化内科在使用该设备时发现该设备报错离合未闭随即报修至器械科因有备用设备未对患者造成不良影响,"产品原因（包括说明书等）,无法确定",原因不明无法确定,无,[CLS]无[SEP]设备报错离合未闭[SEP]2024年4月22日消化内科在使用该设备时发现该设备报错离合未闭随即报修至器械科因有备用设备未对患者造成不良影响[SEP],设备报错离合未闭,2024年4月22日消化内科在使用该设备时发现该设备报错离合未闭随即报修至器械科因有备用设备未对患者造成不良影响,分析问题原因为生产过程中内部FPC线未固定牢固在临床搬运过程中产生晃动FPC线与周围电路板摩擦导致磨损而FPC线是负责传递离合检测信号损坏后造成检测信号中断从而发生报警
1151527082024000018,其他,[CLS]无[SEP]D0101_故障提示[SEP]护士安装注射器设定好流速后启动机器开始输注药物时机器触发系统故障1报警多次重新安装后仍不能消除报警遂更换其他注射泵使用并向医学工程部报修该时间未涉及患者[SEP],无,D0101_故障提示,护士安装注射器设定好流速后启动机器开始输注药物时机器触发系统故障1报警多次重新安装后仍不能消除报警遂更换其他注射泵使用并向医学工程部报修该时间未涉及患者,产品原因（包括说明书等）,机器存在性能或功能故障该故障为常见故障,无,[CLS]无[SEP]D0101_故障提示[SEP]护士安装注射器设定好流速后启动机器开始输注药物时机器触发系统故障1报警多次重新安装后仍不能消除报警遂更换其他注射泵使用并向医学工程部报修该时间未涉及患者[SEP],D0101_故障提示,护士安装注射器设定好流速后启动机器开始输注药物时机器触发系统故障1报警多次重新安装后仍不能消除报警遂更换其他注射泵使用并向医学工程部报修该时间未涉及患者,该设备已使用3年长期临床使用电源板老化故障无法正常为电机供电导致机器启动后主从道电机均不转动无法泵入药物从而触发报警
1162102032024000079,其他,[CLS]无法给患者用输液泵输液[SEP]推注杆不动[SEP]患者于2024522日由神经内一科转入转入院诊断脑动脉瘤2024522遵医嘱给予替罗非班注射夜微量泵入正确安装使用时输液泵显示正常工作但注射器推杆没有移动联系维修科室维修更换新的注射泵使用[SEP],无法给患者用输液泵输液,推注杆不动,患者于2024522日由神经内一科转入转入院诊断脑动脉瘤2024522遵医嘱给予替罗非班注射夜微量泵入正确安装使用时输液泵显示正常工作但注射器推杆没有移动联系维修科室维修更换新的注射泵使用,产品原因（包括说明书等）,推注杆不动导致,无法给患者用输液泵输液,[CLS]无法给患者用输液泵输液[SEP]推注杆不动[SEP]患者于2024522日由神经内一科转入转入院诊断脑动脉瘤2024522遵医嘱给予替罗非班注射夜微量泵入正确安装使用时输液泵显示正常工作但注射器推杆没有移动联系维修科室维修更换新的注射泵使用[SEP],推注杆不动,患者于2024522日由神经内一科转入转入院诊断脑动脉瘤2024522遵医嘱给予替罗非班注射夜微量泵入正确安装使用时输液泵显示正常工作但注射器推杆没有移动联系维修科室维修更换新的注射泵使用,该设备已使用四年长期高频率使用该设备造成丝母磨损严重从而影响拉杆的移动
1253711022024000263,其他,[CLS]未对患者造成影响[SEP]设备运行期间报警离合未闭导致输液未完成[SEP]2024年6月14日接重症监护室报修其使用的双通道注射泵报警不能完成泵注后经现场检查发现该注射泵在使用过程中报警离合未闭重新开机后设备报警仍未消除不能完成泵注工作经与厂家联系后怀疑该注射泵注射器尾夹传感器故障返厂维修更换其他注射泵为患者使用未对患者造成影响[SEP],未对患者造成影响,设备运行期间报警离合未闭导致输液未完成,2024年6月14日接重症监护室报修其使用的双通道注射泵报警不能完成泵注后经现场检查发现该注射泵在使用过程中报警离合未闭重新开机后设备报警仍未消除不能完成泵注工作经与厂家联系后怀疑该注射泵注射器尾夹传感器故障返厂维修更换其他注射泵为患者使用未对患者造成影响,产品原因（包括说明书等）,注射泵注射器尾夹传感器故障,未对患者造成影响,[CLS]未对患者造成影响[SEP]设备运行期间报警离合未闭导致输液未完成[SEP]2024年6月14日接重症监护室报修其使用的双通道注射泵报警不能完成泵注后经现场检查发现该注射泵在使用过程中报警离合未闭重新开机后设备报警仍未消除不能完成泵注工作经与厂家联系后怀疑该注射泵注射器尾夹传感器故障返厂维修更换其他注射泵为患者使用未对患者造成影响[SEP],设备运行期间报警离合未闭导致输液未完成,2024年6月14日接重症监护室报修其使用的双通道注射泵报警不能完成泵注后经现场检查发现该注射泵在使用过程中报警离合未闭重新开机后设备报警仍未消除不能完成泵注工作经与厂家联系后怀疑该注射泵注射器尾夹传感器故障返厂维修更换其他注射泵为患者使用未对患者造成影响,分析问题原因为生产过程中内部FPC线未固定牢固在临床搬运过程中产生晃动FPC线与周围电路板摩擦导致磨损而FPC线是负责传递离合检测信号损坏后造成检测信号中断从而发生报警
1253704062024000548,其他,[CLS]无[SEP]压柄出现故障[SEP]患者心脏手术从icu转入遵医嘱给予患者人脑利钠钛泵入微量泵正常开机连接药物开始泵入药物微量泵报警显示连接不紧护士冯兴恺更换新微量泵使药物顺利泵入[SEP],无,压柄出现故障,患者心脏手术从icu转入遵医嘱给予患者人脑利钠钛泵入微量泵正常开机连接药物开始泵入药物微量泵报警显示连接不紧护士冯兴恺更换新微量泵使药物顺利泵入,产品原因（包括说明书等）,null,无,[CLS]无[SEP]压柄出现故障[SEP]患者心脏手术从icu转入遵医嘱给予患者人脑利钠钛泵入微量泵正常开机连接药物开始泵入药物微量泵报警显示连接不紧护士冯兴恺更换新微量泵使药物顺利泵入[SEP],压柄出现故障,患者心脏手术从icu转入遵医嘱给予患者人脑利钠钛泵入微量泵正常开机连接药物开始泵入药物微量泵报警显示连接不紧护士冯兴恺更换新微量泵使药物顺利泵入,长期临床使用压柄材质老化断裂无法正常固定注射器
1253715062024000178,其他,[CLS]无[SEP]注射泵泵完液体未报警[SEP]患者在泵完液体未报警提示造成为患者延时换针有少量回血发现后立即使用生理盐水并走针未造成严重事故[SEP],无,注射泵泵完液体未报警,患者在泵完液体未报警提示造成为患者延时换针有少量回血发现后立即使用生理盐水并走针未造成严重事故,产品原因（包括说明书等）,怀疑是产品老化,无,[CLS]无[SEP]注射泵泵完液体未报警[SEP]患者在泵完液体未报警提示造成为患者延时换针有少量回血发现后立即使用生理盐水并走针未造成严重事故[SEP],注射泵泵完液体未报警,患者在泵完液体未报警提示造成为患者延时换针有少量回血发现后立即使用生理盐水并走针未造成严重事故,该设备喇叭内部电线焊接不良在使用过程中由于转运搬动设备线束晃动导致焊点松动脱落无法正常导电发声
1253718062024000263,其他,[CLS]null[SEP]设备运行时报错注射器未顶紧[SEP]设备巡检时开机安放注射器设置参数开始运行后设备报错注射器未顶紧[SEP],null,设备运行时报错注射器未顶紧,设备巡检时开机安放注射器设置参数开始运行后设备报错注射器未顶紧,产品原因（包括说明书等）,排线故障,null,[CLS]null[SEP]设备运行时报错注射器未顶紧[SEP]设备巡检时开机安放注射器设置参数开始运行后设备报错注射器未顶紧[SEP],设备运行时报错注射器未顶紧,设备巡检时开机安放注射器设置参数开始运行后设备报错注射器未顶紧,由于该设备已使用7年处于超寿命期5年使用状态长期临床使用导致FPC线老化发生故障造成检测信号中断从而引发报警
1253715022024000116,其他,[CLS]无[SEP]D0101_故障提示[SEP]科室使用设备进行静脉注射时下侧报注射器未顶紧立即更换同类型设备[SEP],无,D0101_故障提示,科室使用设备进行静脉注射时下侧报注射器未顶紧立即更换同类型设备,产品原因（包括说明书等）,疑似排线或传感器故障,无,[CLS]无[SEP]D0101_故障提示[SEP]科室使用设备进行静脉注射时下侧报注射器未顶紧立即更换同类型设备[SEP],D0101_故障提示,科室使用设备进行静脉注射时下侧报注射器未顶紧立即更换同类型设备,1FPC线的功能之一是负责传递检测信号损坏后造成检测信号中断发出注射器未顶紧报警报警后设备不能注射药物无法正常使用2结合市场反馈分析FPC线损坏的原因可能是生产过程中内部FPC线未固定牢固在临床搬运过程中产生晃动FPC线与周围电路板摩擦导致磨损
1253717032024000379,其他,[CLS]无[SEP]开机异常电源极问题[SEP]2024年4月19日骨关节外科在使用该设备时发现该设备开机异常随即报修至器械科因有备用设备未对患者造成不良影响[SEP],无,开机异常电源极问题,2024年4月19日骨关节外科在使用该设备时发现该设备开机异常随即报修至器械科因有备用设备未对患者造成不良影响,"无法确定,产品原因（包括说明书等）",原因不明无法确定,无,[CLS]无[SEP]开机异常电源极问题[SEP]2024年4月19日骨关节外科在使用该设备时发现该设备开机异常随即报修至器械科因有备用设备未对患者造成不良影响[SEP],开机异常电源极问题,2024年4月19日骨关节外科在使用该设备时发现该设备开机异常随即报修至器械科因有备用设备未对患者造成不良影响,由于设备已在医院使用7年处于超寿命期5年使用状态电源键及电源板因长期使用老化故障
1253718032024000245,其他,[CLS]null[SEP]设备无法注射[SEP]2024年5月16日呼吸科护士在给病人使用时发现设备无法注射的异常情况科室给医工部报修后工程师发现设备内部线路接触不良导致出现异常情况重新连接内部线路后恢复正常未给病人造成影响[SEP],null,设备无法注射,2024年5月16日呼吸科护士在给病人使用时发现设备无法注射的异常情况科室给医工部报修后工程师发现设备内部线路接触不良导致出现异常情况重新连接内部线路后恢复正常未给病人造成影响,产品原因（包括说明书等）,内部线路接触不良,null,[CLS]null[SEP]设备无法注射[SEP]2024年5月16日呼吸科护士在给病人使用时发现设备无法注射的异常情况科室给医工部报修后工程师发现设备内部线路接触不良导致出现异常情况重新连接内部线路后恢复正常未给病人造成影响[SEP],设备无法注射,2024年5月16日呼吸科护士在给病人使用时发现设备无法注射的异常情况科室给医工部报修后工程师发现设备内部线路接触不良导致出现异常情况重新连接内部线路后恢复正常未给病人造成影响,分析线缆连接不良的原因可能是长期临床使用转运过程中磕碰震荡导致主控板与电机驱动板连接线插头松动引发此报警
1253717032024000432,其他,[CLS]没有对病人造成伤害[SEP]D101203_充电失效[SEP]20240605设备在使用中电池电量耗尽后发现无法正常进行对电池充电经过检修发现设备电池存在故障由于使用时间过长电池已超使用周期对电池进行更换后恢复正常使用[SEP],没有对病人造成伤害,D101203_充电失效,20240605设备在使用中电池电量耗尽后发现无法正常进行对电池充电经过检修发现设备电池存在故障由于使用时间过长电池已超使用周期对电池进行更换后恢复正常使用,产品原因（包括说明书等）,设备电池存在故障,没有对病人造成伤害,[CLS]没有对病人造成伤害[SEP]D101203_充电失效[SEP]20240605设备在使用中电池电量耗尽后发现无法正常进行对电池充电经过检修发现设备电池存在故障由于使用时间过长电池已超使用周期对电池进行更换后恢复正常使用[SEP],D101203_充电失效,20240605设备在使用中电池电量耗尽后发现无法正常进行对电池充电经过检修发现设备电池存在故障由于使用时间过长电池已超使用周期对电池进行更换后恢复正常使用,由于该设备已使用7年处于超寿命期5年使用状态长期临床使用频繁对电池进行充放电运行导致电池老化故障无法充电
1253714102024000183,其他,[CLS]无[SEP]机器无法开机[SEP]护士准备为病人泵入止痛药时发现机器无法开机于是更换备用机继续治疗[SEP],无,机器无法开机,护士准备为病人泵入止痛药时发现机器无法开机于是更换备用机继续治疗,"无法确定,产品原因（包括说明书等）",产品质量问题,无,[CLS]无[SEP]机器无法开机[SEP]护士准备为病人泵入止痛药时发现机器无法开机于是更换备用机继续治疗[SEP],机器无法开机,护士准备为病人泵入止痛药时发现机器无法开机于是更换备用机继续治疗,设备故障原因分析为该设备已使用12年处于超寿命期5年使用状态长期临床使用导致电源板插头处焊点老化脱焊无法正常工作
1243610012024000097,其他,[CLS]未造成影响[SEP]推拉杆卡盒坏[SEP]2024年3月28日医护人员试机时发现注射泵无法使用立即到达科室咨询操作老师机器故障检查推拉杆发现卡盒坏随后更换推拉卡盒检查机器其他功能均已正常[SEP],未造成影响,推拉杆卡盒坏,2024年3月28日医护人员试机时发现注射泵无法使用立即到达科室咨询操作老师机器故障检查推拉杆发现卡盒坏随后更换推拉卡盒检查机器其他功能均已正常,产品原因（包括说明书等）,考虑为器械使用时间过长推拉杆发现卡盒损坏导致无法正常使用,未造成影响,[CLS]未造成影响[SEP]推拉杆卡盒坏[SEP]2024年3月28日医护人员试机时发现注射泵无法使用立即到达科室咨询操作老师机器故障检查推拉杆发现卡盒坏随后更换推拉卡盒检查机器其他功能均已正常[SEP],推拉杆卡盒坏,2024年3月28日医护人员试机时发现注射泵无法使用立即到达科室咨询操作老师机器故障检查推拉杆发现卡盒坏随后更换推拉卡盒检查机器其他功能均已正常,由于该设备已使用10年处于超寿命期5年使用状态长期临床使用推拉盒材质老化硬度降低转运搬动设备时磕碰设备导致推拉盒外壳破裂
1162112062024000076,严重伤害,[CLS]延误患者治疗时间给重症患者带来危险[SEP]注射泵断电后停止运行[SEP]患者因心衰来我院治疗2024年7月2日10时遵医嘱给予抗心衰药物在医生应用单道微量注射泵为患者治疗过程中拔掉电源时注射泵停止运行重启后依旧无法开机医生立即停用该微量注射泵更换另一台微量注射泵继续为患者治疗此次不良事件延误患者治疗时间经与医院工作人员核实确认该微量注射泵有效期信息无法确定故未填写确切的有效期信息[SEP],延误患者治疗时间给重症患者带来危险,注射泵断电后停止运行,患者因心衰来我院治疗2024年7月2日10时遵医嘱给予抗心衰药物在医生应用单道微量注射泵为患者治疗过程中拔掉电源时注射泵停止运行重启后依旧无法开机医生立即停用该微量注射泵更换另一台微量注射泵继续为患者治疗此次不良事件延误患者治疗时间经与医院工作人员核实确认该微量注射泵有效期信息无法确定故未填写确切的有效期信息,产品原因（包括说明书等）,微量注射泵使用过程中突然停机怀疑产品质量问题,延误患者治疗时间给重症患者带来危险,[CLS]延误患者治疗时间给重症患者带来危险[SEP]注射泵断电后停止运行[SEP]患者因心衰来我院治疗2024年7月2日10时遵医嘱给予抗心衰药物在医生应用单道微量注射泵为患者治疗过程中拔掉电源时注射泵停止运行重启后依旧无法开机医生立即停用该微量注射泵更换另一台微量注射泵继续为患者治疗此次不良事件延误患者治疗时间经与医院工作人员核实确认该微量注射泵有效期信息无法确定故未填写确切的有效期信息[SEP],注射泵断电后停止运行,患者因心衰来我院治疗2024年7月2日10时遵医嘱给予抗心衰药物在医生应用单道微量注射泵为患者治疗过程中拔掉电源时注射泵停止运行重启后依旧无法开机医生立即停用该微量注射泵更换另一台微量注射泵继续为患者治疗此次不良事件延误患者治疗时间经与医院工作人员核实确认该微量注射泵有效期信息无法确定故未填写确切的有效期信息,院方上报的是严重伤害根据严重伤害的定义我司认为应为其他1发现设备无法开机科室立即停用并移交维修科更换其他设备继续为患者注射未对人体产生伤害2因设备处于超寿命期5年使用状态长期临床使用频繁对电池进行充放电电池老化故障无法满足设备的供电需求
1376104002024000184,其他,[CLS]无[SEP]按键故障[SEP]护士在使用注射泵时发现按键不能使用随即停止并更换[SEP],无,按键故障,护士在使用注射泵时发现按键不能使用随即停止并更换,无法确定,产品质量问题,无,[CLS]无[SEP]按键故障[SEP]护士在使用注射泵时发现按键不能使用随即停止并更换[SEP],按键故障,护士在使用注射泵时发现按键不能使用随即停止并更换,因该设备已使用超过5年的寿命期长期临床使用频繁按压按键按键老化与主控板接触不良导致按键无法正常使用
1376104002024000173,其他,[CLS]无[SEP]不能识别注射器[SEP]2024416护士通过准备给患者进行药物注射过程中发现注射器不能识别随即停止使用并更换[SEP],无,不能识别注射器,2024416护士通过准备给患者进行药物注射过程中发现注射器不能识别随即停止使用并更换,产品原因（包括说明书等）,经查注射器夹子故障,无,[CLS]无[SEP]不能识别注射器[SEP]2024416护士通过准备给患者进行药物注射过程中发现注射器不能识别随即停止使用并更换[SEP],不能识别注射器,2024416护士通过准备给患者进行药物注射过程中发现注射器不能识别随即停止使用并更换,捏柄反复受到按压而开裂无法控制注射泵的注射器夹张开与闭合以固定注射器推杆的尾端导致无法识别注射器
1376104002024000174,其他,[CLS]无[SEP]不能识别注射器[SEP]20240417护士在使用过程中发现不能识别注射器随即停止使用并更换[SEP],无,不能识别注射器,20240417护士在使用过程中发现不能识别注射器随即停止使用并更换,产品原因（包括说明书等）,产品质量原因,无,[CLS]无[SEP]不能识别注射器[SEP]20240417护士在使用过程中发现不能识别注射器随即停止使用并更换[SEP],不能识别注射器,20240417护士在使用过程中发现不能识别注射器随即停止使用并更换,由于该设备长期未进行注射器校准导致设备内存储的注射器信息与实际上泵的注射器信息不符导致设备无法准确识别上泵的注射器规格
1386204092024000367,其他,[CLS]无[SEP]通道一无法打开[SEP]设备开机后安装完成开启一通道时无法开启[SEP],无,通道一无法打开,设备开机后安装完成开启一通道时无法开启,"产品原因（包括说明书等）,无法确定",初步判断为控制板故障,无,[CLS]无[SEP]通道一无法打开[SEP]设备开机后安装完成开启一通道时无法开启[SEP],通道一无法打开,设备开机后安装完成开启一通道时无法开启,该设备已在医院使用超10年处于超寿命期使用状态长期使用主板老化引发检测电路信号传递不通导致报警并停止工作
1253705122024000385,严重伤害,[CLS]患者感染性休克血压较低情况危急如未能及时泵入维持血压的药物有可能延误抢救对患者造成严重后果[SEP]该患者泵入药物时注射泵信号灯闪烁无法泵入药物[SEP]20240520患者邢奇存61岁因感染性休克收入院入住重症医学科患者血压为5132情况危急遵医嘱使用注射泵注射升压药时维持血压注射泵信号灯闪烁不能正常推送药液及时更换新注射泵为患者泵入升压药物如未能及时解决为患者推送药物的问题有可能会延误抢救对患者造成严重后果现已联系设备科进行检查维修设备老化[SEP],患者感染性休克血压较低情况危急如未能及时泵入维持血压的药物有可能延误抢救对患者造成严重后果,该患者泵入药物时注射泵信号灯闪烁无法泵入药物,20240520患者邢奇存61岁因感染性休克收入院入住重症医学科患者血压为5132情况危急遵医嘱使用注射泵注射升压药时维持血压注射泵信号灯闪烁不能正常推送药液及时更换新注射泵为患者泵入升压药物如未能及时解决为患者推送药物的问题有可能会延误抢救对患者造成严重后果现已联系设备科进行检查维修设备老化,产品原因（包括说明书等）,设备老化,患者感染性休克血压较低情况危急如未能及时泵入维持血压的药物有可能延误抢救对患者造成严重后果,[CLS]患者感染性休克血压较低情况危急如未能及时泵入维持血压的药物有可能延误抢救对患者造成严重后果[SEP]该患者泵入药物时注射泵信号灯闪烁无法泵入药物[SEP]20240520患者邢奇存61岁因感染性休克收入院入住重症医学科患者血压为5132情况危急遵医嘱使用注射泵注射升压药时维持血压注射泵信号灯闪烁不能正常推送药液及时更换新注射泵为患者泵入升压药物如未能及时解决为患者推送药物的问题有可能会延误抢救对患者造成严重后果现已联系设备科进行检查维修设备老化[SEP],该患者泵入药物时注射泵信号灯闪烁无法泵入药物,20240520患者邢奇存61岁因感染性休克收入院入住重症医学科患者血压为5132情况危急遵医嘱使用注射泵注射升压药时维持血压注射泵信号灯闪烁不能正常推送药液及时更换新注射泵为患者泵入升压药物如未能及时解决为患者推送药物的问题有可能会延误抢救对患者造成严重后果现已联系设备科进行检查维修设备老化,院方上报的是严重伤害根据严重伤害的定义我司认为应为其他1问题发生时设备无法启动发出报警信号医护人员立即更换其他设备未对患者造成伤害2该设备因超期使用5年寿命期已使用6年捏柄反复受到按压导致老化开裂从而无法控制注射泵的注射器夹张开与闭合以固定注射器推杆的尾端导致注射泵不能正常使用
1203214322024000158,其他,[CLS]无[SEP]注射泵主板故障[SEP]注射泵报修维修组主板故障无法正常使用[SEP],无,注射泵主板故障,注射泵报修维修组主板故障无法正常使用,无法确定,null,无,[CLS]无[SEP]注射泵主板故障[SEP]注射泵报修维修组主板故障无法正常使用[SEP],注射泵主板故障,注射泵报修维修组主板故障无法正常使用,该设备已使用超过10年处于超寿命期使用状态长期使用主控板老化引发检测电路信号传递不通导致报警
1376108062024000085,其他,[CLS]无[SEP]注射泵短路[SEP]2024年3月26日注射泵使用中因液体滴漏进入电源部分导致电源线冒花火损坏立即停止使用该泵更换新设备使用[SEP],无,注射泵短路,2024年3月26日注射泵使用中因液体滴漏进入电源部分导致电源线冒花火损坏立即停止使用该泵更换新设备使用,产品原因（包括说明书等）,初步分析电源部分因液体导致短路,无,[CLS]无[SEP]注射泵短路[SEP]2024年3月26日注射泵使用中因液体滴漏进入电源部分导致电源线冒花火损坏立即停止使用该泵更换新设备使用[SEP],注射泵短路,2024年3月26日注射泵使用中因液体滴漏进入电源部分导致电源线冒花火损坏立即停止使用该泵更换新设备使用,该设备已使用7年处于超寿命期5年使用状态经长期临床使用部分结构件出现老化配合不紧密注射器与泵管路连接处出现漏液而未及时发现药液渗入机器内部导致电源模块出现短路产生火花损坏
1386204092024000366,其他,[CLS]无[SEP]设备拉杆破裂无法固定注射器[SEP]固定注射器时固定拉杆破裂无法固定输液器[SEP],无,设备拉杆破裂无法固定注射器,固定注射器时固定拉杆破裂无法固定输液器,"产品原因（包括说明书等）,无法确定",初步判断为拉杆材质脆度太高导致破裂,无,[CLS]无[SEP]设备拉杆破裂无法固定注射器[SEP]固定注射器时固定拉杆破裂无法固定输液器[SEP],设备拉杆破裂无法固定注射器,固定注射器时固定拉杆破裂无法固定输液器,该设备已使用超过10年处于超寿命期5年使用状态长期使用捏柄反复受到按压导致老化开裂从而无法控制注射泵的注射器夹张开与闭合以固定注射器推杆的尾端导致注射泵不能正常使用
1386204092024000365,其他,[CLS]无[SEP]设备开机后无声音[SEP]设备开机后自检无声音若使用时设备堵塞或其他故障报警无声音将严重影响患者安全[SEP],无,设备开机后无声音,设备开机后自检无声音若使用时设备堵塞或其他故障报警无声音将严重影响患者安全,"产品原因（包括说明书等）,无法确定",初步判断为设备喇叭故障,无,[CLS]无[SEP]设备开机后无声音[SEP]设备开机后自检无声音若使用时设备堵塞或其他故障报警无声音将严重影响患者安全[SEP],设备开机后无声音,设备开机后自检无声音若使用时设备堵塞或其他故障报警无声音将严重影响患者安全,该设备已使用超过10年处于超寿命期5年使用状态长期使用导致喇叭老化故障从而不能正常发出报警声
1203214322024000138,其他,[CLS]无[SEP]注射泵传感器损坏[SEP]注射泵使用过程中发现传感器损坏无法正常使用[SEP],无,注射泵传感器损坏,注射泵使用过程中发现传感器损坏无法正常使用,无法确定,null,无,[CLS]无[SEP]注射泵传感器损坏[SEP]注射泵使用过程中发现传感器损坏无法正常使用[SEP],注射泵传感器损坏,注射泵使用过程中发现传感器损坏无法正常使用,该设备已使用超过10年处于超寿命期5年使用状态长期临床使用与转运导致压力传感器老化故障压力值无法检测从而引发系统报警
1386204092024000361,其他,[CLS]无[SEP]设备固定卡夹螺杆无法固定[SEP]将设备固定在输液杆时卡夹无法固定[SEP],无,设备固定卡夹螺杆无法固定,将设备固定在输液杆时卡夹无法固定,"产品原因（包括说明书等）,无法确定",初步判断为卡夹固定螺丝杆故障,无,[CLS]无[SEP]设备固定卡夹螺杆无法固定[SEP]将设备固定在输液杆时卡夹无法固定[SEP],设备固定卡夹螺杆无法固定,将设备固定在输液杆时卡夹无法固定,该设备已使用9年处于超寿命期5年使用状态长期临床使用频繁扭动紧固夹旋钮螺丝表面螺纹钝化导致滑丝无法正常固定设备
1253706002024000434,其他,[CLS]无[SEP]安装注射器后传感器无法检测到注射器[SEP]安装注射器后传感器无法检测到注射器[SEP],无,安装注射器后传感器无法检测到注射器,安装注射器后传感器无法检测到注射器,产品原因（包括说明书等）,安装注射器后传感器无法检测到注射器,无,[CLS]无[SEP]安装注射器后传感器无法检测到注射器[SEP]安装注射器后传感器无法检测到注射器[SEP],安装注射器后传感器无法检测到注射器,安装注射器后传感器无法检测到注射器,根据返厂检测情况分析设备报警提示注射器未顶紧是由于操作者未将注射器尾杆正确安装在推拉盒上导致设备报警提示注射器未顶紧属于临床操作问题
1376104002024000158,其他,[CLS]注射泵使用过程中报警系统故障[SEP]注射泵使用过程中报警系统故障[SEP]2024年2月10日护士在使用注射泵为患者输入药物过程中注射泵报警系统故障无法正常使用护士为患者重新更换注射泵未对患者造成任何迎影响[SEP],注射泵使用过程中报警系统故障,注射泵使用过程中报警系统故障,2024年2月10日护士在使用注射泵为患者输入药物过程中注射泵报警系统故障无法正常使用护士为患者重新更换注射泵未对患者造成任何迎影响,产品原因（包括说明书等）,注射泵硬件故障,注射泵使用过程中报警系统故障,[CLS]注射泵使用过程中报警系统故障[SEP]注射泵使用过程中报警系统故障[SEP]2024年2月10日护士在使用注射泵为患者输入药物过程中注射泵报警系统故障无法正常使用护士为患者重新更换注射泵未对患者造成任何迎影响[SEP],注射泵使用过程中报警系统故障,2024年2月10日护士在使用注射泵为患者输入药物过程中注射泵报警系统故障无法正常使用护士为患者重新更换注射泵未对患者造成任何迎影响,设备已使用近5年长期临床使用与转运导致压力传感器老化故障压力值无法检测从而引发系统报警
1274204002024000208,其他,[CLS]null[SEP]注射泵的固定支架损坏无法固定在输液架上[SEP]注射泵的固定支架损坏无法固定在输液架上[SEP],null,注射泵的固定支架损坏无法固定在输液架上,注射泵的固定支架损坏无法固定在输液架上,产品原因（包括说明书等）,检查后发现固定支架的旋转固定部分与输液架的接触面积太小导致的,null,[CLS]null[SEP]注射泵的固定支架损坏无法固定在输液架上[SEP]注射泵的固定支架损坏无法固定在输液架上[SEP],注射泵的固定支架损坏无法固定在输液架上,注射泵的固定支架损坏无法固定在输液架上,该设备已使用超过10年处于超寿命期5年使用状态长期临床使用频繁扭动紧固夹旋钮螺丝表面螺纹钝化导致滑丝无法正常固定设备
1376108032024000203,其他,[CLS]无[SEP]捏柄断裂[SEP]20240422医护人员给患者使用注射泵时捏柄断裂停止使用更换新的使用[SEP],无,捏柄断裂,20240422医护人员给患者使用注射泵时捏柄断裂停止使用更换新的使用,产品原因（包括说明书等）,多考虑该产品存在质量问题,无,[CLS]无[SEP]捏柄断裂[SEP]20240422医护人员给患者使用注射泵时捏柄断裂停止使用更换新的使用[SEP],捏柄断裂,20240422医护人员给患者使用注射泵时捏柄断裂停止使用更换新的使用,该设备已使用超过10年处于超寿命期5年使用状态由于长期频繁使用捏柄反复受到按压导致磨损开裂从而无法控制注射泵的注射器夹张开与闭合以固定注射器推杆的尾端导致注射泵不能正常使用
1253704062024000280,其他,[CLS]不能固定泵药用注射器仪器无法使用影响病人治疗[SEP]微量泵固定的支架拉杆脱落[SEP]202432519床下肢深静脉血栓形成患者使用微量泵经置入的溶栓导管持续泵入溶栓药物治疗疾病于1400左右在给予更换泵药注射器药物时微量泵的拉杆支架突然掉落无法固定新更换的泵药注射器仪器不能使用为保证患者的治疗需要遂更换仪器继续泵药未影响患者的治疗发生故障的微量泵送至器械科维修[SEP],不能固定泵药用注射器仪器无法使用影响病人治疗,微量泵固定的支架拉杆脱落,202432519床下肢深静脉血栓形成患者使用微量泵经置入的溶栓导管持续泵入溶栓药物治疗疾病于1400左右在给予更换泵药注射器药物时微量泵的拉杆支架突然掉落无法固定新更换的泵药注射器仪器不能使用为保证患者的治疗需要遂更换仪器继续泵药未影响患者的治疗发生故障的微量泵送至器械科维修,产品原因（包括说明书等）,1仪器使用频率高固定的拉杆支架损耗磨损2仪器使用时限长仪器部件部分老化3护士操作时动作粗暴抽拉支架拉杆时用力过猛,不能固定泵药用注射器仪器无法使用影响病人治疗,[CLS]不能固定泵药用注射器仪器无法使用影响病人治疗[SEP]微量泵固定的支架拉杆脱落[SEP]202432519床下肢深静脉血栓形成患者使用微量泵经置入的溶栓导管持续泵入溶栓药物治疗疾病于1400左右在给予更换泵药注射器药物时微量泵的拉杆支架突然掉落无法固定新更换的泵药注射器仪器不能使用为保证患者的治疗需要遂更换仪器继续泵药未影响患者的治疗发生故障的微量泵送至器械科维修[SEP],微量泵固定的支架拉杆脱落,202432519床下肢深静脉血栓形成患者使用微量泵经置入的溶栓导管持续泵入溶栓药物治疗疾病于1400左右在给予更换泵药注射器药物时微量泵的拉杆支架突然掉落无法固定新更换的泵药注射器仪器不能使用为保证患者的治疗需要遂更换仪器继续泵药未影响患者的治疗发生故障的微量泵送至器械科维修,该设备已使用超过10年处于超寿命期5年使用状态长期临床使用压柄导向柱材质老化开裂无法正常固定注射器
1253711042024000116,其他,[CLS]设备使用过程中突发故障无法正常使用影响病人诊疗活动进行[SEP]D0102_意外停机[SEP]2024年3月13日科室使用该设备为病人进行药物注射时设备突然停止工作影响病人诊疗活动进行科室人员立即更换设备为病人进行注射并报修工程师[SEP],设备使用过程中突发故障无法正常使用影响病人诊疗活动进行,D0102_意外停机,2024年3月13日科室使用该设备为病人进行药物注射时设备突然停止工作影响病人诊疗活动进行科室人员立即更换设备为病人进行注射并报修工程师,产品原因（包括说明书等）,经工程师维修鉴定该设备电池老化导致设备停机情况发生,设备使用过程中突发故障无法正常使用影响病人诊疗活动进行,[CLS]设备使用过程中突发故障无法正常使用影响病人诊疗活动进行[SEP]D0102_意外停机[SEP]2024年3月13日科室使用该设备为病人进行药物注射时设备突然停止工作影响病人诊疗活动进行科室人员立即更换设备为病人进行注射并报修工程师[SEP],D0102_意外停机,2024年3月13日科室使用该设备为病人进行药物注射时设备突然停止工作影响病人诊疗活动进行科室人员立即更换设备为病人进行注射并报修工程师,由于该设备已使用9年处于超寿命期5年使用状态长期临床使用频繁对电池进行充放电电池老化故障导致电池模式下设备停止运行
1243610012024000071,其他,[CLS]未造成影响[SEP]设备报系统故障[SEP]2024年4月27日医护人员检查注射泵时设备报系统故障无法使用经排查发现主板系统电池没电导致的故障更换系统电池后试机使用正常未对患者造成影响[SEP],未造成影响,设备报系统故障,2024年4月27日医护人员检查注射泵时设备报系统故障无法使用经排查发现主板系统电池没电导致的故障更换系统电池后试机使用正常未对患者造成影响,产品原因（包括说明书等）,考虑为器械使用时间过长主板系统电池电量不足导致的故障更换系统电池后试机使用正常,未造成影响,[CLS]未造成影响[SEP]设备报系统故障[SEP]2024年4月27日医护人员检查注射泵时设备报系统故障无法使用经排查发现主板系统电池没电导致的故障更换系统电池后试机使用正常未对患者造成影响[SEP],设备报系统故障,2024年4月27日医护人员检查注射泵时设备报系统故障无法使用经排查发现主板系统电池没电导致的故障更换系统电池后试机使用正常未对患者造成影响,因该设备已使用8年处于超寿命期5年使用状态长期使用导致主板系统电池电量不足开机自检发出系统报警
1213304092024000053,其他,[CLS]及时发现未对病人造成伤害[SEP]注射完毕未警报提示[SEP]使用注射泵为病人注射药物注射完毕未提示[SEP],及时发现未对病人造成伤害,注射完毕未警报提示,使用注射泵为病人注射药物注射完毕未提示,产品原因（包括说明书等）,null,及时发现未对病人造成伤害,[CLS]及时发现未对病人造成伤害[SEP]注射完毕未警报提示[SEP]使用注射泵为病人注射药物注射完毕未提示[SEP],注射完毕未警报提示,使用注射泵为病人注射药物注射完毕未提示,调查同批次产品未集中出现类似故障属于偶发现象分析故障原因可能为设备在长期临床转运过程中受到磕碰等外力作用导致喇叭连接线焊点脱落
1253718032024000170,其他,[CLS]null[SEP]设备无故关机[SEP]2024年4月8日血液科护士在给病人使用时发现设备无故关机的异常情况科室给医工部报修后工程师发现电池老化更换电池并重新调试后设备可正常使用未给科室造成影响[SEP],null,设备无故关机,2024年4月8日血液科护士在给病人使用时发现设备无故关机的异常情况科室给医工部报修后工程师发现电池老化更换电池并重新调试后设备可正常使用未给科室造成影响,产品原因（包括说明书等）,电池老化,null,[CLS]null[SEP]设备无故关机[SEP]2024年4月8日血液科护士在给病人使用时发现设备无故关机的异常情况科室给医工部报修后工程师发现电池老化更换电池并重新调试后设备可正常使用未给科室造成影响[SEP],设备无故关机,2024年4月8日血液科护士在给病人使用时发现设备无故关机的异常情况科室给医工部报修后工程师发现电池老化更换电池并重新调试后设备可正常使用未给科室造成影响,由于该设备已使用7年处于超寿命期5年使用状态长期临床使用频繁对电池进行充放电电池老化性能下降无法满足设备转运时的供电需求
1253718032024000169,其他,[CLS]null[SEP]设备不接交流电无法开机的异常情况[SEP]2024年4月2日冠心病一科护士在给病人使用时发现设备不接交流电无法开机的异常情况科室给医工部报修后工程师发现设备电池老旧损坏更换电池后恢复正常未给病人造成影响[SEP],null,设备不接交流电无法开机的异常情况,2024年4月2日冠心病一科护士在给病人使用时发现设备不接交流电无法开机的异常情况科室给医工部报修后工程师发现设备电池老旧损坏更换电池后恢复正常未给病人造成影响,产品原因（包括说明书等）,设备电池老旧损坏,null,[CLS]null[SEP]设备不接交流电无法开机的异常情况[SEP]2024年4月2日冠心病一科护士在给病人使用时发现设备不接交流电无法开机的异常情况科室给医工部报修后工程师发现设备电池老旧损坏更换电池后恢复正常未给病人造成影响[SEP],设备不接交流电无法开机的异常情况,2024年4月2日冠心病一科护士在给病人使用时发现设备不接交流电无法开机的异常情况科室给医工部报修后工程师发现设备电池老旧损坏更换电池后恢复正常未给病人造成影响,因设备处于超寿命期5年使用状态长期临床使用频繁对电池进行充放电电池老化故障无法满足设备的供电需求
1182304002024001003,其他,[CLS]无[SEP]推拉杆故障[SEP]静推沐舒坦药物时推拉杆故障无法推拉[SEP],无,推拉杆故障,静推沐舒坦药物时推拉杆故障无法推拉,产品原因（包括说明书等）,null,无,[CLS]无[SEP]推拉杆故障[SEP]静推沐舒坦药物时推拉杆故障无法推拉[SEP],推拉杆故障,静推沐舒坦药物时推拉杆故障无法推拉,因设备已使用10年处于超寿命期使用状态由于长期频繁使用捏柄反复受到按压导致磨损开裂从而无法控制注射泵的注射器夹张开与闭合以固定注射器推杆的尾端导致注射泵不能正常使用
1162108002024000127,其他,[CLS]无[SEP]注射泵卡不住注射器[SEP]使用前检查设备发现设备故障注射泵卡不住注射器不可用[SEP],无,注射泵卡不住注射器,使用前检查设备发现设备故障注射泵卡不住注射器不可用,产品原因（包括说明书等）,推药座故障导致卡不住注射器,无,[CLS]无[SEP]注射泵卡不住注射器[SEP]使用前检查设备发现设备故障注射泵卡不住注射器不可用[SEP],注射泵卡不住注射器,使用前检查设备发现设备故障注射泵卡不住注射器不可用,该设备已使用近5年由于长期频繁使用捏柄反复受到按压导致磨损开裂从而无法控制注射泵的注射器夹张开与闭合以固定注射器推杆的尾端导致注射泵不能正常使用
1386213012024000182,其他,[CLS]22床何颖男38岁遵医嘱给予NS50ml生长抑素3mgQ12h泵人剩余液体30ml时显示停止报警灯闪烁重新启动时还是报警立即更换注射泵未对患者造成不良后果[SEP]22床何颖男38岁遵医嘱给予NS50ml生长抑素3mgQ12h泵人剩余液体30ml时显示停止报警灯闪烁重新启动时还是报警立即更换注射泵未对患者造成不良后果[SEP]22床何颖男38岁遵医嘱给予NS50ml生长抑素3mgQ12h泵人剩余液体30ml时显示停止报警灯闪烁重新启动时还是报警立即更换注射泵未对患者造成不良后果[SEP],22床何颖男38岁遵医嘱给予NS50ml生长抑素3mgQ12h泵人剩余液体30ml时显示停止报警灯闪烁重新启动时还是报警立即更换注射泵未对患者造成不良后果,22床何颖男38岁遵医嘱给予NS50ml生长抑素3mgQ12h泵人剩余液体30ml时显示停止报警灯闪烁重新启动时还是报警立即更换注射泵未对患者造成不良后果,22床何颖男38岁遵医嘱给予NS50ml生长抑素3mgQ12h泵人剩余液体30ml时显示停止报警灯闪烁重新启动时还是报警立即更换注射泵未对患者造成不良后果,无法确定,22床何颖男38岁遵医嘱给予NS50ml生长抑素3mgQ12h泵人剩余液体30ml时显示停止报警灯闪烁重新启动时还是报警立即更换注射泵未对患者造成不良后果,22床何颖男38岁遵医嘱给予NS50ml生长抑素3mgQ12h泵人剩余液体30ml时显示停止报警灯闪烁重新启动时还是报警立即更换注射泵未对患者造成不良后果,[CLS]22床何颖男38岁遵医嘱给予NS50ml生长抑素3mgQ12h泵人剩余液体30ml时显示停止报警灯闪烁重新启动时还是报警立即更换注射泵未对患者造成不良后果[SEP]22床何颖男38岁遵医嘱给予NS50ml生长抑素3mgQ12h泵人剩余液体30ml时显示停止报警灯闪烁重新启动时还是报警立即更换注射泵未对患者造成不良后果[SEP]22床何颖男38岁遵医嘱给予NS50ml生长抑素3mgQ12h泵人剩余液体30ml时显示停止报警灯闪烁重新启动时还是报警立即更换注射泵未对患者造成不良后果[SEP],22床何颖男38岁遵医嘱给予NS50ml生长抑素3mgQ12h泵人剩余液体30ml时显示停止报警灯闪烁重新启动时还是报警立即更换注射泵未对患者造成不良后果,22床何颖男38岁遵医嘱给予NS50ml生长抑素3mgQ12h泵人剩余液体30ml时显示停止报警灯闪烁重新启动时还是报警立即更换注射泵未对患者造成不良后果,因该设备处于超寿命期5年使用状态长期未进行注射器校准设备内存储的注射器参数与实际上泵的注射器参数不一致设备无法正常控制注射器管路内液体流速导致实际流速小于设定流速
1376108032024000191,其他,[CLS]无[SEP]无法开机[SEP]20240416医护人员给患者使用注射泵时无法开机停止使用更换新的使用[SEP],无,无法开机,20240416医护人员给患者使用注射泵时无法开机停止使用更换新的使用,产品原因（包括说明书等）,到考虑1该产品存在质量缺陷2操作者未按说明书对产品进行维护和保养,无,[CLS]无[SEP]无法开机[SEP]20240416医护人员给患者使用注射泵时无法开机停止使用更换新的使用[SEP],无法开机,20240416医护人员给患者使用注射泵时无法开机停止使用更换新的使用,该设备已使用超过10年处于超寿命期5年使用状态长期临床使用导致电源板电源模块老化故障设备无法通电开机
1376108032024000148,其他,[CLS]无[SEP]外壳损坏[SEP]20240409医护人员为患者使用注射泵时发现外壳损坏停止使用更换新的[SEP],无,外壳损坏,20240409医护人员为患者使用注射泵时发现外壳损坏停止使用更换新的,产品原因（包括说明书等）,多考虑该产品存在质量问题,无,[CLS]无[SEP]外壳损坏[SEP]20240409医护人员为患者使用注射泵时发现外壳损坏停止使用更换新的[SEP],外壳损坏,20240409医护人员为患者使用注射泵时发现外壳损坏停止使用更换新的,该设备处于超寿命期5年使用状态长期临床使用压柄导向柱材质老化开裂无法正常固定注射器
1376108032024000141,其他,[CLS]无[SEP]捏柄损坏[SEP]20240407医务人员准备使用注射泵注射药物时发现捏柄损坏停止使用及时更换[SEP],无,捏柄损坏,20240407医务人员准备使用注射泵注射药物时发现捏柄损坏停止使用及时更换,产品原因（包括说明书等）,多考虑1产品本身存在缺陷2操作人员未按产品说明书对产品进行维护和保养,无,[CLS]无[SEP]捏柄损坏[SEP]20240407医务人员准备使用注射泵注射药物时发现捏柄损坏停止使用及时更换[SEP],捏柄损坏,20240407医务人员准备使用注射泵注射药物时发现捏柄损坏停止使用及时更换,该设备处于超寿命期5年使用状态由于长期频繁使用捏柄反复受到按压导致磨损开裂从而无法控制注射泵的注射器夹张开与闭合以固定注射器推杆的尾端导致注射泵不能正常使用
1376108032024000128,其他,[CLS]无[SEP]注射器夹钳拉杆断裂[SEP]20240401医护人员准备给患者使用注射泵时发现注射器夹钳拉杆断裂无法使用停止使用更换新的[SEP],无,注射器夹钳拉杆断裂,20240401医护人员准备给患者使用注射泵时发现注射器夹钳拉杆断裂无法使用停止使用更换新的,产品原因（包括说明书等）,注射器夹钳拉杆断裂,无,[CLS]无[SEP]注射器夹钳拉杆断裂[SEP]20240401医护人员准备给患者使用注射泵时发现注射器夹钳拉杆断裂无法使用停止使用更换新的[SEP],注射器夹钳拉杆断裂,20240401医护人员准备给患者使用注射泵时发现注射器夹钳拉杆断裂无法使用停止使用更换新的,该设备处于超寿命期5年使用状态设备前壳压柄因长期使用磨损受力导致开裂
1376108032024000105,其他,[CLS]无[SEP]捏柄损坏[SEP]20240318医护人员给患者使用注射泵时发现捏柄损坏停止使用更换新的[SEP],无,捏柄损坏,20240318医护人员给患者使用注射泵时发现捏柄损坏停止使用更换新的,产品原因（包括说明书等）,捏柄损坏,无,[CLS]无[SEP]捏柄损坏[SEP]20240318医护人员给患者使用注射泵时发现捏柄损坏停止使用更换新的[SEP],捏柄损坏,20240318医护人员给患者使用注射泵时发现捏柄损坏停止使用更换新的,该设备已使用近5年由于长期频繁使用捏柄反复受到按压导致磨损开裂从而无法控制注射泵的注射器夹张开与闭合以固定注射器推杆的尾端导致注射泵不能正常使用
1253717032024000171,其他,[CLS]无[SEP]屏幕显示异常[SEP]患者于202425日0752分休息状态下突发心悸胸闷不适无胸痛无恶心呕吐即刻行床旁心电图示窦性心律V3V6导联ST段明显压低请心内科会诊看过病人翻阅病例后会诊意见如下心内科诊断急性冠脉综合征于202425遵医嘱给予硝酸甘油5mg泵入携用物至病人床前连接好后发现屏幕显示异常遂更换注射泵报修至器械科[SEP],无,屏幕显示异常,患者于202425日0752分休息状态下突发心悸胸闷不适无胸痛无恶心呕吐即刻行床旁心电图示窦性心律V3V6导联ST段明显压低请心内科会诊看过病人翻阅病例后会诊意见如下心内科诊断急性冠脉综合征于202425遵医嘱给予硝酸甘油5mg泵入携用物至病人床前连接好后发现屏幕显示异常遂更换注射泵报修至器械科,"无法确定,产品原因（包括说明书等）",原因不明无法确定,无,[CLS]无[SEP]屏幕显示异常[SEP]患者于202425日0752分休息状态下突发心悸胸闷不适无胸痛无恶心呕吐即刻行床旁心电图示窦性心律V3V6导联ST段明显压低请心内科会诊看过病人翻阅病例后会诊意见如下心内科诊断急性冠脉综合征于202425遵医嘱给予硝酸甘油5mg泵入携用物至病人床前连接好后发现屏幕显示异常遂更换注射泵报修至器械科[SEP],屏幕显示异常,患者于202425日0752分休息状态下突发心悸胸闷不适无胸痛无恶心呕吐即刻行床旁心电图示窦性心律V3V6导联ST段明显压低请心内科会诊看过病人翻阅病例后会诊意见如下心内科诊断急性冠脉综合征于202425遵医嘱给予硝酸甘油5mg泵入携用物至病人床前连接好后发现屏幕显示异常遂更换注射泵报修至器械科,该设备已使用近3年长期临床使用频繁搬动设备设备内部线缆震动导致显示屏与主控板连接排线松动
1253718062024000258,严重伤害,[CLS]注射量不准存在重大安全风险[SEP]注射量不准偏少[SEP]注射泵使用过程中管床护士发现实际注射量少于设定注射量[SEP],注射量不准存在重大安全风险,注射量不准偏少,注射泵使用过程中管床护士发现实际注射量少于设定注射量,产品原因（包括说明书等）,经工程师检查走校准程序进行校准后恢复正常,注射量不准存在重大安全风险,[CLS]注射量不准存在重大安全风险[SEP]注射量不准偏少[SEP]注射泵使用过程中管床护士发现实际注射量少于设定注射量[SEP],注射量不准偏少,注射泵使用过程中管床护士发现实际注射量少于设定注射量,院方上报为严重伤害根据严重伤害的定义我司认为应为其他1医务人员及时发现注射速度异常立即停止使用更换其他设备继续注射未对使用者造成伤害2该设备处于超预期寿命使用状态分析问题原因为使用的注射器未进行校准注射器参数与机器保存参数不一致导致药液推进量不准确
1253718062024000175,其他,[CLS]null[SEP]报警注射器未顶紧[SEP]设备使用时装好注射器按开始键设备报警注射器未顶紧[SEP],null,报警注射器未顶紧,设备使用时装好注射器按开始键设备报警注射器未顶紧,产品原因（包括说明书等）,null,null,[CLS]null[SEP]报警注射器未顶紧[SEP]设备使用时装好注射器按开始键设备报警注射器未顶紧[SEP],报警注射器未顶紧,设备使用时装好注射器按开始键设备报警注射器未顶紧,1FPC线的功能之一是负责传递检测信号损坏后造成检测信号中断发出注射器未顶紧报警报警后设备不能注射药物无法正常使用2结合市场反馈分析FPC线损坏的原因可能是生产过程中内部FPC线未固定牢固在临床搬运过程中产生晃动FPC线与周围电路板摩擦导致磨损
1253718062024000187,其他,[CLS]null[SEP]报警注射器未顶紧[SEP]给患者使用注射泵时装好注射器按启动键设备报警注射器未顶紧[SEP],null,报警注射器未顶紧,给患者使用注射泵时装好注射器按启动键设备报警注射器未顶紧,产品原因（包括说明书等）,null,null,[CLS]null[SEP]报警注射器未顶紧[SEP]给患者使用注射泵时装好注射器按启动键设备报警注射器未顶紧[SEP],报警注射器未顶紧,给患者使用注射泵时装好注射器按启动键设备报警注射器未顶紧,1FPC线的功能之一是负责传递检测信号损坏后造成检测信号中断发出注射器未顶紧报警报警后设备不能注射药物无法正常使用2结合市场反馈分析FPC线损坏的原因可能是生产过程中内部FPC线未固定牢固在临床搬运过程中产生晃动FPC线与周围电路板摩擦导致磨损
1253718062024000186,其他,[CLS]null[SEP]报警错误2[SEP]给患者使用注射泵时按启动键后设备报警错误2设备无法使用[SEP],null,报警错误2,给患者使用注射泵时按启动键后设备报警错误2设备无法使用,产品原因（包括说明书等）,排线损坏,null,[CLS]null[SEP]报警错误2[SEP]给患者使用注射泵时按启动键后设备报警错误2设备无法使用[SEP],报警错误2,给患者使用注射泵时按启动键后设备报警错误2设备无法使用,由于该设备已使用7年处于超寿命期5年使用状态长期临床使用导致FPC线老化发生故障造成检测信号中断从而引发报警
1253718062024000262,严重伤害,[CLS]报警蜂鸣器不响存在较大安全隐患[SEP]报警蜂鸣器不响[SEP]设备巡检过程中发现设备报警蜂鸣器不响[SEP],报警蜂鸣器不响存在较大安全隐患,报警蜂鸣器不响,设备巡检过程中发现设备报警蜂鸣器不响,产品原因（包括说明书等）,报警蜂鸣器坏,报警蜂鸣器不响存在较大安全隐患,[CLS]报警蜂鸣器不响存在较大安全隐患[SEP]报警蜂鸣器不响[SEP]设备巡检过程中发现设备报警蜂鸣器不响[SEP],报警蜂鸣器不响,设备巡检过程中发现设备报警蜂鸣器不响,院方上报的是严重伤害根据严重伤害的定义我司认为应为其他1该设备超期使用5年寿命期后喇叭老化故障无法正常发出报警声2问题为设备巡检时发现未对人体造成伤害
1253718062024000241,严重伤害,[CLS]报警蜂鸣器不响存在严重安全风险[SEP]报警蜂鸣器不响[SEP]设备使用过程中红色报警指示灯亮但报警蜂鸣器不响护士到病区输液及时发现问题及时更换了注射泵[SEP],报警蜂鸣器不响存在严重安全风险,报警蜂鸣器不响,设备使用过程中红色报警指示灯亮但报警蜂鸣器不响护士到病区输液及时发现问题及时更换了注射泵,产品原因（包括说明书等）,蜂鸣器坏治疗过程中出现问题设备需要声光报警以便医务人员及时发现及时处理尤其在普通病房蜂鸣器不响医务人员不能及时发现有可能给患者造成严重伤害威高注射泵蜂鸣器不响问题出现频率较高,报警蜂鸣器不响存在严重安全风险,[CLS]报警蜂鸣器不响存在严重安全风险[SEP]报警蜂鸣器不响[SEP]设备使用过程中红色报警指示灯亮但报警蜂鸣器不响护士到病区输液及时发现问题及时更换了注射泵[SEP],报警蜂鸣器不响,设备使用过程中红色报警指示灯亮但报警蜂鸣器不响护士到病区输液及时发现问题及时更换了注射泵,院方上报的是严重伤害根据严重伤害的定义我司认为应为其他1该设备因超期使用5年寿命期导致喇叭老化故障从而不能正常发出报警声2问题为设备巡检时发现未对人体造成伤害
1406528112024000057,其他,[CLS]设备故障导致科室注射泵短缺给工作人员带来不便[SEP]后壳脱落[SEP]2024年3月13日该科室护士在操作该注射泵时发现后壳掉落随后将该设备送往设备科设备科接受后展开检修活动[SEP],设备故障导致科室注射泵短缺给工作人员带来不便,后壳脱落,2024年3月13日该科室护士在操作该注射泵时发现后壳掉落随后将该设备送往设备科设备科接受后展开检修活动,无法确定,2024年3月13日该科室护士在操作该注射泵时发现后壳掉落随后将该设备送往设备科设备科接受后展开检修活动分析全部螺丝脱落螺丝松动导致,设备故障导致科室注射泵短缺给工作人员带来不便,[CLS]设备故障导致科室注射泵短缺给工作人员带来不便[SEP]后壳脱落[SEP]2024年3月13日该科室护士在操作该注射泵时发现后壳掉落随后将该设备送往设备科设备科接受后展开检修活动[SEP],后壳脱落,2024年3月13日该科室护士在操作该注射泵时发现后壳掉落随后将该设备送往设备科设备科接受后展开检修活动,因该设备已使用超过5年处于超寿命期使用状态长期临床搬运使用导致后壳螺丝松动掉落无法正常固定后壳
1151527032024000028,其他,[CLS]未造成伤害[SEP]D10100301_开启交直流电故障[SEP]2024年3月20日达拉特旗人民医院急诊科工作人员在注射泵开机后发现有报警提示显示交流电故障发现后与厂家沟通后进行返厂维修该事件未涉及患者[SEP],未造成伤害,D10100301_开启交直流电故障,2024年3月20日达拉特旗人民医院急诊科工作人员在注射泵开机后发现有报警提示显示交流电故障发现后与厂家沟通后进行返厂维修该事件未涉及患者,产品原因（包括说明书等）,经工程师现场检查发现设备电源板故障,未造成伤害,[CLS]未造成伤害[SEP]D10100301_开启交直流电故障[SEP]2024年3月20日达拉特旗人民医院急诊科工作人员在注射泵开机后发现有报警提示显示交流电故障发现后与厂家沟通后进行返厂维修该事件未涉及患者[SEP],D10100301_开启交直流电故障,2024年3月20日达拉特旗人民医院急诊科工作人员在注射泵开机后发现有报警提示显示交流电故障发现后与厂家沟通后进行返厂维修该事件未涉及患者,根据检查情况判断设备故障原因可能为药液洒在设备上未及时清理部分药液渗入设备的主控板中导致元器件短路造成了故障报警
1162107002024000201,其他,[CLS]无伤害事件发生[SEP]设备按键失灵无反应[SEP]工作人员对设备进行开机检查发现设备按键失灵为了不影响正常使用已和工程师联系进行报修未造成不良影响[SEP],无伤害事件发生,设备按键失灵无反应,工作人员对设备进行开机检查发现设备按键失灵为了不影响正常使用已和工程师联系进行报修未造成不良影响,无法确定,null,无伤害事件发生,[CLS]无伤害事件发生[SEP]设备按键失灵无反应[SEP]工作人员对设备进行开机检查发现设备按键失灵为了不影响正常使用已和工程师联系进行报修未造成不良影响[SEP],设备按键失灵无反应,工作人员对设备进行开机检查发现设备按键失灵为了不影响正常使用已和工程师联系进行报修未造成不良影响,因该设备已使用超过5年的寿命期长期临床使用频繁按压按键按键老化与主控板接触不良导致按键无法正常使用
1203203102024000036,其他,[CLS]无[SEP]长位丝杆卡住[SEP]使用人员开机检查发现长位丝杆卡住[SEP],无,长位丝杆卡住,使用人员开机检查发现长位丝杆卡住,产品原因（包括说明书等）,检查发现长位丝杆外壳断裂影响丝杆走动,无,[CLS]无[SEP]长位丝杆卡住[SEP]使用人员开机检查发现长位丝杆卡住[SEP],长位丝杆卡住,使用人员开机检查发现长位丝杆卡住,因该设备的使用年限已远超5年的寿命期长期临床使用丝杆套筒老化开裂缝隙处翘起与泵体接触卡住导致拉杆无法正常移动
1162112062024000026,其他,[CLS]影响治疗[SEP]机器报警[SEP]该患于2024年2月26日因需降糖遵医嘱给予患者泵入降糖药泵速无法调节更换输液泵后正常[SEP],影响治疗,机器报警,该患于2024年2月26日因需降糖遵医嘱给予患者泵入降糖药泵速无法调节更换输液泵后正常,产品原因（包括说明书等）,机器故障,影响治疗,[CLS]影响治疗[SEP]机器报警[SEP]该患于2024年2月26日因需降糖遵医嘱给予患者泵入降糖药泵速无法调节更换输液泵后正常[SEP],机器报警,该患于2024年2月26日因需降糖遵医嘱给予患者泵入降糖药泵速无法调节更换输液泵后正常,因设置的注射速度超出相应规格注射器的最大流速未对注射泵重新校准导致设备无法正确识别发出速度错误报警
1376104002024000102,其他,[CLS]无[SEP]异常报警[SEP]护士在给患者使用注射泵的时候注射泵异常报警无法使用[SEP],无,异常报警,护士在给患者使用注射泵的时候注射泵异常报警无法使用,无法确定,经检测判断为注射泵内置导联线脱落导致注射泵异常报警,无,[CLS]无[SEP]异常报警[SEP]护士在给患者使用注射泵的时候注射泵异常报警无法使用[SEP],异常报警,护士在给患者使用注射泵的时候注射泵异常报警无法使用,该设备已使用4年多由于临床长期使用搬动设备机器震动跌宕内部电线晃动导致线束插头松动从而设备发出系统故障报警
1294410002024000172,其他,[CLS]null[SEP]需要使用此注射泵推注某一药物时开机时发现注射器屏幕一直报警提示注射器未顶紧[SEP]医生新开出医嘱需要用到注射泵在双人核对药物的前提下护士梁宝欣加完药物后去柜子取出此注射泵开机准备使用后不一会就一直报警提示注射器未顶紧但已正确顶紧注射泵再关机重启都是一样无法使用立刻停止使用更换另一注射泵注射泵[SEP],null,需要使用此注射泵推注某一药物时开机时发现注射器屏幕一直报警提示注射器未顶紧,医生新开出医嘱需要用到注射泵在双人核对药物的前提下护士梁宝欣加完药物后去柜子取出此注射泵开机准备使用后不一会就一直报警提示注射器未顶紧但已正确顶紧注射泵再关机重启都是一样无法使用立刻停止使用更换另一注射泵注射泵,产品原因（包括说明书等）,注射泵的顶紧相关传感器未起反应无法获取注射泵的泵体注射深度信息,null,[CLS]null[SEP]需要使用此注射泵推注某一药物时开机时发现注射器屏幕一直报警提示注射器未顶紧[SEP]医生新开出医嘱需要用到注射泵在双人核对药物的前提下护士梁宝欣加完药物后去柜子取出此注射泵开机准备使用后不一会就一直报警提示注射器未顶紧但已正确顶紧注射泵再关机重启都是一样无法使用立刻停止使用更换另一注射泵注射泵[SEP],需要使用此注射泵推注某一药物时开机时发现注射器屏幕一直报警提示注射器未顶紧,医生新开出医嘱需要用到注射泵在双人核对药物的前提下护士梁宝欣加完药物后去柜子取出此注射泵开机准备使用后不一会就一直报警提示注射器未顶紧但已正确顶紧注射泵再关机重启都是一样无法使用立刻停止使用更换另一注射泵注射泵,1FPC线的功能之一是负责传递检测信号损坏后造成检测信号中断发出注射器未顶紧报警报警后设备不能注射药物无法正常使用2结合市场反馈分析FPC线损坏的原因可能是生产过程中内部FPC线未固定牢固在临床搬运过程中产生晃动FPC线与周围电路板摩擦导致磨损
1376104002024000106,其他,[CLS]无[SEP]速度过快[SEP]护士在给患者使用输液泵时发现泵流速过快[SEP],无,速度过快,护士在给患者使用输液泵时发现泵流速过快,无法确定,经检测内部传感器故障导致流速过快,无,[CLS]无[SEP]速度过快[SEP]护士在给患者使用输液泵时发现泵流速过快[SEP],速度过快,护士在给患者使用输液泵时发现泵流速过快,因该设备已使用超过5年处于超寿命期使用状态长期临床使用及转运过程中设备经过跌宕震动导致长电位器长电位器是一种行程传感器插头松动无法正常检测推注行程造成实际流速与设定流速不符
1253717002024000146,其他,[CLS]无[SEP]推头断裂[SEP]2024年2月16日在给患者使用注射泵时注射泵推头断裂导致无法使用立即更换新的注射泵未对患者造成伤害[SEP],无,推头断裂,2024年2月16日在给患者使用注射泵时注射泵推头断裂导致无法使用立即更换新的注射泵未对患者造成伤害,产品原因（包括说明书等）,1材质问题2机器使用年限过长,无,[CLS]无[SEP]推头断裂[SEP]2024年2月16日在给患者使用注射泵时注射泵推头断裂导致无法使用立即更换新的注射泵未对患者造成伤害[SEP],推头断裂,2024年2月16日在给患者使用注射泵时注射泵推头断裂导致无法使用立即更换新的注射泵未对患者造成伤害,因该设备已处于超寿命期使用状态设备部件已老化当受到外力冲击时结构件易损伤
1253717002024000144,其他,[CLS]无[SEP]拉杆断裂[SEP]2024年2月15日患儿静脉用药时微量泵拉杆断裂更换新的微量泵为患儿进行输液并联系设备科进行维修[SEP],无,拉杆断裂,2024年2月15日患儿静脉用药时微量泵拉杆断裂更换新的微量泵为患儿进行输液并联系设备科进行维修,产品原因（包括说明书等）,材质问题,无,[CLS]无[SEP]拉杆断裂[SEP]2024年2月15日患儿静脉用药时微量泵拉杆断裂更换新的微量泵为患儿进行输液并联系设备科进行维修[SEP],拉杆断裂,2024年2月15日患儿静脉用药时微量泵拉杆断裂更换新的微量泵为患儿进行输液并联系设备科进行维修,因该设备已处于超寿命期使用状态设备部件已老化当受到外力冲击时结构件易损伤
1264115002024000346,其他,[CLS]null[SEP]不显示运行状态[SEP]给患者使用微量泵时发现下侧泵管运行中不显示运行状态[SEP],null,不显示运行状态,给患者使用微量泵时发现下侧泵管运行中不显示运行状态,无法确定,给患者使用微量泵时发现下侧泵管运行中不显示运行状态,null,[CLS]null[SEP]不显示运行状态[SEP]给患者使用微量泵时发现下侧泵管运行中不显示运行状态[SEP],不显示运行状态,给患者使用微量泵时发现下侧泵管运行中不显示运行状态,因该设备已使用6年处于超寿命期使用状态长期临床使用导致内部运行指示灯组件老化发生故障从而无法显示运行状态
1376108032024000089,其他,[CLS]无[SEP]不推药离合器打不开[SEP]20240308医护人员给患者使用注射泵时不推药离合器打不开停止使用更换新的使用[SEP],无,不推药离合器打不开,20240308医护人员给患者使用注射泵时不推药离合器打不开停止使用更换新的使用,产品原因（包括说明书等）,多考虑该产品存在质量问题,无,[CLS]无[SEP]不推药离合器打不开[SEP]20240308医护人员给患者使用注射泵时不推药离合器打不开停止使用更换新的使用[SEP],不推药离合器打不开,20240308医护人员给患者使用注射泵时不推药离合器打不开停止使用更换新的使用,由于该设备已超五年使用寿命期处于超预期使用状态长期临床使用频繁捏合捏柄导致捏柄材质老化开裂而捏柄是固定注射器推杆尾端的装置部件之一控制注射泵的注射器夹张开与闭合当其损伤后无法调节离合器位置导致无法正常注射药物
1264115002024000347,其他,[CLS]null[SEP]使用过程中发现微量泵的固定器部分这段无法固定[SEP]患者遵医嘱需要泵入药液使用过程中发现微量泵的固定器部分这段无法固定[SEP],null,使用过程中发现微量泵的固定器部分这段无法固定,患者遵医嘱需要泵入药液使用过程中发现微量泵的固定器部分这段无法固定,无法确定,微量泵的固定器部分这段无法固定,null,[CLS]null[SEP]使用过程中发现微量泵的固定器部分这段无法固定[SEP]患者遵医嘱需要泵入药液使用过程中发现微量泵的固定器部分这段无法固定[SEP],使用过程中发现微量泵的固定器部分这段无法固定,患者遵医嘱需要泵入药液使用过程中发现微量泵的固定器部分这段无法固定,由于该设备已超5年使用寿命期处于超预期使用状态长期临床使用频繁捏合捏柄导致捏柄材质老化开裂而捏柄是固定注射器推杆尾端的装置部件之一控制注射泵的注射器夹张开与闭合当其损伤后无法调节离合器位置
1406501052024000012,其他,[CLS]null[SEP]阻塞报警[SEP]科室护士正常使用时机器发出阻塞报警[SEP],null,阻塞报警,科室护士正常使用时机器发出阻塞报警,产品原因（包括说明书等）,机器内部故障,null,[CLS]null[SEP]阻塞报警[SEP]科室护士正常使用时机器发出阻塞报警[SEP],阻塞报警,科室护士正常使用时机器发出阻塞报警,由于该设备已使用超过5年处于超预期使用状态设备内部的压力检测值可能因缺乏校准维护导致出现偏差引发了堵塞报警
1253717072024000226,其他,[CLS]无[SEP]折射泵夹杆断裂[SEP]2024年2月26日科室报修折射泵夹杆断裂无法使用设备科现场检查确认注射泵无法使用夹杆断裂给予更换后恢复使用[SEP],无,折射泵夹杆断裂,2024年2月26日科室报修折射泵夹杆断裂无法使用设备科现场检查确认注射泵无法使用夹杆断裂给予更换后恢复使用,产品原因（包括说明书等）,注射泵夹杆断裂,无,[CLS]无[SEP]折射泵夹杆断裂[SEP]2024年2月26日科室报修折射泵夹杆断裂无法使用设备科现场检查确认注射泵无法使用夹杆断裂给予更换后恢复使用[SEP],折射泵夹杆断裂,2024年2月26日科室报修折射泵夹杆断裂无法使用设备科现场检查确认注射泵无法使用夹杆断裂给予更换后恢复使用,由于该设备已使用超过5年处于超预期使用状态长期使用导致压杆老化损伤从而无法固定注射器
1253707092024000136,其他,[CLS]无[SEP]提示泵药异常[SEP]20240127在给患者使用注射泵进行泵药时机器一直显示泵药异常给予更换输液泵通知设备科进行维修[SEP],无,提示泵药异常,20240127在给患者使用注射泵进行泵药时机器一直显示泵药异常给予更换输液泵通知设备科进行维修,产品原因（包括说明书等）,产品质量问题,无,[CLS]无[SEP]提示泵药异常[SEP]20240127在给患者使用注射泵进行泵药时机器一直显示泵药异常给予更换输液泵通知设备科进行维修[SEP],提示泵药异常,20240127在给患者使用注射泵进行泵药时机器一直显示泵药异常给予更换输液泵通知设备科进行维修,根据检查情况判断故障原因为临床使用期间药液侵入设备未及时清理干粉附着在丝杆套筒外壁与前壳内O型密封圈摩擦堵塞对压力传感器产生的压强值超过中级阻塞阈值产生阻塞报警无法正常进行推注工作
1253707122024000229,其他,[CLS]无[SEP]设备报警管路阻塞[SEP]312号工作人员在使用注射泵时设备报警管路阻塞检查管路无阻塞随撤机停用报告设备科维修[SEP],无,设备报警管路阻塞,312号工作人员在使用注射泵时设备报警管路阻塞检查管路无阻塞随撤机停用报告设备科维修,产品原因（包括说明书等）,压力传感器损坏,无,[CLS]无[SEP]设备报警管路阻塞[SEP]312号工作人员在使用注射泵时设备报警管路阻塞检查管路无阻塞随撤机停用报告设备科维修[SEP],设备报警管路阻塞,312号工作人员在使用注射泵时设备报警管路阻塞检查管路无阻塞随撤机停用报告设备科维修,由于该设备已使用5年多处于超预期使用状态长期临床使用造成压力传感器老化故障无法识别管路内压力值导致设备报警提示阻塞
1223401032024000714,严重伤害,[CLS]背部固定卡子断裂设备掉落输液皮条及电源线受到拉拽部分脱出病人和护士收到惊吓[SEP]背部固定卡子断裂设备掉落输液皮条及电源线受到拉拽部分脱出有严重进气风险[SEP]4月9日我院消化科14床病人龙某金治疗期间所使用的注射泵背部固定卡子断裂设备掉落输液皮条及电源线受到拉拽部分脱出有严重进气风险病人和护士收到严重惊吓要求对设备进行外观及性能检测[SEP],背部固定卡子断裂设备掉落输液皮条及电源线受到拉拽部分脱出病人和护士收到惊吓,背部固定卡子断裂设备掉落输液皮条及电源线受到拉拽部分脱出有严重进气风险,4月9日我院消化科14床病人龙某金治疗期间所使用的注射泵背部固定卡子断裂设备掉落输液皮条及电源线受到拉拽部分脱出有严重进气风险病人和护士收到严重惊吓要求对设备进行外观及性能检测,产品原因（包括说明书等）,设备零部件脆化耐久度不足,背部固定卡子断裂设备掉落输液皮条及电源线受到拉拽部分脱出病人和护士收到惊吓,[CLS]背部固定卡子断裂设备掉落输液皮条及电源线受到拉拽部分脱出病人和护士收到惊吓[SEP]背部固定卡子断裂设备掉落输液皮条及电源线受到拉拽部分脱出有严重进气风险[SEP]4月9日我院消化科14床病人龙某金治疗期间所使用的注射泵背部固定卡子断裂设备掉落输液皮条及电源线受到拉拽部分脱出有严重进气风险病人和护士收到严重惊吓要求对设备进行外观及性能检测[SEP],背部固定卡子断裂设备掉落输液皮条及电源线受到拉拽部分脱出有严重进气风险,4月9日我院消化科14床病人龙某金治疗期间所使用的注射泵背部固定卡子断裂设备掉落输液皮条及电源线受到拉拽部分脱出有严重进气风险病人和护士收到严重惊吓要求对设备进行外观及性能检测,院方上报为严重伤害根据严重伤害的定义我司认为应为其他1因该设备已使用超过5年处于超寿命期使用状态故障发生时注射泵从支架上脱落科室立即更换其他设备继续注射未对人体造成伤害2长期临床使用频繁旋转紧固夹导致紧固夹损伤断裂设备无法稳定固定在支架上
1376108012024000081,严重伤害,[CLS]无[SEP]D040505_流速不准[SEP]20231211医务人员准备使用注射泵时发现流速过快停止使用及时更换此事件的发生因医务人员发现及时未发生伤害事件考虑此产品经过维护和保养后再次使用时如出现同类故障有可能给患者造成严重伤害[SEP],无,D040505_流速不准,20231211医务人员准备使用注射泵时发现流速过快停止使用及时更换此事件的发生因医务人员发现及时未发生伤害事件考虑此产品经过维护和保养后再次使用时如出现同类故障有可能给患者造成严重伤害,产品原因（包括说明书等）,多考虑1产品本身存在缺陷2操作人员未按产品说明书对产品进行维护和保养,无,[CLS]无[SEP]D040505_流速不准[SEP]20231211医务人员准备使用注射泵时发现流速过快停止使用及时更换此事件的发生因医务人员发现及时未发生伤害事件考虑此产品经过维护和保养后再次使用时如出现同类故障有可能给患者造成严重伤害[SEP],D040505_流速不准,20231211医务人员准备使用注射泵时发现流速过快停止使用及时更换此事件的发生因医务人员发现及时未发生伤害事件考虑此产品经过维护和保养后再次使用时如出现同类故障有可能给患者造成严重伤害,院方上报为严重伤害根据严重伤害的定义我司认为应为其他1医务人员及时发现注射速度异常立即停止使用更换其他设备继续注射未对人体造成伤害2由于医院长期未进行注射器校准导致注射速度的偏差超出正常范围重新校准可恢复正常
1274204002024000127,其他,[CLS]null[SEP]注射泵无法启动[SEP]器械使用时间20240218使用目的定时定量注射药物使用依据注射泵通过控制使用情况较频繁出现的不良事件情况进行注射药物时按启动键无反应对受害者影响有无采取的治疗措施停止使用设备交医院设备科检修[SEP],null,注射泵无法启动,器械使用时间20240218使用目的定时定量注射药物使用依据注射泵通过控制使用情况较频繁出现的不良事件情况进行注射药物时按启动键无反应对受害者影响有无采取的治疗措施停止使用设备交医院设备科检修,产品原因（包括说明书等）,注射泵限位杆处断裂导致内部识别注射器大小传感器部分松动设备无法识别到注射器且无报警,null,[CLS]null[SEP]注射泵无法启动[SEP]器械使用时间20240218使用目的定时定量注射药物使用依据注射泵通过控制使用情况较频繁出现的不良事件情况进行注射药物时按启动键无反应对受害者影响有无采取的治疗措施停止使用设备交医院设备科检修[SEP],注射泵无法启动,器械使用时间20240218使用目的定时定量注射药物使用依据注射泵通过控制使用情况较频繁出现的不良事件情况进行注射药物时按启动键无反应对受害者影响有无采取的治疗措施停止使用设备交医院设备科检修,因该设备已使用10年处于超寿命期使用状态临床长期使用导致捏柄老化断裂无法固定注射器导致传感器无法识别注射器的规格与位置从而启动失效
1274204002024000132,其他,[CLS]null[SEP]输液泵无法正常使用启动自动完成[SEP]器械使用时间20240220使用目的进行定时定量输液使用依据输液泵可以定时定量进行输液使用情况频繁出现的不良事件情况2024220日在准备使用输液泵输液时点击启动后自动报警完成导致无法正常完成输液问题出现后立刻关停设备交设备科处理对受害者影响有无采取的治疗措施停用设备交设备科处理换用备用设备[SEP],null,输液泵无法正常使用启动自动完成,器械使用时间20240220使用目的进行定时定量输液使用依据输液泵可以定时定量进行输液使用情况频繁出现的不良事件情况2024220日在准备使用输液泵输液时点击启动后自动报警完成导致无法正常完成输液问题出现后立刻关停设备交设备科处理对受害者影响有无采取的治疗措施停用设备交设备科处理换用备用设备,产品原因（包括说明书等）,经检修内部一处线缆插头位置松动导致机器无法工作,null,[CLS]null[SEP]输液泵无法正常使用启动自动完成[SEP]器械使用时间20240220使用目的进行定时定量输液使用依据输液泵可以定时定量进行输液使用情况频繁出现的不良事件情况2024220日在准备使用输液泵输液时点击启动后自动报警完成导致无法正常完成输液问题出现后立刻关停设备交设备科处理对受害者影响有无采取的治疗措施停用设备交设备科处理换用备用设备[SEP],输液泵无法正常使用启动自动完成,器械使用时间20240220使用目的进行定时定量输液使用依据输液泵可以定时定量进行输液使用情况频繁出现的不良事件情况2024220日在准备使用输液泵输液时点击启动后自动报警完成导致无法正常完成输液问题出现后立刻关停设备交设备科处理对受害者影响有无采取的治疗措施停用设备交设备科处理换用备用设备,因该设备已使用10年处于超寿命期使用状态长期临床使用导致内部长电位器插头松动设备未检测到长电位器信号认为已经注射完毕发出报警信号
1274206002024000049,其他,[CLS]无[SEP]null[SEP]普外一2024年3月11日遵医嘱予以奥曲肽静脉泵入连接电源显示低电压一直报警无法正常使用更换另一台微量泵泵入药物并联系医学装备部维修[SEP],无,null,普外一2024年3月11日遵医嘱予以奥曲肽静脉泵入连接电源显示低电压一直报警无法正常使用更换另一台微量泵泵入药物并联系医学装备部维修,产品原因（包括说明书等）,工程师认为主板和电源板连接不合理,无,[CLS]无[SEP]null[SEP]普外一2024年3月11日遵医嘱予以奥曲肽静脉泵入连接电源显示低电压一直报警无法正常使用更换另一台微量泵泵入药物并联系医学装备部维修[SEP],null,普外一2024年3月11日遵医嘱予以奥曲肽静脉泵入连接电源显示低电压一直报警无法正常使用更换另一台微量泵泵入药物并联系医学装备部维修,由于该设备已使用10年处于超寿命期使用状态故障原因可能为设备老化与长期临床使用可能导致电源板电源模块焊接引脚松动使电源板无法正常供电从而发出低电压报警
1253717032024000181,其他,[CLS]无[SEP]科室人员检查设备时发现夹持杆断裂没有给患者造成不良现象报设备科维修[SEP]20240308科室人员检查设备时发现夹持杆断裂没有给患者造成不良现象报设备科维修[SEP],无,科室人员检查设备时发现夹持杆断裂没有给患者造成不良现象报设备科维修,20240308科室人员检查设备时发现夹持杆断裂没有给患者造成不良现象报设备科维修,产品原因（包括说明书等）,科室人员检查设备时发现夹持杆断裂没有给患者造成不良现象报设备科维修,无,[CLS]无[SEP]科室人员检查设备时发现夹持杆断裂没有给患者造成不良现象报设备科维修[SEP]20240308科室人员检查设备时发现夹持杆断裂没有给患者造成不良现象报设备科维修[SEP],科室人员检查设备时发现夹持杆断裂没有给患者造成不良现象报设备科维修,20240308科室人员检查设备时发现夹持杆断裂没有给患者造成不良现象报设备科维修,由于该设备已使用超过5年处于超预期使用状态长期临床使用频繁旋转紧固夹导致紧固夹损伤不能将设备稳定固定在支架上
1274201022024000130,其他,[CLS]无伤害[SEP]无法使用[SEP]20240318设备维护时发现夹子损坏联系维修已经维修好[SEP],无伤害,无法使用,20240318设备维护时发现夹子损坏联系维修已经维修好,产品原因（包括说明书等）,配件故障,无伤害,[CLS]无伤害[SEP]无法使用[SEP]20240318设备维护时发现夹子损坏联系维修已经维修好[SEP],无法使用,20240318设备维护时发现夹子损坏联系维修已经维修好,由于该设备已超5年使用寿命期处于超预期使用状态长期临床使用频繁捏合捏柄导致捏柄材质老化开裂而捏柄是固定注射器推杆尾端的装置部件之一控制注射泵的注射器夹张开与闭合当其损伤后无法调节离合器位置
1376104002024000100,其他,[CLS]无[SEP]异常报警[SEP]护士在给患者接入注射泵时注射泵异常报警[SEP],无,异常报警,护士在给患者接入注射泵时注射泵异常报警,无法确定,经检测判断为注射泵内部导联线脱落导致注射泵异常报警,无,[CLS]无[SEP]异常报警[SEP]护士在给患者接入注射泵时注射泵异常报警[SEP],异常报警,护士在给患者接入注射泵时注射泵异常报警,根据故障情况分析压力传感器插头松动的原因可能为临床搬动与转运过程中设备受到跌宕震动导致内部压力传感器插头松动压力值信号传输异常造成报警
1253701122024000158,其他,[CLS]未造成伤害[SEP]针管夹断裂[SEP]2024年3月5日注射泵在使用过程中针管夹断裂导致无法正常注射药物科室工作人员已为患儿更换注射泵使用并向设备管理部报修未对患儿造成影响[SEP],未造成伤害,针管夹断裂,2024年3月5日注射泵在使用过程中针管夹断裂导致无法正常注射药物科室工作人员已为患儿更换注射泵使用并向设备管理部报修未对患儿造成影响,无法确定,设备管理部工程师接报修后到达科室检查设备分析故障原因为注射泵针管夹老化导致断裂,未造成伤害,[CLS]未造成伤害[SEP]针管夹断裂[SEP]2024年3月5日注射泵在使用过程中针管夹断裂导致无法正常注射药物科室工作人员已为患儿更换注射泵使用并向设备管理部报修未对患儿造成影响[SEP],针管夹断裂,2024年3月5日注射泵在使用过程中针管夹断裂导致无法正常注射药物科室工作人员已为患儿更换注射泵使用并向设备管理部报修未对患儿造成影响,因该设备已使用超过5年处于超寿命期使用状态长期临床使用压杆老化开裂无法正常固定注射器
1253717032024000233,严重伤害,[CLS]滴注量不准易造成给药不精准影响疗效延误患者病情治疗[SEP]设备速率存在误差[SEP]20240325设备科工作人员在对设备进行季度保养检修时发现设备速率存在误差不能正常对病人进行注射液体[SEP],滴注量不准易造成给药不精准影响疗效延误患者病情治疗,设备速率存在误差,20240325设备科工作人员在对设备进行季度保养检修时发现设备速率存在误差不能正常对病人进行注射液体,产品原因（包括说明书等）,设备速率存在误差,滴注量不准易造成给药不精准影响疗效延误患者病情治疗,[CLS]滴注量不准易造成给药不精准影响疗效延误患者病情治疗[SEP]设备速率存在误差[SEP]20240325设备科工作人员在对设备进行季度保养检修时发现设备速率存在误差不能正常对病人进行注射液体[SEP],设备速率存在误差,20240325设备科工作人员在对设备进行季度保养检修时发现设备速率存在误差不能正常对病人进行注射液体,院方上报为严重伤害根据严重伤害的定义我司认为应为其他1该不良事件是设备科对设备进行保养检修时发现对设备重新校准后恢复正常未对使用者造成伤害2由于医院长期未进行注射器校准且处于超寿命期使用状态导致注射速度的偏差超出正常范围重新校准可恢复正常
1386204092023000995,其他,[CLS]无[SEP]频繁报警流速不准[SEP]使用前检查时设备频繁报警流速不准[SEP],无,频繁报警流速不准,使用前检查时设备频繁报警流速不准,"产品原因（包括说明书等）,无法确定",初步判断为系统故障,无,[CLS]无[SEP]频繁报警流速不准[SEP]使用前检查时设备频繁报警流速不准[SEP],频繁报警流速不准,使用前检查时设备频繁报警流速不准,因设置的注射速度超出相应规格注射器的最大流速导致设备无法正确识别发出速度错误报警
1386204092023000994,其他,[CLS]无[SEP]卡夹无法紧闭[SEP]设备使用前检查时发现卡夹无法紧闭[SEP],无,卡夹无法紧闭,设备使用前检查时发现卡夹无法紧闭,"产品原因（包括说明书等）,无法确定",初步判断为卡夹内弹簧失活或掉落,无,[CLS]无[SEP]卡夹无法紧闭[SEP]设备使用前检查时发现卡夹无法紧闭[SEP],卡夹无法紧闭,设备使用前检查时发现卡夹无法紧闭,由于该设备已使用超过5年处于超预期使用状态长期使用导致捏柄弹簧失活从而无法固定离合器位置
1386204092023001001,其他,[CLS]无[SEP]设备开机后频繁报警[SEP]设备开机后频繁报警立即停止使用并换用正常的注射泵[SEP],无,设备开机后频繁报警,设备开机后频繁报警立即停止使用并换用正常的注射泵,"产品原因（包括说明书等）,无法确定",初步判断为自检不过,无,[CLS]无[SEP]设备开机后频繁报警[SEP]设备开机后频繁报警立即停止使用并换用正常的注射泵[SEP],设备开机后频繁报警,设备开机后频繁报警立即停止使用并换用正常的注射泵,由于该设备已使用超过5年处于超预期使用状态设备内部的压力检测值可能因缺乏校准维护导致出现偏差引发了堵塞报警
1386204092024000143,其他,[CLS]使用过程中显示泵的压力过高无法正常使用[SEP]泵的压力过高[SEP]护理老师在给患者输液需要用到输液泵在使用过程中无法正常使用故障报修[SEP],使用过程中显示泵的压力过高无法正常使用,泵的压力过高,护理老师在给患者输液需要用到输液泵在使用过程中无法正常使用故障报修,无法确定,使用过程中显示泵的压力过高无法正常使用,使用过程中显示泵的压力过高无法正常使用,[CLS]使用过程中显示泵的压力过高无法正常使用[SEP]泵的压力过高[SEP]护理老师在给患者输液需要用到输液泵在使用过程中无法正常使用故障报修[SEP],泵的压力过高,护理老师在给患者输液需要用到输液泵在使用过程中无法正常使用故障报修,由于该设备已使用超过5年处于超预期使用状态设备内部的压力检测值可能因缺乏校准维护导致出现偏差引发了堵塞报警
1386204092023000996,其他,[CLS]无[SEP]显示屏无数字显示[SEP]设备开机后电源正常显示器有亮的痕迹无显示[SEP],无,显示屏无数字显示,设备开机后电源正常显示器有亮的痕迹无显示,"产品原因（包括说明书等）,无法确定",初步判断为显示器故障,无,[CLS]无[SEP]显示屏无数字显示[SEP]设备开机后电源正常显示器有亮的痕迹无显示[SEP],显示屏无数字显示,设备开机后电源正常显示器有亮的痕迹无显示,由于该设备已使用超过5年处于超预期使用状态长期临床使用频繁搬动设备设备内部线缆震动导致显示器连接线松动
1386204092024000134,其他,[CLS]使用过程中发现夹持输液器的夹子无法旋转不能正常使用[SEP]持输液器的夹子无法旋转[SEP]护理老师在给患者输液需要用到输液泵在使用过程中持输液器的夹子无法旋转无法正常使用故障报修[SEP],使用过程中发现夹持输液器的夹子无法旋转不能正常使用,持输液器的夹子无法旋转,护理老师在给患者输液需要用到输液泵在使用过程中持输液器的夹子无法旋转无法正常使用故障报修,无法确定,持输液器的夹子无法旋转,使用过程中发现夹持输液器的夹子无法旋转不能正常使用,[CLS]使用过程中发现夹持输液器的夹子无法旋转不能正常使用[SEP]持输液器的夹子无法旋转[SEP]护理老师在给患者输液需要用到输液泵在使用过程中持输液器的夹子无法旋转无法正常使用故障报修[SEP],持输液器的夹子无法旋转,护理老师在给患者输液需要用到输液泵在使用过程中持输液器的夹子无法旋转无法正常使用故障报修,由于该设备已使用超过5年处于超预期使用状态长期临床使用频繁扭动紧固夹旋钮螺丝表面螺纹钝化导致滑丝无法正常固定设备
1162107002024000131,其他,[CLS]无伤害事件发生[SEP]设备手柄损坏[SEP]工作人员对设备进行日常检查时发现设备手柄损坏无法正常使用随即和工程师联系进行报修未造成不良影响[SEP],无伤害事件发生,设备手柄损坏,工作人员对设备进行日常检查时发现设备手柄损坏无法正常使用随即和工程师联系进行报修未造成不良影响,无法确定,无法确定事件原因,无伤害事件发生,[CLS]无伤害事件发生[SEP]设备手柄损坏[SEP]工作人员对设备进行日常检查时发现设备手柄损坏无法正常使用随即和工程师联系进行报修未造成不良影响[SEP],设备手柄损坏,工作人员对设备进行日常检查时发现设备手柄损坏无法正常使用随即和工程师联系进行报修未造成不良影响,由于该设备已超五年使用寿命期处于超预期使用状态长期临床使用频繁捏合捏柄导致捏柄材质老化开裂而捏柄是固定注射器推杆尾端的装置部件之一控制注射泵的注射器夹张开与闭合当其损伤后无法调节离合器位置
1253717032024000128,其他,[CLS]无[SEP]设备不通电[SEP]20240218科室工作人员在使用前对设备检查时候发现设备不通电无法正常开机使用通知设备科到场进行检修[SEP],无,设备不通电,20240218科室工作人员在使用前对设备检查时候发现设备不通电无法正常开机使用通知设备科到场进行检修,产品原因（包括说明书等）,设备电源线有折断导致无法正常通电开机,无,[CLS]无[SEP]设备不通电[SEP]20240218科室工作人员在使用前对设备检查时候发现设备不通电无法正常开机使用通知设备科到场进行检修[SEP],设备不通电,20240218科室工作人员在使用前对设备检查时候发现设备不通电无法正常开机使用通知设备科到场进行检修,由于该设备已使用超过5年处于超预期使用状态长期临床使用频繁拉扯弯折电源线导致电源线外表皮破损内部电线断裂无法正常为设备传递交流电
1141408142024000034,其他,[CLS]无[SEP]null[SEP]使用时显示阻塞报警机器内部程序出现错误[SEP],无,null,使用时显示阻塞报警机器内部程序出现错误,产品原因（包括说明书等）,null,无,[CLS]无[SEP]null[SEP]使用时显示阻塞报警机器内部程序出现错误[SEP],null,使用时显示阻塞报警机器内部程序出现错误,因顾客使用不当造成注射泵内部浸液下通道主板发生短路下通道故障导致设备发出堵塞报警
1294410002024000084,其他,[CLS]微泵推注抗癫痫药物暂停但未形成癫痫发作[SEP]微泵推药的拉杆故障药物暂停[SEP]患者行经导管颅内动脉瘤支架辅助栓寨术脑血管造影术后常规进行尼莫同微泵注药防止血管痉挛在使用注射泵仪时报警器报警护理工作人员进行检查发现推药的拉杆故障致药物暂停即予更换另一微泵继续使用[SEP],微泵推注抗癫痫药物暂停但未形成癫痫发作,微泵推药的拉杆故障药物暂停,患者行经导管颅内动脉瘤支架辅助栓寨术脑血管造影术后常规进行尼莫同微泵注药防止血管痉挛在使用注射泵仪时报警器报警护理工作人员进行检查发现推药的拉杆故障致药物暂停即予更换另一微泵继续使用,产品原因（包括说明书等）,经检查是微泵推药的拉杆故障导致推注暂停,微泵推注抗癫痫药物暂停但未形成癫痫发作,[CLS]微泵推注抗癫痫药物暂停但未形成癫痫发作[SEP]微泵推药的拉杆故障药物暂停[SEP]患者行经导管颅内动脉瘤支架辅助栓寨术脑血管造影术后常规进行尼莫同微泵注药防止血管痉挛在使用注射泵仪时报警器报警护理工作人员进行检查发现推药的拉杆故障致药物暂停即予更换另一微泵继续使用[SEP],微泵推药的拉杆故障药物暂停,患者行经导管颅内动脉瘤支架辅助栓寨术脑血管造影术后常规进行尼莫同微泵注药防止血管痉挛在使用注射泵仪时报警器报警护理工作人员进行检查发现推药的拉杆故障致药物暂停即予更换另一微泵继续使用,1FPC线的功能之一是负责传递离合检测信号损坏后造成检测信号中断发生离合故障报警报警后设备不能注射药物无法正常使用2FPC线损坏的原因分析是生产过程中内部FPC线未固定结实产生晃动FPC线与周围电路板摩擦导致磨损
1203203102024000015,其他,[CLS]null[SEP]注射器固定架断裂[SEP]注射器固定架断裂[SEP],null,注射器固定架断裂,注射器固定架断裂,产品原因（包括说明书等）,null,null,[CLS]null[SEP]注射器固定架断裂[SEP]注射器固定架断裂[SEP],注射器固定架断裂,注射器固定架断裂,由于该设备已使用超过5年处于超预期使用状态长期临床使用频繁旋转紧固夹导致紧固夹损伤不能将设备稳定固定在支架上
1253718032024000039,其他,[CLS]null[SEP]使用时出现速度不准确情况[SEP]2024年1月12日在肾脏内科大夫在给病人使用时出现速度不准确情况科室给医工部报修后工程师发现设备系统出现紊乱重新更换系统模式并校准后可正常使用未给病人造成影响[SEP],null,使用时出现速度不准确情况,2024年1月12日在肾脏内科大夫在给病人使用时出现速度不准确情况科室给医工部报修后工程师发现设备系统出现紊乱重新更换系统模式并校准后可正常使用未给病人造成影响,产品原因（包括说明书等）,设备系统出现紊乱,null,[CLS]null[SEP]使用时出现速度不准确情况[SEP]2024年1月12日在肾脏内科大夫在给病人使用时出现速度不准确情况科室给医工部报修后工程师发现设备系统出现紊乱重新更换系统模式并校准后可正常使用未给病人造成影响[SEP],使用时出现速度不准确情况,2024年1月12日在肾脏内科大夫在给病人使用时出现速度不准确情况科室给医工部报修后工程师发现设备系统出现紊乱重新更换系统模式并校准后可正常使用未给病人造成影响,由于该设备长期未进行注射器校准设备内存储的注射器参数与实际注射器参数不一致导致实际流速与设定流速的误差超出允许范围
1274201022024000040,其他,[CLS]无[SEP]注射泵推杆的卡扣故障[SEP]注射泵推杆的卡扣故障[SEP],无,注射泵推杆的卡扣故障,注射泵推杆的卡扣故障,无法确定,null,无,[CLS]无[SEP]注射泵推杆的卡扣故障[SEP]注射泵推杆的卡扣故障[SEP],注射泵推杆的卡扣故障,注射泵推杆的卡扣故障,由于该设备已超五年使用寿命期处于超预期使用状态长期临床使用频繁捏合捏柄导致捏柄材质老化开裂而捏柄是固定注射器推杆尾端的装置部件之一控制注射泵的注射器夹张开与闭合当其损伤后无法调节离合器位置
1253701012024000052,其他,[CLS]未造成伤害[SEP]注射泵顶端卡扣损坏[SEP]2024年02月02日0820我院手术室护士在日常检查注射泵时发现该注射泵顶端卡扣损坏考虑到可能会导致注射器推进不顺容易造成液体计量不准遂立即上报设备科设备科人员拆卸后发现卡扣及内部齿轮均为注塑材质本身误差较大容易产生彼此之间的阻碍因此立即维修更换卡扣配件经设备科人员更换后故障解除后上报医疗器械不良事件[SEP],未造成伤害,注射泵顶端卡扣损坏,2024年02月02日0820我院手术室护士在日常检查注射泵时发现该注射泵顶端卡扣损坏考虑到可能会导致注射器推进不顺容易造成液体计量不准遂立即上报设备科设备科人员拆卸后发现卡扣及内部齿轮均为注塑材质本身误差较大容易产生彼此之间的阻碍因此立即维修更换卡扣配件经设备科人员更换后故障解除后上报医疗器械不良事件,产品原因（包括说明书等）,注射泵卡扣损坏考虑为产品质量存在问题,未造成伤害,[CLS]未造成伤害[SEP]注射泵顶端卡扣损坏[SEP]2024年02月02日0820我院手术室护士在日常检查注射泵时发现该注射泵顶端卡扣损坏考虑到可能会导致注射器推进不顺容易造成液体计量不准遂立即上报设备科设备科人员拆卸后发现卡扣及内部齿轮均为注塑材质本身误差较大容易产生彼此之间的阻碍因此立即维修更换卡扣配件经设备科人员更换后故障解除后上报医疗器械不良事件[SEP],注射泵顶端卡扣损坏,2024年02月02日0820我院手术室护士在日常检查注射泵时发现该注射泵顶端卡扣损坏考虑到可能会导致注射器推进不顺容易造成液体计量不准遂立即上报设备科设备科人员拆卸后发现卡扣及内部齿轮均为注塑材质本身误差较大容易产生彼此之间的阻碍因此立即维修更换卡扣配件经设备科人员更换后故障解除后上报医疗器械不良事件,由于该设备已超五年使用寿命期处于超预期使用状态长期临床使用频繁捏合捏柄导致捏柄材质老化开裂而捏柄是固定注射器推杆尾端的装置部件之一控制注射泵的注射器夹张开与闭合当其损伤后无法调节离合器位置
1406501052024000014,其他,[CLS]未造成任何人员伤害[SEP]注射泵夹子断裂[SEP]护士使用时发现注射泵夹子出现裂口无法继续使用[SEP],未造成任何人员伤害,注射泵夹子断裂,护士使用时发现注射泵夹子出现裂口无法继续使用,产品原因（包括说明书等）,塑料材质夹子长期使用变脆断裂,未造成任何人员伤害,[CLS]未造成任何人员伤害[SEP]注射泵夹子断裂[SEP]护士使用时发现注射泵夹子出现裂口无法继续使用[SEP],注射泵夹子断裂,护士使用时发现注射泵夹子出现裂口无法继续使用,由于该设备已超五年使用寿命期处于超预期使用状态长期临床使用频繁捏合捏柄导致捏柄材质老化开裂而捏柄是固定注射器推杆尾端的装置部件之一控制注射泵的注射器夹张开与闭合当其损伤后无法调节离合器位置
1386204092024000142,其他,[CLS]科室老师开机后发现屏幕不亮[SEP]屏幕不亮[SEP]科室老师开机后发现屏幕不亮遂立即报修[SEP],科室老师开机后发现屏幕不亮,屏幕不亮,科室老师开机后发现屏幕不亮遂立即报修,无法确定,科室老师开机后发现屏幕不亮,科室老师开机后发现屏幕不亮,[CLS]科室老师开机后发现屏幕不亮[SEP]屏幕不亮[SEP]科室老师开机后发现屏幕不亮遂立即报修[SEP],屏幕不亮,科室老师开机后发现屏幕不亮遂立即报修,由于该设备已使用超过5年处于超预期使用状态长期临床使用导致触发开关老化损坏无法触发开机
1386204092024000133,其他,[CLS]使用过程中报警暂停无法继续使用[SEP]报警暂停开始按钮无反应[SEP]护理老师在给患者输液需要用到输液泵在使用过程中无法正常使用故障报修[SEP],使用过程中报警暂停无法继续使用,报警暂停开始按钮无反应,护理老师在给患者输液需要用到输液泵在使用过程中无法正常使用故障报修,无法确定,报警暂停开始按钮无反应,使用过程中报警暂停无法继续使用,[CLS]使用过程中报警暂停无法继续使用[SEP]报警暂停开始按钮无反应[SEP]护理老师在给患者输液需要用到输液泵在使用过程中无法正常使用故障报修[SEP],报警暂停开始按钮无反应,护理老师在给患者输液需要用到输液泵在使用过程中无法正常使用故障报修,1因设备短电位器插头松动导致无法通过注射器筒径识别注射器的规格因而无法启动设备正常工作2由于该设备已使用超过5年处于超预期使用状态长期临床使用频繁搬动设备设备内部线缆震动导致短电位器线插头松动
1253715022024000046,其他,[CLS]延误患者治疗[SEP]按键失灵[SEP]2024年2月19日上午神经外一科护士在准备使用注射泵时按动按键无反应科室立即停止设备使用使用其他备用设备立即报修设备科[SEP],延误患者治疗,按键失灵,2024年2月19日上午神经外一科护士在准备使用注射泵时按动按键无反应科室立即停止设备使用使用其他备用设备立即报修设备科,产品原因（包括说明书等）,按键故障怀疑元件质量问题,延误患者治疗,[CLS]延误患者治疗[SEP]按键失灵[SEP]2024年2月19日上午神经外一科护士在准备使用注射泵时按动按键无反应科室立即停止设备使用使用其他备用设备立即报修设备科[SEP],按键失灵,2024年2月19日上午神经外一科护士在准备使用注射泵时按动按键无反应科室立即停止设备使用使用其他备用设备立即报修设备科,因顾客使用不当造成注射泵内部浸液主控板发生短路按键信号无法传输
1386204092024000095,其他,[CLS]null[SEP]D1204_机械卡塞[SEP]护士用注射泵给病人输液时发现注射泵显示离合故障无法给病人完成输液随更换另外一台设备完成病人输液随后上报运维中心[SEP],null,D1204_机械卡塞,护士用注射泵给病人输液时发现注射泵显示离合故障无法给病人完成输液随更换另外一台设备完成病人输液随后上报运维中心,"产品原因（包括说明书等）,无法确定",设备离合故障,null,[CLS]null[SEP]D1204_机械卡塞[SEP]护士用注射泵给病人输液时发现注射泵显示离合故障无法给病人完成输液随更换另外一台设备完成病人输液随后上报运维中心[SEP],D1204_机械卡塞,护士用注射泵给病人输液时发现注射泵显示离合故障无法给病人完成输液随更换另外一台设备完成病人输液随后上报运维中心,该设备长期使用导致FPC线与内部线路摩擦老化破损而FPC线是负责传递离合检测信号损坏后造成检测信号中断从而发生报警
1253706002024000187,严重伤害,[CLS]重症室病人治疗中注射泵离合故障无法进行治疗耽误病人治疗[SEP]重症室病人治疗中注射泵离合故障无法进行治疗耽误病人治疗[SEP]重症室病人治疗中注射泵离合故障无法进行治疗耽误病人治疗[SEP],重症室病人治疗中注射泵离合故障无法进行治疗耽误病人治疗,重症室病人治疗中注射泵离合故障无法进行治疗耽误病人治疗,重症室病人治疗中注射泵离合故障无法进行治疗耽误病人治疗,产品原因（包括说明书等）,重症室病人治疗中注射泵离合故障无法进行治疗耽误病人治疗,重症室病人治疗中注射泵离合故障无法进行治疗耽误病人治疗,[CLS]重症室病人治疗中注射泵离合故障无法进行治疗耽误病人治疗[SEP]重症室病人治疗中注射泵离合故障无法进行治疗耽误病人治疗[SEP]重症室病人治疗中注射泵离合故障无法进行治疗耽误病人治疗[SEP],重症室病人治疗中注射泵离合故障无法进行治疗耽误病人治疗,重症室病人治疗中注射泵离合故障无法进行治疗耽误病人治疗,院方上报的是严重伤害根据严重伤害的定义我司认为应为其他1问题发生时设备发出离合故障报警设备会自动停止运行并发出声光字三种提示信息提醒操作人员进行干预未对人体造成伤害2该设备长期使用导致FPC线与内部线路摩擦老化破损而FPC线是负责传递离合检测信号损坏后造成检测信号中断从而发生报警
1253717032024000118,严重伤害,[CLS]无[SEP]设备离合未闭不能正常使用[SEP]2024年1月31日肿瘤科在使用该设备时发现该设备离合未闭不能正常使用随即报修至器械科因有备用设备未对患者造成不良影响[SEP],无,设备离合未闭不能正常使用,2024年1月31日肿瘤科在使用该设备时发现该设备离合未闭不能正常使用随即报修至器械科因有备用设备未对患者造成不良影响,无法确定,原因不明无法确定,无,[CLS]无[SEP]设备离合未闭不能正常使用[SEP]2024年1月31日肿瘤科在使用该设备时发现该设备离合未闭不能正常使用随即报修至器械科因有备用设备未对患者造成不良影响[SEP],设备离合未闭不能正常使用,2024年1月31日肿瘤科在使用该设备时发现该设备离合未闭不能正常使用随即报修至器械科因有备用设备未对患者造成不良影响,院方上报的是严重伤害根据严重伤害的定义我司认为应为其他1问题发生时设备发出离合未闭故障报警设备会自动停止运行并发出声光字三种提示信息提醒操作人员进行干预未对人体造成伤害2该设备长期使用导致FPC线与内部线路摩擦老化破损而FPC线功能为传递离合检测信号损坏后造成检测信号中断从而发生报警
1253715022024000021,其他,[CLS]null[SEP]D1207_机械故障[SEP]2024年1月2日科室工作人员使用设备对患者进行静脉输注时设备报堵塞立即更换同类型设备被联系设备科进行维修[SEP],null,D1207_机械故障,2024年1月2日科室工作人员使用设备对患者进行静脉输注时设备报堵塞立即更换同类型设备被联系设备科进行维修,产品原因（包括说明书等）,null,null,[CLS]null[SEP]D1207_机械故障[SEP]2024年1月2日科室工作人员使用设备对患者进行静脉输注时设备报堵塞立即更换同类型设备被联系设备科进行维修[SEP],D1207_机械故障,2024年1月2日科室工作人员使用设备对患者进行静脉输注时设备报堵塞立即更换同类型设备被联系设备科进行维修,1经售后工程师拆机检查内部压力传感器插头松动设备无法检测管路内压力值导致设备提示阻塞报警2压力传感器插头松动的原因分析是由于临床使用时频繁搬动设备设备震动跌宕内部电线晃动导致压力传感器插头松动
1253717032024000052,其他,[CLS]无[SEP]药液没有输完设备就报完成输液[SEP]20240125科室人员使用设备时发现设备报完成但还剩有药液报设备科维修[SEP],无,药液没有输完设备就报完成输液,20240125科室人员使用设备时发现设备报完成但还剩有药液报设备科维修,无法确定,检查发现20ML注射器剩15ML首先进行注射器校准,无,[CLS]无[SEP]药液没有输完设备就报完成输液[SEP]20240125科室人员使用设备时发现设备报完成但还剩有药液报设备科维修[SEP],药液没有输完设备就报完成输液,20240125科室人员使用设备时发现设备报完成但还剩有药液报设备科维修,由于医院长期未进行注射器校准设备内存储的注射器参数与实际上泵的注射器参数不一致设备无法正常控制管路内液体流速导致实际流速小于设定流速输液完成后管路内液体残余量大
1406501052024000008,其他,[CLS]影响病人治疗[SEP]注射泵夹子断裂[SEP]使用时夹子断裂[SEP],影响病人治疗,注射泵夹子断裂,使用时夹子断裂,产品原因（包括说明书等）,夹子采用塑料材质容易断裂,影响病人治疗,[CLS]影响病人治疗[SEP]注射泵夹子断裂[SEP]使用时夹子断裂[SEP],注射泵夹子断裂,使用时夹子断裂,由于该设备已使用11年处于超预期使用状态长期临床使用频繁捏合捏柄捏柄材质老化断裂无法正常固定上泵的注射器
1274204002024000028,其他,[CLS]null[SEP]注射泵的固定支架损坏注射泵无法固定在输液架上[SEP]注射泵的固定支架损坏注射泵无法固定在输液架上[SEP],null,注射泵的固定支架损坏注射泵无法固定在输液架上,注射泵的固定支架损坏注射泵无法固定在输液架上,产品原因（包括说明书等）,注射泵的固定支架老化损害导致注射泵无法固定在输液架上,null,[CLS]null[SEP]注射泵的固定支架损坏注射泵无法固定在输液架上[SEP]注射泵的固定支架损坏注射泵无法固定在输液架上[SEP],注射泵的固定支架损坏注射泵无法固定在输液架上,注射泵的固定支架损坏注射泵无法固定在输液架上,由于该设备已使用8年处于超预期使用状态长期临床使用频繁扭动螺丝螺丝表面螺纹钝化导致滑丝无法正常固定设备
1253717032024000062,严重伤害,[CLS]使用过程中出现注射错误无法保证患者是否精准给药影响患者病情诊治[SEP]注射器错误[SEP]2024年1月16日呼吸内一科使用主设备为患者治疗时设备报警注射器错误无法使用立即更换设备继续为患者治疗使用过程中出现注射错误无法保证患者是否精准给药影响患者病情诊治[SEP],使用过程中出现注射错误无法保证患者是否精准给药影响患者病情诊治,注射器错误,2024年1月16日呼吸内一科使用主设备为患者治疗时设备报警注射器错误无法使用立即更换设备继续为患者治疗使用过程中出现注射错误无法保证患者是否精准给药影响患者病情诊治,产品原因（包括说明书等）,注射器传感器故障,使用过程中出现注射错误无法保证患者是否精准给药影响患者病情诊治,[CLS]使用过程中出现注射错误无法保证患者是否精准给药影响患者病情诊治[SEP]注射器错误[SEP]2024年1月16日呼吸内一科使用主设备为患者治疗时设备报警注射器错误无法使用立即更换设备继续为患者治疗使用过程中出现注射错误无法保证患者是否精准给药影响患者病情诊治[SEP],注射器错误,2024年1月16日呼吸内一科使用主设备为患者治疗时设备报警注射器错误无法使用立即更换设备继续为患者治疗使用过程中出现注射错误无法保证患者是否精准给药影响患者病情诊治,院方上报的是严重伤害根据严重伤害的定义我公司认为应为其他经拆机检查发现传递该信号的FPC连接线故障导致造成检测信号中断引发报警由于该设备已使用6年处于超预期使用状态长期临床使用FPC线老化发生故障
1253715022024000020,严重伤害,[CLS]M1953_阻塞[SEP]D0101_故障提示[SEP]2024年1月18日使用注射泵对患者进行静脉输注时设备报错系统故障科室替换同类设备并联系设备科进行维修[SEP],M1953_阻塞,D0101_故障提示,2024年1月18日使用注射泵对患者进行静脉输注时设备报错系统故障科室替换同类设备并联系设备科进行维修,产品原因（包括说明书等）,排线连接问题,M1953_阻塞,[CLS]M1953_阻塞[SEP]D0101_故障提示[SEP]2024年1月18日使用注射泵对患者进行静脉输注时设备报错系统故障科室替换同类设备并联系设备科进行维修[SEP],D0101_故障提示,2024年1月18日使用注射泵对患者进行静脉输注时设备报错系统故障科室替换同类设备并联系设备科进行维修,院方上报的是严重伤害根据严重伤害的定义我公司认为应为其他1检查内部压力值参数发现注射泵检测到的压力值持续为0即无法检测到压力因此触发报警2拆机发现压力传感器线插头松动导致信号无法正常传递使得压力值持续为0无法检测到压力3插头松动的原因可能是设备转运过程中受到外力碰撞导致插头松动
1131301412024000081,其他,[CLS]无[SEP]无法充电[SEP]20240124日常保养时发现无法充电无法使用报修[SEP],无,无法充电,20240124日常保养时发现无法充电无法使用报修,产品原因（包括说明书等）,日常保养时发现无法充电无法使用,无,[CLS]无[SEP]无法充电[SEP]20240124日常保养时发现无法充电无法使用报修[SEP],无法充电,20240124日常保养时发现无法充电无法使用报修,1经售后工程师检查设备内部电源线模块连接线插头松动无法正常为设备传递电量2连接线插头松动的原因分析是由于临床使用时频繁搬动设备设备震动跌宕内部电线晃动导致连接线插头松动
1376108082024000013,其他,[CLS]无伤害[SEP]D0101_故障提示[SEP]20240109医务人员准备使用注射泵时提示离合未关闭停止使用[SEP],无伤害,D0101_故障提示,20240109医务人员准备使用注射泵时提示离合未关闭停止使用,产品原因（包括说明书等）,多考虑1产品本身存在缺陷2操作人员未按产品说明书对产品进行维护和保养,无伤害,[CLS]无伤害[SEP]D0101_故障提示[SEP]20240109医务人员准备使用注射泵时提示离合未关闭停止使用[SEP],D0101_故障提示,20240109医务人员准备使用注射泵时提示离合未关闭停止使用,1经售后工程师拆机检查发现设备内部FPC线损坏FPC线的功能之一是负责传递离合检测信号损坏后造成检测信号中断发生报警报警后设备不能注射药物无法正常使用2FPC线损坏的原因分析是生产过程中内部FPC线未固定结实产生晃动FPC线与周围电路板摩擦导致磨损
1203212002024000015,其他,[CLS]无[SEP]堵塞报警[SEP]东院区31病区30床患者进行药物治疗时机器一直出现堵塞报警无法消除[SEP],无,堵塞报警,东院区31病区30床患者进行药物治疗时机器一直出现堵塞报警无法消除,产品原因（包括说明书等）,机器故障,无,[CLS]无[SEP]堵塞报警[SEP]东院区31病区30床患者进行药物治疗时机器一直出现堵塞报警无法消除[SEP],堵塞报警,东院区31病区30床患者进行药物治疗时机器一直出现堵塞报警无法消除,1售后工程师拆机检查发现设备内部压力传感器发生故障2由于该设备已使用10年处于超预期使用状态长期临床使用压力传感器老化发生故障无法正常检测管路内压力值导致设备运行时报警阻塞
1376108082024000012,其他,[CLS]无伤害[SEP]D0101_故障提示[SEP]20240109医务人员准备使用注射泵在调试过程中提示离合未关闭停止使用[SEP],无伤害,D0101_故障提示,20240109医务人员准备使用注射泵在调试过程中提示离合未关闭停止使用,产品原因（包括说明书等）,多考虑1产品本身存在缺陷2操作人员未按产品说明书对产品进行维护和保养,无伤害,[CLS]无伤害[SEP]D0101_故障提示[SEP]20240109医务人员准备使用注射泵在调试过程中提示离合未关闭停止使用[SEP],D0101_故障提示,20240109医务人员准备使用注射泵在调试过程中提示离合未关闭停止使用,1经售后工程师拆机检查发现设备内部FPC线松动FPC线的功能之一是负责传递离合检测信号损坏后造成检测信号中断发生报警报警后设备不能注射药物无法正常使用2FPC线松动的原因分析是由于长期临床使用频繁搬动设备设备震动跌宕内部电线晃动导致FPC线松动
1406501052024000009,其他,[CLS]影响病人治疗[SEP]注射泵夹子断裂[SEP]护士使用过程中夹子断裂无法继续正常使用[SEP],影响病人治疗,注射泵夹子断裂,护士使用过程中夹子断裂无法继续正常使用,产品原因（包括说明书等）,夹子为塑料材质容易断裂,影响病人治疗,[CLS]影响病人治疗[SEP]注射泵夹子断裂[SEP]护士使用过程中夹子断裂无法继续正常使用[SEP],注射泵夹子断裂,护士使用过程中夹子断裂无法继续正常使用,由于该设备已使用10年处于超预期使用状态长期临床使用频繁捏合捏柄捏柄材质老化开裂
1406501052024000011,其他,[CLS]null[SEP]注射泵夹子断裂[SEP]护士在使用时发现夹子出现裂口无法继续使用影响病人治疗[SEP],null,注射泵夹子断裂,护士在使用时发现夹子出现裂口无法继续使用影响病人治疗,产品原因（包括说明书等）,夹子长期使用塑料老化出现裂纹,null,[CLS]null[SEP]注射泵夹子断裂[SEP]护士在使用时发现夹子出现裂口无法继续使用影响病人治疗[SEP],注射泵夹子断裂,护士在使用时发现夹子出现裂口无法继续使用影响病人治疗,由于该设备已使用10年处于超预期使用状态长期临床使用频繁捏合捏柄捏柄材质老化开裂
1406501052024000010,其他,[CLS]null[SEP]夹子断裂[SEP]护士在使用时上注射器时夹子断裂[SEP],null,夹子断裂,护士在使用时上注射器时夹子断裂,产品原因（包括说明书等）,夹子塑料材质长期使用变脆容易断裂,null,[CLS]null[SEP]夹子断裂[SEP]护士在使用时上注射器时夹子断裂[SEP],夹子断裂,护士在使用时上注射器时夹子断裂,由于该设备已使用11年处于超预期使用状态长期临床使用频繁捏合捏柄捏柄材质老化开裂
1253717032024000008,其他,[CLS]无[SEP]自动同步机停止无报错[SEP]2024年1月2日在心内一使用该设备泵入药物替罗非班注射液时该器械自动停止并关机检查电源连接完好再次开机使用仍自动停止立即报修至器械科立即为患者更换备用设备未对患者造成影响[SEP],无,自动同步机停止无报错,2024年1月2日在心内一使用该设备泵入药物替罗非班注射液时该器械自动停止并关机检查电源连接完好再次开机使用仍自动停止立即报修至器械科立即为患者更换备用设备未对患者造成影响,无法确定,原因不明无法确定,无,[CLS]无[SEP]自动同步机停止无报错[SEP]2024年1月2日在心内一使用该设备泵入药物替罗非班注射液时该器械自动停止并关机检查电源连接完好再次开机使用仍自动停止立即报修至器械科立即为患者更换备用设备未对患者造成影响[SEP],自动同步机停止无报错,2024年1月2日在心内一使用该设备泵入药物替罗非班注射液时该器械自动停止并关机检查电源连接完好再次开机使用仍自动停止立即报修至器械科立即为患者更换备用设备未对患者造成影响,由于该设备已使用11年处于超预期使用状态长期临床使用长电位器老化发生故障无法正常监测设备的运行状态导致设备报警提示异常2
1253701122024000017,其他,[CLS]无法注射药物[SEP]无法注射药物[SEP]2024年1月2日注射泵在使用时无法注射药物未对患者造成影响[SEP],无法注射药物,无法注射药物,2024年1月2日注射泵在使用时无法注射药物未对患者造成影响,无法确定,设备管理部工程师接报修后到达科室检查设备分析故障原因为注射泵传感器损坏,无法注射药物,[CLS]无法注射药物[SEP]无法注射药物[SEP]2024年1月2日注射泵在使用时无法注射药物未对患者造成影响[SEP],无法注射药物,2024年1月2日注射泵在使用时无法注射药物未对患者造成影响,由于该设备已使用10年处于超预期使用状态长期临床使用压力传感器老化发生故障无法识别管路内压力值导致设备报警提示阻塞
1386204042024000002,其他,[CLS]null[SEP]在给患者注射氯化钾的时候注射泵导管堵塞但没有报警[SEP]在给患者注射氯化钾的时候注射泵导管堵塞但没有报警[SEP],null,在给患者注射氯化钾的时候注射泵导管堵塞但没有报警,在给患者注射氯化钾的时候注射泵导管堵塞但没有报警,产品原因（包括说明书等）,预计是程序出现错误,null,[CLS]null[SEP]在给患者注射氯化钾的时候注射泵导管堵塞但没有报警[SEP]在给患者注射氯化钾的时候注射泵导管堵塞但没有报警[SEP],在给患者注射氯化钾的时候注射泵导管堵塞但没有报警,在给患者注射氯化钾的时候注射泵导管堵塞但没有报警,1售后工程师检查设备内部压力传感器故障2由于该设备已使用12年处于超预期使用状态长期临床使用压力传感器老化故障无法准确检测压力值导致管路内压力值过大时设备未报警
1253717032023000927,其他,[CLS]无[SEP]注射泵推杆无法推动[SEP]2023年12月20日心内二在使用该设备时发现该设备推杆无法推动随即报修至器械科因有备用设备未对患者造成影响[SEP],无,注射泵推杆无法推动,2023年12月20日心内二在使用该设备时发现该设备推杆无法推动随即报修至器械科因有备用设备未对患者造成影响,"无法确定,产品原因（包括说明书等）",原因不明无法确定,无,[CLS]无[SEP]注射泵推杆无法推动[SEP]2023年12月20日心内二在使用该设备时发现该设备推杆无法推动随即报修至器械科因有备用设备未对患者造成影响[SEP],注射泵推杆无法推动,2023年12月20日心内二在使用该设备时发现该设备推杆无法推动随即报修至器械科因有备用设备未对患者造成影响,1拆机检查发现短电位器插头松动无法检测上泵注射器规格引发报警2由于该设备已在医院使用9年处于超预期使用状态长期临床转运频繁搬动设备设备震动跌宕导致内部短电位器插头松动
1253717072024000019,其他,[CLS]无[SEP]注射泵堵塞报警[SEP]2023年12月26日科室报修注射泵堵塞报警设备科现场确定传感器排线断裂焊接后正常使用[SEP],无,注射泵堵塞报警,2023年12月26日科室报修注射泵堵塞报警设备科现场确定传感器排线断裂焊接后正常使用,产品原因（包括说明书等）,注射泵堵塞报警,无,[CLS]无[SEP]注射泵堵塞报警[SEP]2023年12月26日科室报修注射泵堵塞报警设备科现场确定传感器排线断裂焊接后正常使用[SEP],注射泵堵塞报警,2023年12月26日科室报修注射泵堵塞报警设备科现场确定传感器排线断裂焊接后正常使用,1经售后工程师拆机检查发现内部压力传感器连接线于插头接口处断裂2由于该设备已使用6年处于超预期使用状态长期临床使用导致压力传感器连接线与插头接口处连接线断裂无法正常传递压力值信号设备无法正常监测管路内压力提示阻塞报警
1284318002024000020,严重伤害,[CLS]无[SEP]null[SEP]在使用过程中突然起火[SEP],无,null,在使用过程中突然起火,产品原因（包括说明书等）,null,无,[CLS]无[SEP]null[SEP]在使用过程中突然起火[SEP],null,在使用过程中突然起火,院方上报的是严重伤害根据严重伤害的定义我公司认为应为其他由于使用时不慎将药液洒落在电源线接口处通电使用后药液流入电源线接口缝隙中造成电路短路
1253717032023000921,其他,[CLS]无[SEP]设备无法开机[SEP]2023年12月14日呼吸内一在使用该设备时发现该设备无法开机随即报修至设备科因有备用设备未对患者造成影响[SEP],无,设备无法开机,2023年12月14日呼吸内一在使用该设备时发现该设备无法开机随即报修至设备科因有备用设备未对患者造成影响,无法确定,原因不明无法确定,无,[CLS]无[SEP]设备无法开机[SEP]2023年12月14日呼吸内一在使用该设备时发现该设备无法开机随即报修至设备科因有备用设备未对患者造成影响[SEP],设备无法开机,2023年12月14日呼吸内一在使用该设备时发现该设备无法开机随即报修至设备科因有备用设备未对患者造成影响,1经售后工程师检查设备内部电源板发生故障2由于该设备已使用7年处于超预期使用状态长期临床使用电源板老化故障无法正常为设备传递电量导致设备无法正常开机
1162102002023000610,其他,[CLS]M210202_给药不足[SEP]D040504_输送不准[SEP]2023年12月4日医护人员使用注射泵为患者输液过程中发现注射泵的实际输液速度与设定输液速度不符立即停用该设备换用其他设备为患者继续输液故障设备上报设备科维修经检查发现推杆出现破损更换推杆后故障消失[SEP],M210202_给药不足,D040504_输送不准,2023年12月4日医护人员使用注射泵为患者输液过程中发现注射泵的实际输液速度与设定输液速度不符立即停用该设备换用其他设备为患者继续输液故障设备上报设备科维修经检查发现推杆出现破损更换推杆后故障消失,产品原因（包括说明书等）,医护人员使用注射泵为患者输液过程中发现注射泵的实际输液速度与设定输液速度不符,M210202_给药不足,[CLS]M210202_给药不足[SEP]D040504_输送不准[SEP]2023年12月4日医护人员使用注射泵为患者输液过程中发现注射泵的实际输液速度与设定输液速度不符立即停用该设备换用其他设备为患者继续输液故障设备上报设备科维修经检查发现推杆出现破损更换推杆后故障消失[SEP],D040504_输送不准,2023年12月4日医护人员使用注射泵为患者输液过程中发现注射泵的实际输液速度与设定输液速度不符立即停用该设备换用其他设备为患者继续输液故障设备上报设备科维修经检查发现推杆出现破损更换推杆后故障消失,由于该设备已使用10年处于超预期使用状态用于控制流速的泵体外部的空心轴套筒开裂阻碍设备正常推注注射器管路内液体导致实际流速小于设定流速
1376108032023000559,其他,[CLS]护士给患儿使用注射泵输液体时注射泵插头处突然冒火花并将电源线烧糊护士立即断电将注射泵放到安全处报修器械科[SEP]注射泵插头处突然冒火花[SEP]20231213护士给患儿使用注射泵输液体时注射泵插头处突然冒火花并将电源线烧糊护士立即断电报修器械科[SEP],护士给患儿使用注射泵输液体时注射泵插头处突然冒火花并将电源线烧糊护士立即断电将注射泵放到安全处报修器械科,注射泵插头处突然冒火花,20231213护士给患儿使用注射泵输液体时注射泵插头处突然冒火花并将电源线烧糊护士立即断电报修器械科,产品原因（包括说明书等）,多考虑1该产品存在质量缺陷2操作者未按说明书对产品进行维护和保养,护士给患儿使用注射泵输液体时注射泵插头处突然冒火花并将电源线烧糊护士立即断电将注射泵放到安全处报修器械科,[CLS]护士给患儿使用注射泵输液体时注射泵插头处突然冒火花并将电源线烧糊护士立即断电将注射泵放到安全处报修器械科[SEP]注射泵插头处突然冒火花[SEP]20231213护士给患儿使用注射泵输液体时注射泵插头处突然冒火花并将电源线烧糊护士立即断电报修器械科[SEP],注射泵插头处突然冒火花,20231213护士给患儿使用注射泵输液体时注射泵插头处突然冒火花并将电源线烧糊护士立即断电报修器械科,初步分析是由于医院在使用时不慎将药液洒落在插头处通电情况下插座处短路发生故障
1294425602023000917,其他,[CLS]null[SEP]D10031201_传感器故障[SEP]11月15日科室使用该注射泵为冠心病患者注射药物发现下泵无法推进注射科室重新换机给患者进行治疗[SEP],null,D10031201_传感器故障,11月15日科室使用该注射泵为冠心病患者注射药物发现下泵无法推进注射科室重新换机给患者进行治疗,产品原因（包括说明书等）,感应器无法感应,null,[CLS]null[SEP]D10031201_传感器故障[SEP]11月15日科室使用该注射泵为冠心病患者注射药物发现下泵无法推进注射科室重新换机给患者进行治疗[SEP],D10031201_传感器故障,11月15日科室使用该注射泵为冠心病患者注射药物发现下泵无法推进注射科室重新换机给患者进行治疗,1经售后工程师拆机检查发现内部压力传感器插头松动无法正常监测管路内压力值设备报警提示阻塞2压力传感器插头松动的原因分析是由于临床使用时频繁搬动设备设备震动跌宕内部电线晃动导致压力传感器插头松动
1253715022023000438,其他,[CLS]延误患者及时治疗[SEP]报警[SEP]2023年9月29日科室使用注射泵对患者进行药物输注时设备报警科室护理人员立即更换同类型设备并联系设备科进行维修[SEP],延误患者及时治疗,报警,2023年9月29日科室使用注射泵对患者进行药物输注时设备报警科室护理人员立即更换同类型设备并联系设备科进行维修,产品原因（包括说明书等）,null,延误患者及时治疗,[CLS]延误患者及时治疗[SEP]报警[SEP]2023年9月29日科室使用注射泵对患者进行药物输注时设备报警科室护理人员立即更换同类型设备并联系设备科进行维修[SEP],报警,2023年9月29日科室使用注射泵对患者进行药物输注时设备报警科室护理人员立即更换同类型设备并联系设备科进行维修,1经售后工程师拆机检查发现内部压力传感器插头松动无法正常监测管路内压力值设备报警提示阻塞2压力传感器插头松动的原因分析是由于临床使用时频繁搬动设备设备震动跌宕内部电线晃动导致压力传感器插头松动
1376108032023000472,其他,[CLS]无[SEP]拉杆处断裂[SEP]20231202医务人员准备使用输液泵时发现拉杆出断裂停止使用及时更换[SEP],无,拉杆处断裂,20231202医务人员准备使用输液泵时发现拉杆出断裂停止使用及时更换,产品原因（包括说明书等）,多考虑1产品本身存在缺陷2操作人员未按产品说明书对产品进行维护和保养,无,[CLS]无[SEP]拉杆处断裂[SEP]20231202医务人员准备使用输液泵时发现拉杆出断裂停止使用及时更换[SEP],拉杆处断裂,20231202医务人员准备使用输液泵时发现拉杆出断裂停止使用及时更换,由于该设备已使用10年处于超预期使用状态长期临床使用前壳压柄导向柱材质老化开裂导致无法正常固定注射器
1253718062023000432,其他,[CLS]null[SEP]设备开机报错故障6[SEP]准备使用注射泵通电开机报错故障6[SEP],null,设备开机报错故障6,准备使用注射泵通电开机报错故障6,产品原因（包括说明书等）,null,null,[CLS]null[SEP]设备开机报错故障6[SEP]准备使用注射泵通电开机报错故障6[SEP],设备开机报错故障6,准备使用注射泵通电开机报错故障6,1经售后工程师拆机检查发现内部压力传感器插头松动无法正常检测管路内压力值导致报警2压力传感器插头松动的原因分析是由于临床转运频繁搬动设备设备震动跌宕内部电线晃动导致压力传感器插头松动
1376108032023000524,其他,[CLS]无[SEP]报故障2无法使用[SEP]20231207医务人员准备使用注射泵时发现报故障2无法使用停止使用[SEP],无,报故障2无法使用,20231207医务人员准备使用注射泵时发现报故障2无法使用停止使用,产品原因（包括说明书等）,多考虑1产品本身存在缺陷2操作人员未按产品说明书对产品进行维护和保养,无,[CLS]无[SEP]报故障2无法使用[SEP]20231207医务人员准备使用注射泵时发现报故障2无法使用停止使用[SEP],报故障2无法使用,20231207医务人员准备使用注射泵时发现报故障2无法使用停止使用,1经售后工程师拆机检查内部长电位器插头松动导致设备报警2长电位器插头松动的原因分析是由于该设备已使用10年处于超预期使用状态长期临床使用频繁搬动设备设备震动跌宕内部电线晃动导致长电位器插头松动
1376108032023000525,其他,[CLS]无[SEP]注射器识别错误[SEP]20231207医务人员准备使用注射泵时发现注射器识别错误停止使用及时更换[SEP],无,注射器识别错误,20231207医务人员准备使用注射泵时发现注射器识别错误停止使用及时更换,产品原因（包括说明书等）,多考虑1产品本身存在缺陷2操作人员未按产品说明书对产品进行维护和保养,无,[CLS]无[SEP]注射器识别错误[SEP]20231207医务人员准备使用注射泵时发现注射器识别错误停止使用及时更换[SEP],注射器识别错误,20231207医务人员准备使用注射泵时发现注射器识别错误停止使用及时更换,由于该设备长期未进行注射器校准导致设备内存储的注射器信息与实际上泵的注射器信息不符导致设备无法准确识别上泵的注射器规格
1162107002023001553,其他,[CLS]无伤害事件发生[SEP]注射泵拉杆外壳损坏[SEP]工作人员对设备进行日常巡检发设备拉杆外壳损坏[SEP],无伤害事件发生,注射泵拉杆外壳损坏,工作人员对设备进行日常巡检发设备拉杆外壳损坏,无法确定,null,无伤害事件发生,[CLS]无伤害事件发生[SEP]注射泵拉杆外壳损坏[SEP]工作人员对设备进行日常巡检发设备拉杆外壳损坏[SEP],注射泵拉杆外壳损坏,工作人员对设备进行日常巡检发设备拉杆外壳损坏,由于该设备已使用8年处于超预期使用状态长期临床使用压柄导向柱材质老化开裂无法正常固定注射器
1141401062023000272,其他,[CLS]无[SEP]D2402_设备使用前已损坏[SEP]2023年10月27日上午在使用设备前进行检查时发现注射泵的注射器固定夹歪了经测试后确认已失去固定功能报设备科维修[SEP],无,D2402_设备使用前已损坏,2023年10月27日上午在使用设备前进行检查时发现注射泵的注射器固定夹歪了经测试后确认已失去固定功能报设备科维修,产品原因（包括说明书等）,因设备使用年限较久导致的设备老化固定夹内侧的固定槽破损已送往设备科检修,无,[CLS]无[SEP]D2402_设备使用前已损坏[SEP]2023年10月27日上午在使用设备前进行检查时发现注射泵的注射器固定夹歪了经测试后确认已失去固定功能报设备科维修[SEP],D2402_设备使用前已损坏,2023年10月27日上午在使用设备前进行检查时发现注射泵的注射器固定夹歪了经测试后确认已失去固定功能报设备科维修,由于该设备已使用9年处于超预期使用状态长期临床使用频繁捏合捏柄导致捏柄材质老化开裂无法正常固定注射器
1406545002023001924,其他,[CLS]M210202_给药不足[SEP]D0102_意外停机[SEP]使用过程中出现意外停机[SEP],M210202_给药不足,D0102_意外停机,使用过程中出现意外停机,产品原因（包括说明书等）,使用过程中传动电机固定支架松动造成蜗杆打滑,M210202_给药不足,[CLS]M210202_给药不足[SEP]D0102_意外停机[SEP]使用过程中出现意外停机[SEP],D0102_意外停机,使用过程中出现意外停机,由于该设备已使用10年处于超预期使用状态长期临床使用频繁搬动设备设备震动跌宕内部电机固定支架松动导致电机运行发生故障设备无法正常工作
1162107002023001274,其他,[CLS]无伤害事件发生[SEP]注射器固定杆损坏[SEP]工作人员对设备进行日常巡检发现设备注射器固定杆损坏[SEP],无伤害事件发生,注射器固定杆损坏,工作人员对设备进行日常巡检发现设备注射器固定杆损坏,无法确定,null,无伤害事件发生,[CLS]无伤害事件发生[SEP]注射器固定杆损坏[SEP]工作人员对设备进行日常巡检发现设备注射器固定杆损坏[SEP],注射器固定杆损坏,工作人员对设备进行日常巡检发现设备注射器固定杆损坏,由于该设备已使用7年处于超预期使用状态长期临床使用前壳压柄导向柱材质老化开裂导致无法正常固定注射器
1253718012023000599,其他,[CLS]null[SEP]输液器固定器损坏导致无法使用[SEP]在使用过程中固定器损害无法固定导致无法使用[SEP],null,输液器固定器损坏导致无法使用,在使用过程中固定器损害无法固定导致无法使用,产品原因（包括说明书等）,在使用过程中固定器损害无法固定导致无法使用,null,[CLS]null[SEP]输液器固定器损坏导致无法使用[SEP]在使用过程中固定器损害无法固定导致无法使用[SEP],输液器固定器损坏导致无法使用,在使用过程中固定器损害无法固定导致无法使用,由于该设备已使用7年处于超预期使用状态长期临床使用压柄材质老化断裂无法正常固定注射器
1376108032023000635,其他,[CLS]无[SEP]捏柄损坏[SEP]20231215医护人员给患者使用时发现捏柄损坏停止使用更换新的使用[SEP],无,捏柄损坏,20231215医护人员给患者使用时发现捏柄损坏停止使用更换新的使用,产品原因（包括说明书等）,多考虑该产品长期使用损耗所致,无,[CLS]无[SEP]捏柄损坏[SEP]20231215医护人员给患者使用时发现捏柄损坏停止使用更换新的使用[SEP],捏柄损坏,20231215医护人员给患者使用时发现捏柄损坏停止使用更换新的使用,经过疲劳测试我们发现使用ABS硬塑料内嵌金属预埋件材质制作的捏柄在经过数万次捏合后可能会出现开裂现象然后我们在ABS中增加适量玻纤再按相同工艺制作捏柄做对比实验没有出现开裂现象
1162107002023001566,其他,[CLS]无伤害事件发生[SEP]注射不开机[SEP]工作人员对设备进行日常检查发现设备无法开机[SEP],无伤害事件发生,注射不开机,工作人员对设备进行日常检查发现设备无法开机,无法确定,null,无伤害事件发生,[CLS]无伤害事件发生[SEP]注射不开机[SEP]工作人员对设备进行日常检查发现设备无法开机[SEP],注射不开机,工作人员对设备进行日常检查发现设备无法开机,由于该设备已使用7年处于超预期使用状态长期临床使用频繁拉扯弯折电源线电源线内部电线开裂无法正常为设备传递电量导致设备无法正常开机
1162107002023001434,其他,[CLS]无伤害事件发生[SEP]注射泵开始报错系统错误2[SEP]对设备进行日常检查发现注射泵开始报错系统错误2[SEP],无伤害事件发生,注射泵开始报错系统错误2,对设备进行日常检查发现注射泵开始报错系统错误2,无法确定,null,无伤害事件发生,[CLS]无伤害事件发生[SEP]注射泵开始报错系统错误2[SEP]对设备进行日常检查发现注射泵开始报错系统错误2[SEP],注射泵开始报错系统错误2,对设备进行日常检查发现注射泵开始报错系统错误2,1经过拆机检查发现用于检测运行过程的传感器长电位器连接线插头松动导致检测信号无法正常传递引发报警2长电位器连接线插头松动的原因分析是由于临床使用频繁搬动设备设备震动跌宕内部电线晃动导致长电位器连接线插头松动
1162107002023001384,其他,[CLS]无伤害事件发生[SEP]注射泵不充电[SEP]工程师对设备日常检查的时候发现设备不充电[SEP],无伤害事件发生,注射泵不充电,工程师对设备日常检查的时候发现设备不充电,无法确定,null,无伤害事件发生,[CLS]无伤害事件发生[SEP]注射泵不充电[SEP]工程师对设备日常检查的时候发现设备不充电[SEP],注射泵不充电,工程师对设备日常检查的时候发现设备不充电,1经售后工程师检查故障发生的原因为电池连接线插头松动并非医院描述的连接充电的板件开焊2电池连接线插头松动的原因分析是由于该设备已使用7年处于超预期使用状态长期临床使用频繁搬动设备设备震动跌宕内部电线晃动导致电池连接线插头松动无法充电
1162107002023001693,其他,[CLS]无伤害事件发生[SEP]设备电源线损坏[SEP]工作人员对设备进行日常检查发现设备电源线损坏随即和工程师联系进行报修未对患者造成不良影响[SEP],无伤害事件发生,设备电源线损坏,工作人员对设备进行日常检查发现设备电源线损坏随即和工程师联系进行报修未对患者造成不良影响,无法确定,null,无伤害事件发生,[CLS]无伤害事件发生[SEP]设备电源线损坏[SEP]工作人员对设备进行日常检查发现设备电源线损坏随即和工程师联系进行报修未对患者造成不良影响[SEP],设备电源线损坏,工作人员对设备进行日常检查发现设备电源线损坏随即和工程师联系进行报修未对患者造成不良影响,由于该设备已使用8年处于超预期使用状态长期临床使用频繁拉扯弯折电源线导致电源线外表皮破损内部电线断裂无法正常为设备传递交流电
1253718062023000619,其他,[CLS]null[SEP]运行后设备报错注射器错误2[SEP]给患者使用注射泵安放注射器后显示与实际注射器一致启动注射设备报错注射器错误2注射泵无法使用[SEP],null,运行后设备报错注射器错误2,给患者使用注射泵安放注射器后显示与实际注射器一致启动注射设备报错注射器错误2注射泵无法使用,产品原因（包括说明书等）,null,null,[CLS]null[SEP]运行后设备报错注射器错误2[SEP]给患者使用注射泵安放注射器后显示与实际注射器一致启动注射设备报错注射器错误2注射泵无法使用[SEP],运行后设备报错注射器错误2,给患者使用注射泵安放注射器后显示与实际注射器一致启动注射设备报错注射器错误2注射泵无法使用,1经拆机检查发现故障发生的原因是传递该信号的FPC连接线故障造成检测信号中断从而引发报警2FPC线故障的原因分析是由于该设备已使用7年处于超预期使用状态长期临床使用FPC线老化发生故障
1376108032023000504,其他,[CLS]无[SEP]电源接口故障[SEP]20231207医务人员准备使用注射泵时发现电源接口故障无法开机停止使用及时更换[SEP],无,电源接口故障,20231207医务人员准备使用注射泵时发现电源接口故障无法开机停止使用及时更换,产品原因（包括说明书等）,多考虑1产品本身存在缺陷2操作人员未按产品说明书对产品进行维护和保养,无,[CLS]无[SEP]电源接口故障[SEP]20231207医务人员准备使用注射泵时发现电源接口故障无法开机停止使用及时更换[SEP],电源接口故障,20231207医务人员准备使用注射泵时发现电源接口故障无法开机停止使用及时更换,由于该设备已使用10年处于超预期使用状态长期临床使用频繁插拔电源线电源线端口处磨损接触不良电源线无法正常为设备传递电量导致设备无法正常开机
1376108032023000704,其他,[CLS]无[SEP]捏柄断裂[SEP]20231228医务人员给患者使用注射泵时发现捏柄断裂停止使用更换新的使用[SEP],无,捏柄断裂,20231228医务人员给患者使用注射泵时发现捏柄断裂停止使用更换新的使用,产品原因（包括说明书等）,多考虑该产品长期使用损坏而致,无,[CLS]无[SEP]捏柄断裂[SEP]20231228医务人员给患者使用注射泵时发现捏柄断裂停止使用更换新的使用[SEP],捏柄断裂,20231228医务人员给患者使用注射泵时发现捏柄断裂停止使用更换新的使用,由于该设备已使用10年处于超预期使用状态长期临床使用频繁捏合捏柄导致捏柄材质老化断裂
1253701012023000317,其他,[CLS]无[SEP]注射泵顶端卡扣无法完全闭合[SEP]2023年12月08日0820我院手术室护士在日常检查注射泵时发现该注射泵顶端卡扣无法完全闭合考虑到可能会导致注射器推进不顺容易造成液体计量不准遂立即上报设备科设备科人员拆卸后发现卡扣及内部齿轮均为注塑材质本身误差较大容易产生彼此之间的阻碍因此立即维修更换卡扣配件经设备科人员更换后故障解除后上报医疗器械不良事件[SEP],无,注射泵顶端卡扣无法完全闭合,2023年12月08日0820我院手术室护士在日常检查注射泵时发现该注射泵顶端卡扣无法完全闭合考虑到可能会导致注射器推进不顺容易造成液体计量不准遂立即上报设备科设备科人员拆卸后发现卡扣及内部齿轮均为注塑材质本身误差较大容易产生彼此之间的阻碍因此立即维修更换卡扣配件经设备科人员更换后故障解除后上报医疗器械不良事件,产品原因（包括说明书等）,注射泵卡扣无法完全闭合设备科人员拆卸后发现卡扣及内部齿轮均为注塑材质本身误差较大容易产生彼此之间的阻碍属质量问题,无,[CLS]无[SEP]注射泵顶端卡扣无法完全闭合[SEP]2023年12月08日0820我院手术室护士在日常检查注射泵时发现该注射泵顶端卡扣无法完全闭合考虑到可能会导致注射器推进不顺容易造成液体计量不准遂立即上报设备科设备科人员拆卸后发现卡扣及内部齿轮均为注塑材质本身误差较大容易产生彼此之间的阻碍因此立即维修更换卡扣配件经设备科人员更换后故障解除后上报医疗器械不良事件[SEP],注射泵顶端卡扣无法完全闭合,2023年12月08日0820我院手术室护士在日常检查注射泵时发现该注射泵顶端卡扣无法完全闭合考虑到可能会导致注射器推进不顺容易造成液体计量不准遂立即上报设备科设备科人员拆卸后发现卡扣及内部齿轮均为注塑材质本身误差较大容易产生彼此之间的阻碍因此立即维修更换卡扣配件经设备科人员更换后故障解除后上报医疗器械不良事件,1经检查推拉盒内齿轮位置未发生偏移无误差现象捏合捏柄带动齿轮转动所以产生阻碍为正常现象2经过分析和实验我们发现使用ABS硬塑料内嵌金属预埋件材质制作的捏柄在经过数万次捏合后可能会出现开裂现象在ABS中增加适量玻纤再按相同工艺制作捏柄做对比实验没有出现开裂现象推测ABS硬塑料内嵌金属预埋件材质强度不够造成捏柄开裂
1253711042023000467,其他,[CLS]设备准备使用前发现设备故障无法使用[SEP]D0307_不完全连接[SEP]2023年11月01日科室工作人员使用该设备准备为病人治疗时设备突发故障报警无法正常使用立即更换设备为病人进行治疗[SEP],设备准备使用前发现设备故障无法使用,D0307_不完全连接,2023年11月01日科室工作人员使用该设备准备为病人治疗时设备突发故障报警无法正常使用立即更换设备为病人进行治疗,产品原因（包括说明书等）,工程师维修鉴定设备内部传输线损坏导致设备故障报警无法使用,设备准备使用前发现设备故障无法使用,[CLS]设备准备使用前发现设备故障无法使用[SEP]D0307_不完全连接[SEP]2023年11月01日科室工作人员使用该设备准备为病人治疗时设备突发故障报警无法正常使用立即更换设备为病人进行治疗[SEP],D0307_不完全连接,2023年11月01日科室工作人员使用该设备准备为病人治疗时设备突发故障报警无法正常使用立即更换设备为病人进行治疗,1经售后工程师拆机检查发现设备内部FPC线损坏FPC线的功能之一是负责传递离合检测信号损坏后造成检测信号中断发生报警报警后设备不能注射药物无法正常使用2FPC线损坏的原因分析是生产过程中内部FPC线未固定结实产生晃动FPC线与周围电路板摩擦导致磨损
1376104002023000722,其他,[CLS]无[SEP]异常报警[SEP]2023年9月12日9点整护士为病人用注射泵输入药物时注射泵内内明明有药报警显示无药输注完毕立即关机更换注射泵重新为病人输注药物未对病人造成影响[SEP],无,异常报警,2023年9月12日9点整护士为病人用注射泵输入药物时注射泵内内明明有药报警显示无药输注完毕立即关机更换注射泵重新为病人输注药物未对病人造成影响,产品原因（包括说明书等）,注射泵故障,无,[CLS]无[SEP]异常报警[SEP]2023年9月12日9点整护士为病人用注射泵输入药物时注射泵内内明明有药报警显示无药输注完毕立即关机更换注射泵重新为病人输注药物未对病人造成影响[SEP],异常报警,2023年9月12日9点整护士为病人用注射泵输入药物时注射泵内内明明有药报警显示无药输注完毕立即关机更换注射泵重新为病人输注药物未对病人造成影响,由于医院长期未进行注射器校准设备内存储的注射器参数与实际上泵的注射器参数不一致设备无法正常控制注射器管路内的液体流速导致实际流速小于设定流速误差不在允许范围内
1264102292023002020,其他,[CLS]无[SEP]治疗泵管夹脱落[SEP]在治疗过程中发生泵管夹脱落[SEP],无,治疗泵管夹脱落,在治疗过程中发生泵管夹脱落,产品原因（包括说明书等）,在治疗过程中发生泵管夹脱落设备泵管夹与工作强度不匹配,无,[CLS]无[SEP]治疗泵管夹脱落[SEP]在治疗过程中发生泵管夹脱落[SEP],治疗泵管夹脱落,在治疗过程中发生泵管夹脱落,由于该设备已使用8年处于超预期使用状态长期临床使用频繁捏合捏柄导致捏柄材质老化断裂
1253718062023000692,其他,[CLS]null[SEP]设备报警注射器未顶紧[SEP]开机安放好注射器设置好参数启动设备报警注射器未顶紧[SEP],null,设备报警注射器未顶紧,开机安放好注射器设置好参数启动设备报警注射器未顶紧,产品原因（包括说明书等）,null,null,[CLS]null[SEP]设备报警注射器未顶紧[SEP]开机安放好注射器设置好参数启动设备报警注射器未顶紧[SEP],设备报警注射器未顶紧,开机安放好注射器设置好参数启动设备报警注射器未顶紧,1经售后工程师拆机检查发现设备内部FPC线插头松动FPC线的功能之一是负责传递离合检测信号损坏后造成检测信号中断发生报警报警后设备不能注射药物无法正常使用2FPC线插头松动的原因分析是由于长期临床使用频繁搬动设备设备震动跌宕内部电线晃动导致FPC线插头松动
1253717032023000916,其他,[CLS]无[SEP]注射速度异常[SEP]2023年10月25日在心内一科使用该注射泵注射药物过程中发现注射速度与实际速度不符立即更换输液泵联系设备科进行维修未对患者造成影响[SEP],无,注射速度异常,2023年10月25日在心内一科使用该注射泵注射药物过程中发现注射速度与实际速度不符立即更换输液泵联系设备科进行维修未对患者造成影响,产品原因（包括说明书等）,原因不明无法确定,无,[CLS]无[SEP]注射速度异常[SEP]2023年10月25日在心内一科使用该注射泵注射药物过程中发现注射速度与实际速度不符立即更换输液泵联系设备科进行维修未对患者造成影响[SEP],注射速度异常,2023年10月25日在心内一科使用该注射泵注射药物过程中发现注射速度与实际速度不符立即更换输液泵联系设备科进行维修未对患者造成影响,由于医院长期未进行注射器校准设备内存储的注射器参数与实际上泵的注射器参数不一致设备无法正常控制注射器管路内液体的流速导致流速误差不在允许范围内
1274201022023000748,其他,[CLS]无[SEP]接通电源后无反应[SEP]接通电源无反应[SEP],无,接通电源后无反应,接通电源无反应,无法确定,null,无,[CLS]无[SEP]接通电源后无反应[SEP]接通电源无反应[SEP],接通电源后无反应,接通电源无反应,由于该设备已使用11年处于超预期使用状态长期临床使用频繁拉扯弯折电源线电源线内部电线断裂无法正常为设备传递电量导致设备无法正常开机
1294425602023001148,其他,[CLS]null[SEP]D1201_设备或部件脱离[SEP]12月16日给患者进行术后注射治疗发现注射泵夹子坏无法固定注射器科室更换备用泵进行治疗通知厂家进行更换夹子[SEP],null,D1201_设备或部件脱离,12月16日给患者进行术后注射治疗发现注射泵夹子坏无法固定注射器科室更换备用泵进行治疗通知厂家进行更换夹子,产品原因（包括说明书等）,夹子损坏,null,[CLS]null[SEP]D1201_设备或部件脱离[SEP]12月16日给患者进行术后注射治疗发现注射泵夹子坏无法固定注射器科室更换备用泵进行治疗通知厂家进行更换夹子[SEP],D1201_设备或部件脱离,12月16日给患者进行术后注射治疗发现注射泵夹子坏无法固定注射器科室更换备用泵进行治疗通知厂家进行更换夹子,由于该设备已使用11年处于超预期使用状态长期临床使用频繁捏合捏柄捏柄材质老化开裂
1264126152023000321,其他,[CLS]无伤害[SEP]开机显示正常启动后报警[SEP]给患者使用前开机检测显示正常启动后无液体输出报警更换其他输液泵使用随后通知维修人员维修[SEP],无伤害,开机显示正常启动后报警,给患者使用前开机检测显示正常启动后无液体输出报警更换其他输液泵使用随后通知维修人员维修,无法确定,开机有电启动无液体怀疑泵电机故障或控制电路故障,无伤害,[CLS]无伤害[SEP]开机显示正常启动后报警[SEP]给患者使用前开机检测显示正常启动后无液体输出报警更换其他输液泵使用随后通知维修人员维修[SEP],开机显示正常启动后报警,给患者使用前开机检测显示正常启动后无液体输出报警更换其他输液泵使用随后通知维修人员维修,1经售后工程师拆机检查发现设备内部FPC线损坏FPC线的功能之一是负责传递离合检测信号损坏后造成检测信号中断发生报警报警后设备不能注射药物无法正常使用2FPC线损坏的原因分析是生产过程中内部FPC线未固定结实产生晃动FPC线与周围电路板摩擦导致磨损
1213306072023000220,其他,[CLS]null[SEP]D0101_故障提示[SEP]液体注射完注射泵不会报警[SEP],null,D0101_故障提示,液体注射完注射泵不会报警,产品原因（包括说明书等）,null,null,[CLS]null[SEP]D0101_故障提示[SEP]液体注射完注射泵不会报警[SEP],D0101_故障提示,液体注射完注射泵不会报警,由于医院长期未进行校准设备内存储的注射器参数与实际注射器参数不一致设备无法正常控制输液器管路内液体流速实际流速大于设定的流速导致管路内液体已注射完成设备误认为该流速下未输液完成继续注射所以未报注射完成
1376108032023000705,其他,[CLS]无[SEP]报警无法正常注射[SEP]20231228医护人员准备给患者使用时报警无法正常注射停止使用更换新的使用[SEP],无,报警无法正常注射,20231228医护人员准备给患者使用时报警无法正常注射停止使用更换新的使用,产品原因（包括说明书等）,多考虑1该产品存在质量缺陷2操作者未按说明书对产品进行维护和保养,无,[CLS]无[SEP]报警无法正常注射[SEP]20231228医护人员准备给患者使用时报警无法正常注射停止使用更换新的使用[SEP],报警无法正常注射,20231228医护人员准备给患者使用时报警无法正常注射停止使用更换新的使用,1经售后工程师拆机检查发现内部的压力传感器插头松动压力传感器无法正常监测注射器管路内的压力值提示阻塞报警2压力传感器插头松动的原因分析是由于临床使用时频繁搬动设备设备震动跌宕内部电线晃动导致压力传感器插头松动
1376104002023000723,其他,[CLS]无[SEP]报警显示系统故障[SEP]12月12日早上0840护士在为患者输注药物时打开微量泵开关调试好的输注液体的泵速按完开始按键微量泵报警系统故障立即更换微量泵未对患者造成影响[SEP],无,报警显示系统故障,12月12日早上0840护士在为患者输注药物时打开微量泵开关调试好的输注液体的泵速按完开始按键微量泵报警系统故障立即更换微量泵未对患者造成影响,产品原因（包括说明书等）,微量泵内部系统故障,无,[CLS]无[SEP]报警显示系统故障[SEP]12月12日早上0840护士在为患者输注药物时打开微量泵开关调试好的输注液体的泵速按完开始按键微量泵报警系统故障立即更换微量泵未对患者造成影响[SEP],报警显示系统故障,12月12日早上0840护士在为患者输注药物时打开微量泵开关调试好的输注液体的泵速按完开始按键微量泵报警系统故障立即更换微量泵未对患者造成影响,1经售后工程师拆机检查发现内部的压力传感器插头松动压力传感器无法正常监测注射器管路内的压力值提示系统故障6报警2压力传感器插头松动的原因分析是由于临床使用时频繁搬动设备设备震动跌宕内部电线晃动导致压力传感器插头松动
1253718062023000518,其他,[CLS]null[SEP]放好注射器启动设备报警注射器未顶紧[SEP]给患者使用注射泵时放好注射器启动设备报警注射器未顶紧设备无法使用[SEP],null,放好注射器启动设备报警注射器未顶紧,给患者使用注射泵时放好注射器启动设备报警注射器未顶紧设备无法使用,产品原因（包括说明书等）,null,null,[CLS]null[SEP]放好注射器启动设备报警注射器未顶紧[SEP]给患者使用注射泵时放好注射器启动设备报警注射器未顶紧设备无法使用[SEP],放好注射器启动设备报警注射器未顶紧,给患者使用注射泵时放好注射器启动设备报警注射器未顶紧设备无法使用,1经拆机检查发现内部传递检测信号的线束FPC线插头松动导致信号传递异常引发报警2FPC线插头松动的原因分析是由于临床使用时频繁搬动设备设备震动跌宕内部线束晃动导致FPC线插头松动
1376108032023000462,其他,[CLS]无[SEP]报警电压低[SEP]20231127护士准备给病人使用时发现注射泵一直报警电压低立即停止使用上报器械科维修组[SEP],无,报警电压低,20231127护士准备给病人使用时发现注射泵一直报警电压低立即停止使用上报器械科维修组,产品原因（包括说明书等）,多考虑1产品本身存在缺陷2操作人员未按产品说明书对产品进行维护和保养,无,[CLS]无[SEP]报警电压低[SEP]20231127护士准备给病人使用时发现注射泵一直报警电压低立即停止使用上报器械科维修组[SEP],报警电压低,20231127护士准备给病人使用时发现注射泵一直报警电压低立即停止使用上报器械科维修组,由于该设备已使用10年处于超预期使用状态长期临床使用电源线老化内部电线断裂无法正常为设备传递电量
1376108032023000439,其他,[CLS]无[SEP]报警离合未闭[SEP]20231205护士准备使用注射泵给患者使用时开机报警离合未闭停止使用上报器械科医修组更换新的使用[SEP],无,报警离合未闭,20231205护士准备使用注射泵给患者使用时开机报警离合未闭停止使用上报器械科医修组更换新的使用,产品原因（包括说明书等）,多考虑1该产品存在质量缺陷2操作者未按说明书对产品进行维护和保养,无,[CLS]无[SEP]报警离合未闭[SEP]20231205护士准备使用注射泵给患者使用时开机报警离合未闭停止使用上报器械科医修组更换新的使用[SEP],报警离合未闭,20231205护士准备使用注射泵给患者使用时开机报警离合未闭停止使用上报器械科医修组更换新的使用,售后工程师拆机检查发现内部FPC线破损分析是由于该设备已使用5年处于超预期使用状态长期临床使用FPC线老化破损无法正常为设备传递信号导致设备报警提示离合未闭
1386205042023000347,其他,[CLS]null[SEP]使用过程中报错[SEP]使用过程中报错[SEP],null,使用过程中报错,使用过程中报错,无法确定,null,null,[CLS]null[SEP]使用过程中报错[SEP]使用过程中报错[SEP],使用过程中报错,使用过程中报错,由于操作者未将注射器尾杆正确安装在推拉盒上导致设备报警提示注射器未顶紧属于正常现象
1253707122023001086,严重伤害,[CLS]影响判断药物使用量[SEP]输液结束未报警[SEP]患儿入院诊断为创伤性脑梗塞遵医嘱给予尼莫同组液体微泵注入2mLh患儿一组液体即将泵入结束时责任护士给予标注大约结束时间方便及时给予更换之后时间内机器一直未有结束报警责护查看发现注射器已空管路少量气体及时给与更换注射泵安抚家长更换后未再发现此类情况上报器械科给予查看[SEP],影响判断药物使用量,输液结束未报警,患儿入院诊断为创伤性脑梗塞遵医嘱给予尼莫同组液体微泵注入2mLh患儿一组液体即将泵入结束时责任护士给予标注大约结束时间方便及时给予更换之后时间内机器一直未有结束报警责护查看发现注射器已空管路少量气体及时给与更换注射泵安抚家长更换后未再发现此类情况上报器械科给予查看,产品原因（包括说明书等）,null,影响判断药物使用量,[CLS]影响判断药物使用量[SEP]输液结束未报警[SEP]患儿入院诊断为创伤性脑梗塞遵医嘱给予尼莫同组液体微泵注入2mLh患儿一组液体即将泵入结束时责任护士给予标注大约结束时间方便及时给予更换之后时间内机器一直未有结束报警责护查看发现注射器已空管路少量气体及时给与更换注射泵安抚家长更换后未再发现此类情况上报器械科给予查看[SEP],输液结束未报警,患儿入院诊断为创伤性脑梗塞遵医嘱给予尼莫同组液体微泵注入2mLh患儿一组液体即将泵入结束时责任护士给予标注大约结束时间方便及时给予更换之后时间内机器一直未有结束报警责护查看发现注射器已空管路少量气体及时给与更换注射泵安抚家长更换后未再发现此类情况上报器械科给予查看,院方上报的是严重伤害根据严重伤害的定义我公司认为应为其他1经售后工程师检查内部长电位器插头松动设备无法正常识别注射器管路长度导致完成输液但未提示注射完成2长电位器松动的原因分析是由于临床长期使用过程中因为频繁搬动设备设备震动跌宕内部电线晃动导致长电位器插头松动
1253717032023000878,其他,[CLS]无[SEP]科室工作人员在使用前对设备检查时候发现设备夹柄卡顿使用不顺畅[SEP]2023年12月1日科室工作人员在使用前对设备检查时候发现设备夹柄卡顿使用不顺畅更换新的主设备对病人进行注射治疗并通知设备科到场检修故障设备检修后发现设备夹柄处有异物堵塞设备科对异物堵塞处进行清除处理后又对所有机械部分进行润滑处理待设备一切正常后交付科室使用[SEP],无,科室工作人员在使用前对设备检查时候发现设备夹柄卡顿使用不顺畅,2023年12月1日科室工作人员在使用前对设备检查时候发现设备夹柄卡顿使用不顺畅更换新的主设备对病人进行注射治疗并通知设备科到场检修故障设备检修后发现设备夹柄处有异物堵塞设备科对异物堵塞处进行清除处理后又对所有机械部分进行润滑处理待设备一切正常后交付科室使用,产品原因（包括说明书等）,科室工作人员在使用前对设备检查时候发现设备夹柄卡顿使用不顺畅更换新的主设备对病人进行注射治疗,无,[CLS]无[SEP]科室工作人员在使用前对设备检查时候发现设备夹柄卡顿使用不顺畅[SEP]2023年12月1日科室工作人员在使用前对设备检查时候发现设备夹柄卡顿使用不顺畅更换新的主设备对病人进行注射治疗并通知设备科到场检修故障设备检修后发现设备夹柄处有异物堵塞设备科对异物堵塞处进行清除处理后又对所有机械部分进行润滑处理待设备一切正常后交付科室使用[SEP],科室工作人员在使用前对设备检查时候发现设备夹柄卡顿使用不顺畅,2023年12月1日科室工作人员在使用前对设备检查时候发现设备夹柄卡顿使用不顺畅更换新的主设备对病人进行注射治疗并通知设备科到场检修故障设备检修后发现设备夹柄处有异物堵塞设备科对异物堵塞处进行清除处理后又对所有机械部分进行润滑处理待设备一切正常后交付科室使用,由于该设备已使用10年处于超预期使用状态临床使用时不慎将药液洒落在捏柄根部处未及时清理长期风干形成药液干粉附着在捏柄根部导致捏柄捏合时发生卡顿现象
1253718012023000762,其他,[CLS]null[SEP]系统故障运行时报警[SEP]在使用过程中科室发现注射泵发出系统故障报给维修部维修部及时对其做了修复[SEP],null,系统故障运行时报警,在使用过程中科室发现注射泵发出系统故障报给维修部维修部及时对其做了修复,产品原因（包括说明书等）,在使用过程中科室发现注射泵发出系统故障报给维修部维修部及时对其做了修复,null,[CLS]null[SEP]系统故障运行时报警[SEP]在使用过程中科室发现注射泵发出系统故障报给维修部维修部及时对其做了修复[SEP],系统故障运行时报警,在使用过程中科室发现注射泵发出系统故障报给维修部维修部及时对其做了修复,由于该设备已使用5年处于超预期使用状态长期临床使用搬动设备设备震动跌宕内部电线晃动导致压力传感器插头松动无法正常检测管路内压力值导致设备提示系统故障6报警
1253717032023000815,其他,[CLS]无[SEP]科室工作人员在使用前对设备检查时候发现设备无法开机[SEP]20231111科室工作人员在使用前对设备检查时候发现设备无法开机通知设备科到场进行检修[SEP],无,科室工作人员在使用前对设备检查时候发现设备无法开机,20231111科室工作人员在使用前对设备检查时候发现设备无法开机通知设备科到场进行检修,产品原因（包括说明书等）,科室工作人员在使用前对设备检查时候发现设备无法开机设备科到场检修发现设备电路板连接线短路,无,[CLS]无[SEP]科室工作人员在使用前对设备检查时候发现设备无法开机[SEP]20231111科室工作人员在使用前对设备检查时候发现设备无法开机通知设备科到场进行检修[SEP],科室工作人员在使用前对设备检查时候发现设备无法开机,20231111科室工作人员在使用前对设备检查时候发现设备无法开机通知设备科到场进行检修,由于该设备已使用10年处于超预期使用状态长期临床使用电源板连接线插头老化脱焊并非医院描述的短路无法正常为设备传递电量导致设备无法正常开机
1203203102023000286,其他,[CLS]null[SEP]前面板破损[SEP]前面板破损[SEP],null,前面板破损,前面板破损,操作原因,null,null,[CLS]null[SEP]前面板破损[SEP]前面板破损[SEP],前面板破损,前面板破损,由于该设备已使用10年处于超预期使用状态长期临床使用前壳材质老化受外力作用导致破损
1274204002023000898,其他,[CLS]无[SEP]设备固定注射器的卡扣断掉无法正常使用[SEP]设备固定注射器的卡扣断掉无法正常使用[SEP],无,设备固定注射器的卡扣断掉无法正常使用,设备固定注射器的卡扣断掉无法正常使用,无法确定,null,无,[CLS]无[SEP]设备固定注射器的卡扣断掉无法正常使用[SEP]设备固定注射器的卡扣断掉无法正常使用[SEP],设备固定注射器的卡扣断掉无法正常使用,设备固定注射器的卡扣断掉无法正常使用,由于该设备已使用10年处于超预期使用状态长期临床使用压柄导向柱材质老化导致出现开裂现象
1376108032023000531,其他,[CLS]无[SEP]捏柄损坏无法使用[SEP]20231208医护人员准备给患者使用时发现捏柄损坏无法使用停止使用更换新的使用[SEP],无,捏柄损坏无法使用,20231208医护人员准备给患者使用时发现捏柄损坏无法使用停止使用更换新的使用,产品原因（包括说明书等）,多考虑使用期间损耗所致,无,[CLS]无[SEP]捏柄损坏无法使用[SEP]20231208医护人员准备给患者使用时发现捏柄损坏无法使用停止使用更换新的使用[SEP],捏柄损坏无法使用,20231208医护人员准备给患者使用时发现捏柄损坏无法使用停止使用更换新的使用,由于该设备已使用10年处于超预期使用状态长期临床使用频繁捏合捏柄导致捏柄材质老化开裂
1253717002023000518,严重伤害,[CLS]滴注过快短时间造成给药过载增大患者身体负荷[SEP]泵速过快[SEP]2023年12月4号18点10分更换尼莫地平注射液50ml以5mlh微量泵持续泵入于12月5号凌晨1点40分结束50ml注射液以5mlh本应10小时泵完75个小时就结束了滴注过快短时间造成给药过载增大患者身体负荷影响大特上报不良事件并通知设备科[SEP],滴注过快短时间造成给药过载增大患者身体负荷,泵速过快,2023年12月4号18点10分更换尼莫地平注射液50ml以5mlh微量泵持续泵入于12月5号凌晨1点40分结束50ml注射液以5mlh本应10小时泵完75个小时就结束了滴注过快短时间造成给药过载增大患者身体负荷影响大特上报不良事件并通知设备科,产品原因（包括说明书等）,机器问题,滴注过快短时间造成给药过载增大患者身体负荷,[CLS]滴注过快短时间造成给药过载增大患者身体负荷[SEP]泵速过快[SEP]2023年12月4号18点10分更换尼莫地平注射液50ml以5mlh微量泵持续泵入于12月5号凌晨1点40分结束50ml注射液以5mlh本应10小时泵完75个小时就结束了滴注过快短时间造成给药过载增大患者身体负荷影响大特上报不良事件并通知设备科[SEP],泵速过快,2023年12月4号18点10分更换尼莫地平注射液50ml以5mlh微量泵持续泵入于12月5号凌晨1点40分结束50ml注射液以5mlh本应10小时泵完75个小时就结束了滴注过快短时间造成给药过载增大患者身体负荷影响大特上报不良事件并通知设备科,院方上报的是严重伤害根据严重伤害的定义我公司认为应为其他由于医院长期未进行注射器校准设备内存储的注射器参数与实际上泵的注射器参数不一致设备无法正常控制注射器管路内液体流速导致实际流速大于设定流速
1253701122023000611,严重伤害,[CLS]无法注射药物[SEP]拉杆断裂[SEP]2023年12月13日科室给予患者注射泵注射药物过程中设备拉杆断裂未对患者造成影响[SEP],无法注射药物,拉杆断裂,2023年12月13日科室给予患者注射泵注射药物过程中设备拉杆断裂未对患者造成影响,无法确定,设备管理部工程师接报修后到达科室对设备进行检查需更换拉杆,无法注射药物,[CLS]无法注射药物[SEP]拉杆断裂[SEP]2023年12月13日科室给予患者注射泵注射药物过程中设备拉杆断裂未对患者造成影响[SEP],拉杆断裂,2023年12月13日科室给予患者注射泵注射药物过程中设备拉杆断裂未对患者造成影响,院方上报的是严重伤害根据严重伤害的定义我公司认为应为其他由于该设备已使用10年处于超预期使用状态长期临床使用前壳上的压柄导向柱材质老化开裂无法正常固定注射泵
1253701122023000614,严重伤害,[CLS]无法注射药物[SEP]推进旋杆卡住[SEP]2023年12月13日科室工作人员在使用注射泵为患者进行药物注射时发现旋杆卡住未对患者造成影响[SEP],无法注射药物,推进旋杆卡住,2023年12月13日科室工作人员在使用注射泵为患者进行药物注射时发现旋杆卡住未对患者造成影响,无法确定,设备管理部工程师接报修后到达科室清理旋杆,无法注射药物,[CLS]无法注射药物[SEP]推进旋杆卡住[SEP]2023年12月13日科室工作人员在使用注射泵为患者进行药物注射时发现旋杆卡住未对患者造成影响[SEP],推进旋杆卡住,2023年12月13日科室工作人员在使用注射泵为患者进行药物注射时发现旋杆卡住未对患者造成影响,院方上报的是严重伤害根据严重伤害的定义我公司认为应为其他由于该设备已使用11年处于超预期使用状态临床使用不慎将药液洒在空心轴套管上未及时清理风干后药液干粉附着在空心轴套筒表面导致推注时发生卡顿现象
1376108032023000567,其他,[CLS]无[SEP]捏柄损坏[SEP]20231212护士在使用注射泵时发现捏柄损坏设备无法使用及时更换[SEP],无,捏柄损坏,20231212护士在使用注射泵时发现捏柄损坏设备无法使用及时更换,产品原因（包括说明书等）,多考虑1产品本身存在缺陷2操作人员未按产品说明书对产品进行维护和保养,无,[CLS]无[SEP]捏柄损坏[SEP]20231212护士在使用注射泵时发现捏柄损坏设备无法使用及时更换[SEP],捏柄损坏,20231212护士在使用注射泵时发现捏柄损坏设备无法使用及时更换,经过分析和实验我们发现使用ABS硬塑料内嵌金属预埋件材质制作的捏柄在经过数万次捏合后可能会出现开裂现象在ABS中增加适量玻纤再按相同工艺制作捏柄做对比实验没有出现开裂现象推测ABS硬塑料内嵌金属预埋件材质强度不够造成捏柄开裂
1253718032023000407,其他,[CLS]null[SEP]设备报警不出声音[SEP]2023年10月8日胃肠二护士在给病人使用时发现设备报警不出声音的异常情况科室给医工部报修后工程师发现报警喇叭坏更换喇叭后设备可正常使用未给科室造成影响[SEP],null,设备报警不出声音,2023年10月8日胃肠二护士在给病人使用时发现设备报警不出声音的异常情况科室给医工部报修后工程师发现报警喇叭坏更换喇叭后设备可正常使用未给科室造成影响,产品原因（包括说明书等）,报警喇叭坏,null,[CLS]null[SEP]设备报警不出声音[SEP]2023年10月8日胃肠二护士在给病人使用时发现设备报警不出声音的异常情况科室给医工部报修后工程师发现报警喇叭坏更换喇叭后设备可正常使用未给科室造成影响[SEP],设备报警不出声音,2023年10月8日胃肠二护士在给病人使用时发现设备报警不出声音的异常情况科室给医工部报修后工程师发现报警喇叭坏更换喇叭后设备可正常使用未给科室造成影响,1售后工程师拆机检查发现喇叭本身不发声判断是喇叭不良2喇叭不良的原因分析是喇叭内部电线焊接不良在使用过程中由于转运搬动设备线束晃动导致焊点松动脱落无法正常导电发声
1376108032023000656,其他,[CLS]无[SEP]无法识别注射器[SEP]20231220医护人员准备给患者使用注射泵时无法识别注射器停止使用更换新的使用[SEP],无,无法识别注射器,20231220医护人员准备给患者使用注射泵时无法识别注射器停止使用更换新的使用,产品原因（包括说明书等）,多考虑该产品存在质量问题,无,[CLS]无[SEP]无法识别注射器[SEP]20231220医护人员准备给患者使用注射泵时无法识别注射器停止使用更换新的使用[SEP],无法识别注射器,20231220医护人员准备给患者使用注射泵时无法识别注射器停止使用更换新的使用,由于该设备已使用10年处于超预期使用状态长期临床使用频繁搬动设备设备震动跌宕内部电线晃动导致短电位器插头松动无法正常识别上泵注射器规格
1376108032023000644,其他,[CLS]无[SEP]捏柄断裂[SEP]20231219医护人员准备给患者使用注射泵时发现捏柄断裂停止使用更换新的使用[SEP],无,捏柄断裂,20231219医护人员准备给患者使用注射泵时发现捏柄断裂停止使用更换新的使用,产品原因（包括说明书等）,多考虑该产品存在质量问题,无,[CLS]无[SEP]捏柄断裂[SEP]20231219医护人员准备给患者使用注射泵时发现捏柄断裂停止使用更换新的使用[SEP],捏柄断裂,20231219医护人员准备给患者使用注射泵时发现捏柄断裂停止使用更换新的使用,经过分析和实验我们发现使用ABS硬塑料内嵌金属预埋件材质制作的捏柄在经过数万次捏合后可能会出现开裂现象在ABS中增加适量玻纤再按相同工艺制作捏柄做对比实验没有出现开裂现象推测ABS硬塑料内嵌金属预埋件材质强度不够造成捏柄开裂
1376108032023000637,其他,[CLS]无[SEP]无法开机[SEP]20231218医护人员准备给患者使用注射泵时无法开机停止使用更换新的使用[SEP],无,无法开机,20231218医护人员准备给患者使用注射泵时无法开机停止使用更换新的使用,产品原因（包括说明书等）,多考虑1该产品存在质量缺陷2操作者未按说明书对产品进行维护和保养,无,[CLS]无[SEP]无法开机[SEP]20231218医护人员准备给患者使用注射泵时无法开机停止使用更换新的使用[SEP],无法开机,20231218医护人员准备给患者使用注射泵时无法开机停止使用更换新的使用,1经售后工程师检查电源板连接线插头松动无法为设备传递电量导致设备无法正常开机2由于该设备已使用5年处于超预期使用状态长期临床使用频繁搬动设备设备震动跌宕内部电线晃动导致电源板连接线插头松动
1376108032023000605,其他,[CLS]无[SEP]报警阻塞无法使用[SEP]20231214医务人员调试注射泵时发现报警阻塞无法使用[SEP],无,报警阻塞无法使用,20231214医务人员调试注射泵时发现报警阻塞无法使用,产品原因（包括说明书等）,多考虑1产品本身存在缺陷2操作人员未按产品说明书对产品进行维护和保养,无,[CLS]无[SEP]报警阻塞无法使用[SEP]20231214医务人员调试注射泵时发现报警阻塞无法使用[SEP],报警阻塞无法使用,20231214医务人员调试注射泵时发现报警阻塞无法使用,1售后工程师拆机检查发现内部压力传感器插头松动无法正常监测管路内压力值导致提示阻塞报警2由于该设备已使用10年处于超预期使用状态长期临床使用频繁搬动设备设备震动跌宕内部电线晃动导致压力传感器插头松动
1376108032023000621,其他,[CLS]无[SEP]报警离合未闭[SEP]20231215医务人员调试注射泵时开机后报警离合未闭停止使用[SEP],无,报警离合未闭,20231215医务人员调试注射泵时开机后报警离合未闭停止使用,产品原因（包括说明书等）,多考虑1产品本身存在缺陷2操作人员未按产品说明书对产品进行维护和保养,无,[CLS]无[SEP]报警离合未闭[SEP]20231215医务人员调试注射泵时开机后报警离合未闭停止使用[SEP],报警离合未闭,20231215医务人员调试注射泵时开机后报警离合未闭停止使用,1经售后工程师拆机检查发现内部FPC线破损导致设备报警离合未闭2FPC线破损的原因分析是由于该设备已使用5年处于超预期使用状态长期临床使用导致FPC线老化破损
1376108032023000626,其他,[CLS]无[SEP]电池无法充电[SEP]20231215医务人员调试注射泵时发现电池无法充电停止使用[SEP],无,电池无法充电,20231215医务人员调试注射泵时发现电池无法充电停止使用,产品原因（包括说明书等）,多考虑1产品本身存在缺陷2操作人员未按产品说明书对产品进行维护和保养,无,[CLS]无[SEP]电池无法充电[SEP]20231215医务人员调试注射泵时发现电池无法充电停止使用[SEP],电池无法充电,20231215医务人员调试注射泵时发现电池无法充电停止使用,由于该设备已使用10年处于超预期使用状态长期临床使用频繁对电池进行充放电运行导致电池老化故障无法充电
1162102002023000712,其他,[CLS]无患者[SEP]D150101_断裂[SEP]在工程师日常巡检中发现该注射泵的注入量不准经检查发现是注射器夹杆断裂导致经与厂家工程是沟通发现是设备老化导致重新更换后设备可正常使用[SEP],无患者,D150101_断裂,在工程师日常巡检中发现该注射泵的注入量不准经检查发现是注射器夹杆断裂导致经与厂家工程是沟通发现是设备老化导致重新更换后设备可正常使用,产品原因（包括说明书等）,在工程师日常巡检中发现该设备注入量不准经检查发现注射器夹杆断裂经与厂家工程是沟通发现是设备老化导致,无患者,[CLS]无患者[SEP]D150101_断裂[SEP]在工程师日常巡检中发现该注射泵的注入量不准经检查发现是注射器夹杆断裂导致经与厂家工程是沟通发现是设备老化导致重新更换后设备可正常使用[SEP],D150101_断裂,在工程师日常巡检中发现该注射泵的注入量不准经检查发现是注射器夹杆断裂导致经与厂家工程是沟通发现是设备老化导致重新更换后设备可正常使用,由于该设备已使用11年处于超预期使用状态长期临床使用压柄导向柱材质老化断裂无法正常支撑压柄固定上泵的注射器
1376108012023000317,严重伤害,[CLS]无[SEP]D040505_流速不准[SEP]20231211使用注射泵进行患者给药检查发现存在流速过快的问题立即停止使用并报医学装备部工程师进行重新校准此事件的发生因医务人员发现及时未发生伤害事件考虑此产品经过维护和保养后再次使用时如出现同类故障有可能给患者造成严重伤害[SEP],无,D040505_流速不准,20231211使用注射泵进行患者给药检查发现存在流速过快的问题立即停止使用并报医学装备部工程师进行重新校准此事件的发生因医务人员发现及时未发生伤害事件考虑此产品经过维护和保养后再次使用时如出现同类故障有可能给患者造成严重伤害,"产品原因（包括说明书等）,操作原因",多考虑1产品本身存在缺陷2操作人员未按产品说明书对产品进行维护和保养,无,[CLS]无[SEP]D040505_流速不准[SEP]20231211使用注射泵进行患者给药检查发现存在流速过快的问题立即停止使用并报医学装备部工程师进行重新校准此事件的发生因医务人员发现及时未发生伤害事件考虑此产品经过维护和保养后再次使用时如出现同类故障有可能给患者造成严重伤害[SEP],D040505_流速不准,20231211使用注射泵进行患者给药检查发现存在流速过快的问题立即停止使用并报医学装备部工程师进行重新校准此事件的发生因医务人员发现及时未发生伤害事件考虑此产品经过维护和保养后再次使用时如出现同类故障有可能给患者造成严重伤害,院方上报的是严重伤害根据严重伤害的定义我公司认为应为其他由于医院长期未进行注射器校准设备内存储的注射器参数与实际上泵的注射器参数不一致设备无法正常控制注射器管路内液体流速导致实际流速大于设定流速
1294419292023000397,其他,[CLS]null[SEP]泵不走[SEP]2023年11月15日医护人员发现注射泵出现故障送到设备科检修[SEP],null,泵不走,2023年11月15日医护人员发现注射泵出现故障送到设备科检修,无法确定,经检查发现是内部电路排线断,null,[CLS]null[SEP]泵不走[SEP]2023年11月15日医护人员发现注射泵出现故障送到设备科检修[SEP],泵不走,2023年11月15日医护人员发现注射泵出现故障送到设备科检修,1经售后工程师拆机检查发现设备内部FPC线损坏FPC线的功能之一是负责传递离合检测信号损坏后造成检测信号中断发生报警报警后设备不能注射药物无法正常使用2FPC线损坏的原因分析可能是由于生产过程中内部FPC线未固定结实晃动FPC线与周围电路板摩擦导致磨损
1223401032023006453,其他,[CLS]null[SEP]注射泵不开机[SEP]注射泵不开机[SEP],null,注射泵不开机,注射泵不开机,无法确定,null,null,[CLS]null[SEP]注射泵不开机[SEP]注射泵不开机[SEP],注射泵不开机,注射泵不开机,由于该设备已使用5年处于超预期使用状态长期临床使用电源板老化发生故障无法为设备传递电量导致设备无法正常开机运行
1253715022023000426,其他,[CLS]延误患者及时治疗[SEP]报错误6[SEP]2023年11月6日科室使用设备为患者进行药物注射时设备报警错误6科室立即更换同类设备并联系设备科进行维修[SEP],延误患者及时治疗,报错误6,2023年11月6日科室使用设备为患者进行药物注射时设备报警错误6科室立即更换同类设备并联系设备科进行维修,产品原因（包括说明书等）,null,延误患者及时治疗,[CLS]延误患者及时治疗[SEP]报错误6[SEP]2023年11月6日科室使用设备为患者进行药物注射时设备报警错误6科室立即更换同类设备并联系设备科进行维修[SEP],报错误6,2023年11月6日科室使用设备为患者进行药物注射时设备报警错误6科室立即更换同类设备并联系设备科进行维修,设备科工程师拆机检查发现压力传感器松动并非医院描述的电机排线造成接触不良引发报警分析可能是由于长期临床搬动设备内部电线震动导致压力传感器插头松动
1253717072023001259,其他,[CLS]无[SEP]注射泵开机故障[SEP]2023年11月7日科室上报注射泵无法使用开机故障经现场确定为电池供电故障拆机检查发现电源电池供电故障供电线断裂维修正常使用[SEP],无,注射泵开机故障,2023年11月7日科室上报注射泵无法使用开机故障经现场确定为电池供电故障拆机检查发现电源电池供电故障供电线断裂维修正常使用,产品原因（包括说明书等）,电源电池供电故障供电线断裂,无,[CLS]无[SEP]注射泵开机故障[SEP]2023年11月7日科室上报注射泵无法使用开机故障经现场确定为电池供电故障拆机检查发现电源电池供电故障供电线断裂维修正常使用[SEP],注射泵开机故障,2023年11月7日科室上报注射泵无法使用开机故障经现场确定为电池供电故障拆机检查发现电源电池供电故障供电线断裂维修正常使用,由于该设备已使用6年处于超预期使用状态长期临床使用电池连接线老化开裂导致电池接触不良无法正常为设备提供电量
1253718062023000285,其他,[CLS]null[SEP]开机后报错系统故障1[SEP]准备给患者使用注射泵时通电开机报错系统故障1[SEP],null,开机后报错系统故障1,准备给患者使用注射泵时通电开机报错系统故障1,产品原因（包括说明书等）,null,null,[CLS]null[SEP]开机后报错系统故障1[SEP]准备给患者使用注射泵时通电开机报错系统故障1[SEP],开机后报错系统故障1,准备给患者使用注射泵时通电开机报错系统故障1,1经检查故障发生的原因为电机模块的螺丝脱落卡在电机上电机运行过程中被螺丝卡住无法正常步进导致电机烧坏2螺丝脱落的原因分析为由于该设备已使用6年处于超预期使用状态长期临床转运搬动设备设备震动跌宕内部螺丝随设备晃动发生松动现象长期松动导致脱落
1376104002023000552,其他,[CLS]无[SEP]异常报警[SEP]20231030护士在给患者接入注射泵的过程中注射泵开机异常报警无法推送液体停止使用及时更换[SEP],无,异常报警,20231030护士在给患者接入注射泵的过程中注射泵开机异常报警无法推送液体停止使用及时更换,无法确定,经检测判断为注射泵内置导联线脱落松动导致注射泵异常报警,无,[CLS]无[SEP]异常报警[SEP]20231030护士在给患者接入注射泵的过程中注射泵开机异常报警无法推送液体停止使用及时更换[SEP],异常报警,20231030护士在给患者接入注射泵的过程中注射泵开机异常报警无法推送液体停止使用及时更换,经售后工程师拆机检查内部压力传感器插头松动分析是由于临床使用频繁搬动设备设备震动跌宕内部电线晃动导致压力传感器插头松动
1376104002023000554,其他,[CLS]无[SEP]无法开机[SEP]20231029护士在给患者接入注射泵进行药物推送的过程中发现注射泵无法正常开机停止使用及时更换[SEP],无,无法开机,20231029护士在给患者接入注射泵进行药物推送的过程中发现注射泵无法正常开机停止使用及时更换,无法确定,经检测判断为注射泵电路板故障导致注射泵无法开机,无,[CLS]无[SEP]无法开机[SEP]20231029护士在给患者接入注射泵进行药物推送的过程中发现注射泵无法正常开机停止使用及时更换[SEP],无法开机,20231029护士在给患者接入注射泵进行药物推送的过程中发现注射泵无法正常开机停止使用及时更换,1经售后工程师拆机检查实际故障原因为内部电源模块插头松动导致无法正常为设备提供电量并非医院描述的电路板故障2插头松动的原因分析是由于长期临床使用频繁搬动设备设备震动跌宕内部电线晃动导致电源模块插头松动
1376104002023000553,其他,[CLS]无[SEP]无法推送液体[SEP]20231029护士在给患者接入注射泵进行药物推送的过程中发现注射泵无法推送药液停止使用及时更换[SEP],无,无法推送液体,20231029护士在给患者接入注射泵进行药物推送的过程中发现注射泵无法推送药液停止使用及时更换,无法确定,经检测判断为注射泵内部连接线脱落导致注射泵无法推送药液,无,[CLS]无[SEP]无法推送液体[SEP]20231029护士在给患者接入注射泵进行药物推送的过程中发现注射泵无法推送药液停止使用及时更换[SEP],无法推送液体,20231029护士在给患者接入注射泵进行药物推送的过程中发现注射泵无法推送药液停止使用及时更换,由于该设备已使用10年处于超预期使用状态长期临床使用频繁搬动设备设备震动跌宕内部电线晃动长电位器插头松动无法正常传递信号导致设备启动后无法正常运行
1151510102023000504,其他,[CLS]无[SEP]D15050701_器械相互磨损[SEP]2023112使用前检查设备时发现微量泵的推进杆老化开裂存在推进计量不准确的风险[SEP],无,D15050701_器械相互磨损,2023112使用前检查设备时发现微量泵的推进杆老化开裂存在推进计量不准确的风险,产品原因（包括说明书等）,微量泵的推进杆老化开裂建议改进生产材料,无,[CLS]无[SEP]D15050701_器械相互磨损[SEP]2023112使用前检查设备时发现微量泵的推进杆老化开裂存在推进计量不准确的风险[SEP],D15050701_器械相互磨损,2023112使用前检查设备时发现微量泵的推进杆老化开裂存在推进计量不准确的风险,由于该设备已使用11年处于超预期使用状态长期临床使用空心轴套管材质老化开裂
1137404732023000189,其他,[CLS]无[SEP]使用过程中突然黑屏[SEP]20231028患者需要精准注射医生在给患者使用注射泵时发现突然黑屏立即使用备用注射泵进行后续注射工作联系设备科说明情况[SEP],无,使用过程中突然黑屏,20231028患者需要精准注射医生在给患者使用注射泵时发现突然黑屏立即使用备用注射泵进行后续注射工作联系设备科说明情况,产品原因（包括说明书等）,考虑是否接触不良了,无,[CLS]无[SEP]使用过程中突然黑屏[SEP]20231028患者需要精准注射医生在给患者使用注射泵时发现突然黑屏立即使用备用注射泵进行后续注射工作联系设备科说明情况[SEP],使用过程中突然黑屏,20231028患者需要精准注射医生在给患者使用注射泵时发现突然黑屏立即使用备用注射泵进行后续注射工作联系设备科说明情况,由于该设备已使用12年处于超预期使用状态长期临床使用频繁搬动设备设备震动跌宕内部电线晃动导致显示屏插头脱落无法正常传递影像信息
1294419682023000050,其他,[CLS]注射泵不能正常使用[SEP]柱塞推杆的抓手部位胶片断开[SEP]2023年10月20日内一护士为患者进行静脉推注使用注射泵时柱塞推杆的抓手部位胶片断开更换了同一型呈同一厂家的设备结果正常使用出现同一问题有3台注射泵报设备维修组工程师在柱塞推杆的抓手部位加上螺丝钉一样可以使用[SEP],注射泵不能正常使用,柱塞推杆的抓手部位胶片断开,2023年10月20日内一护士为患者进行静脉推注使用注射泵时柱塞推杆的抓手部位胶片断开更换了同一型呈同一厂家的设备结果正常使用出现同一问题有3台注射泵报设备维修组工程师在柱塞推杆的抓手部位加上螺丝钉一样可以使用,产品原因（包括说明书等）,柱塞推杆的抓手部位胶片断开,注射泵不能正常使用,[CLS]注射泵不能正常使用[SEP]柱塞推杆的抓手部位胶片断开[SEP]2023年10月20日内一护士为患者进行静脉推注使用注射泵时柱塞推杆的抓手部位胶片断开更换了同一型呈同一厂家的设备结果正常使用出现同一问题有3台注射泵报设备维修组工程师在柱塞推杆的抓手部位加上螺丝钉一样可以使用[SEP],柱塞推杆的抓手部位胶片断开,2023年10月20日内一护士为患者进行静脉推注使用注射泵时柱塞推杆的抓手部位胶片断开更换了同一型呈同一厂家的设备结果正常使用出现同一问题有3台注射泵报设备维修组工程师在柱塞推杆的抓手部位加上螺丝钉一样可以使用,由于设备在医院使用5年处于超预期使用状态长期临床使用频繁捏合捏柄导致捏柄材质老化开裂
1253718032023000289,其他,[CLS]null[SEP]机器开不开机[SEP]2023年7月18日急诊内科护士在使用注射泵时发现机器开不开机更换其他设备使用报修后工程师发现机器电源板故障维修电路板更换电路板元件设备修复[SEP],null,机器开不开机,2023年7月18日急诊内科护士在使用注射泵时发现机器开不开机更换其他设备使用报修后工程师发现机器电源板故障维修电路板更换电路板元件设备修复,产品原因（包括说明书等）,机器电源板故障,null,[CLS]null[SEP]机器开不开机[SEP]2023年7月18日急诊内科护士在使用注射泵时发现机器开不开机更换其他设备使用报修后工程师发现机器电源板故障维修电路板更换电路板元件设备修复[SEP],机器开不开机,2023年7月18日急诊内科护士在使用注射泵时发现机器开不开机更换其他设备使用报修后工程师发现机器电源板故障维修电路板更换电路板元件设备修复,由于该设备已使用6年处于超预期使用状态长期临床使用电源板上元器件老化故障导致电路板无法传递电量
1406545002023001550,其他,[CLS]无[SEP]D0101_故障提示[SEP]临床正常使用仪器报故障显示注射器错误无法使用[SEP],无,D0101_故障提示,临床正常使用仪器报故障显示注射器错误无法使用,"产品原因（包括说明书等）,无法确定",打开仪器传感器接头松动,无,[CLS]无[SEP]D0101_故障提示[SEP]临床正常使用仪器报故障显示注射器错误无法使用[SEP],D0101_故障提示,临床正常使用仪器报故障显示注射器错误无法使用,由于该设备已使用8年处于超预期使用状态长期临床使用频繁搬动设备设备震动跌宕内部电线晃动导致短电位器插头松动无法正常识别注射器
1274204002023000768,其他,[CLS]null[SEP]注射泵时间显示不对[SEP]注射泵时间显示不对[SEP],null,注射泵时间显示不对,注射泵时间显示不对,产品原因（包括说明书等）,检查后发现转班电池没电导致时间显示不对,null,[CLS]null[SEP]注射泵时间显示不对[SEP]注射泵时间显示不对[SEP],注射泵时间显示不对,注射泵时间显示不对,由于该设备已使用5年处于超预期使用状态长期临床使用主控板上纽扣电池电量耗尽无法正常为主控板供电导致系统上的时间与实际时间不一致
1253711042023000435,其他,[CLS]设备使用过程中突发故障无法正常为病人使用影响了病人注射治疗[SEP]D1201_设备或部件脱离[SEP]2023年9月8日科室工作人员使用该设备为病人进行注射准备时该设备注射夹子断裂无法正常使用科室工作人员立即更换其他设备为病人进行治疗并报修维修工程师[SEP],设备使用过程中突发故障无法正常为病人使用影响了病人注射治疗,D1201_设备或部件脱离,2023年9月8日科室工作人员使用该设备为病人进行注射准备时该设备注射夹子断裂无法正常使用科室工作人员立即更换其他设备为病人进行治疗并报修维修工程师,产品原因（包括说明书等）,经维修工程师维修判定该设备因使用频率高设备磨损老化导致注射夹子断裂,设备使用过程中突发故障无法正常为病人使用影响了病人注射治疗,[CLS]设备使用过程中突发故障无法正常为病人使用影响了病人注射治疗[SEP]D1201_设备或部件脱离[SEP]2023年9月8日科室工作人员使用该设备为病人进行注射准备时该设备注射夹子断裂无法正常使用科室工作人员立即更换其他设备为病人进行治疗并报修维修工程师[SEP],D1201_设备或部件脱离,2023年9月8日科室工作人员使用该设备为病人进行注射准备时该设备注射夹子断裂无法正常使用科室工作人员立即更换其他设备为病人进行治疗并报修维修工程师,由于该设备已使用6年处于超预期使用状态长期临床使用频繁捏合捏柄导致捏柄材质老化开裂
1406545002023001765,其他,[CLS]无[SEP]D010301_操作失效[SEP]检查发现机器启动后能识别针管点击运行后不运行也未报错停机[SEP],无,D010301_操作失效,检查发现机器启动后能识别针管点击运行后不运行也未报错停机,无法确定,null,无,[CLS]无[SEP]D010301_操作失效[SEP]检查发现机器启动后能识别针管点击运行后不运行也未报错停机[SEP],D010301_操作失效,检查发现机器启动后能识别针管点击运行后不运行也未报错停机,由于该设备已使用11年处于超预期使用状态长期临床使用短电位器老化发生故障导致无法识别安装的注射器规格
1274218022023000217,其他,[CLS]无[SEP]注射泵电机故障[SEP]2023年9月16日值班护士发现注射泵故障无法使用立即向设备科报修经检修后设备恢复正常[SEP],无,注射泵电机故障,2023年9月16日值班护士发现注射泵故障无法使用立即向设备科报修经检修后设备恢复正常,产品原因（包括说明书等）,null,无,[CLS]无[SEP]注射泵电机故障[SEP]2023年9月16日值班护士发现注射泵故障无法使用立即向设备科报修经检修后设备恢复正常[SEP],注射泵电机故障,2023年9月16日值班护士发现注射泵故障无法使用立即向设备科报修经检修后设备恢复正常,由于该设备已使用11年处于超预期使用状态长期临床使用电机老化发生故障导致设备无法正常运行
1294419292023000337,其他,[CLS]null[SEP]报警声音缺失[SEP]2023年10月11日1620医护人员发现注射泵没有报警声音送到设备科检修[SEP],null,报警声音缺失,2023年10月11日1620医护人员发现注射泵没有报警声音送到设备科检修,无法确定,经检查发现是喇叭损坏,null,[CLS]null[SEP]报警声音缺失[SEP]2023年10月11日1620医护人员发现注射泵没有报警声音送到设备科检修[SEP],报警声音缺失,2023年10月11日1620医护人员发现注射泵没有报警声音送到设备科检修,1拆机检查发现喇叭本身不发声判断是喇叭不良2喇叭不良的原因分析是喇叭内部电线焊接不良在使用过程中由于转运搬动设备线束晃动导致焊点松动脱落无法正常导电发声
1162107002023000893,其他,[CLS]无伤害事件发生[SEP]电源线损坏[SEP]工作人员对设备进行日常巡检过程中发现设备电源线损坏[SEP],无伤害事件发生,电源线损坏,工作人员对设备进行日常巡检过程中发现设备电源线损坏,无法确定,配件老化,无伤害事件发生,[CLS]无伤害事件发生[SEP]电源线损坏[SEP]工作人员对设备进行日常巡检过程中发现设备电源线损坏[SEP],电源线损坏,工作人员对设备进行日常巡检过程中发现设备电源线损坏,由于该设备已使用8年处于超预期使用状态长期临床使用频繁拉扯弯折电源线导致电源线外表皮破损内部电线外露磨损断裂无法正常为设备传递电量
1294419442023000192,其他,[CLS]null[SEP]D010501_准备启动失效[SEP]2023年10月9日1150在为术后患者使用注射泵注射药物时发现该注射泵不能通电开不了机不能正常使用更换另一台注射泵进行注射运行正常[SEP],null,D010501_准备启动失效,2023年10月9日1150在为术后患者使用注射泵注射药物时发现该注射泵不能通电开不了机不能正常使用更换另一台注射泵进行注射运行正常,产品原因（包括说明书等）,怀疑电源板烧坏所致,null,[CLS]null[SEP]D010501_准备启动失效[SEP]2023年10月9日1150在为术后患者使用注射泵注射药物时发现该注射泵不能通电开不了机不能正常使用更换另一台注射泵进行注射运行正常[SEP],D010501_准备启动失效,2023年10月9日1150在为术后患者使用注射泵注射药物时发现该注射泵不能通电开不了机不能正常使用更换另一台注射泵进行注射运行正常,由于该设备已使用10年处于超预期使用状态长期临床使用频繁搬动设备设备震动跌宕内部电线晃动导致电源板插头松动无法正常为设备传递电量
1253717032023000780,其他,[CLS]null[SEP]科室工作人员在使用前对设备检查时候发现设备注射器夹持器柄断[SEP]20231104科室工作人员在使用前对设备检查时候发现设备注射器夹持器柄断通知设备科到场检修[SEP],null,科室工作人员在使用前对设备检查时候发现设备注射器夹持器柄断,20231104科室工作人员在使用前对设备检查时候发现设备注射器夹持器柄断通知设备科到场检修,产品原因（包括说明书等）,注射器夹持器柄断通知设备科到场检修,null,[CLS]null[SEP]科室工作人员在使用前对设备检查时候发现设备注射器夹持器柄断[SEP]20231104科室工作人员在使用前对设备检查时候发现设备注射器夹持器柄断通知设备科到场检修[SEP],科室工作人员在使用前对设备检查时候发现设备注射器夹持器柄断,20231104科室工作人员在使用前对设备检查时候发现设备注射器夹持器柄断通知设备科到场检修,由于该设备已使用10年处于超预期使用状态长期临床使用频繁捏合捏柄导致捏柄材质老化开裂
1386204092023000863,其他,[CLS]null[SEP]蓄电池不充电[SEP]医护人员在进行设备检查时发现无法对蓄电池进行充电随后通知设备科进行维修[SEP],null,蓄电池不充电,医护人员在进行设备检查时发现无法对蓄电池进行充电随后通知设备科进行维修,无法确定,null,null,[CLS]null[SEP]蓄电池不充电[SEP]医护人员在进行设备检查时发现无法对蓄电池进行充电随后通知设备科进行维修[SEP],蓄电池不充电,医护人员在进行设备检查时发现无法对蓄电池进行充电随后通知设备科进行维修,由于该设备已使用10年处于超预期使用状态长期临床使用频繁对电池进行充放电工作电池老化无法正常对电池进行充放电
1162103022023000333,其他,[CLS]无[SEP]捏手损坏[SEP]2023年10月27日预使用输液泵进行输液发现输液泵捏手损坏设备无法使用未对患者造成伤害[SEP],无,捏手损坏,2023年10月27日预使用输液泵进行输液发现输液泵捏手损坏设备无法使用未对患者造成伤害,产品原因（包括说明书等）,产品原因,无,[CLS]无[SEP]捏手损坏[SEP]2023年10月27日预使用输液泵进行输液发现输液泵捏手损坏设备无法使用未对患者造成伤害[SEP],捏手损坏,2023年10月27日预使用输液泵进行输液发现输液泵捏手损坏设备无法使用未对患者造成伤害,由于该设备已使用11年处于超预期使用状态长期临床使用频繁捏合捏柄导致捏柄材质老化开裂
1253706042023000531,其他,[CLS]无[SEP]注射泵固定夹固定不住[SEP]2023年11月22的上午科室医生在准备使用时发现注射泵的固定夹固定不住申报设备科维修未产生伤害经设备科维修检查发现是固定夹损坏后经设备科更换注射泵的固定夹后已正常使用[SEP],无,注射泵固定夹固定不住,2023年11月22的上午科室医生在准备使用时发现注射泵的固定夹固定不住申报设备科维修未产生伤害经设备科维修检查发现是固定夹损坏后经设备科更换注射泵的固定夹后已正常使用,无法确定,注射泵的固定夹固定不住,无,[CLS]无[SEP]注射泵固定夹固定不住[SEP]2023年11月22的上午科室医生在准备使用时发现注射泵的固定夹固定不住申报设备科维修未产生伤害经设备科维修检查发现是固定夹损坏后经设备科更换注射泵的固定夹后已正常使用[SEP],注射泵固定夹固定不住,2023年11月22的上午科室医生在准备使用时发现注射泵的固定夹固定不住申报设备科维修未产生伤害经设备科维修检查发现是固定夹损坏后经设备科更换注射泵的固定夹后已正常使用,由于该设备已使用9年处于超预期使用状态长期临床使用压柄材质老化开裂无法正常固定注射器
1335110362023000355,其他,[CLS]未造成伤害[SEP]D0101_故障提示D0305_松动连接[SEP]107日下午1548准备使用该注射泵为患者输注药物发现2通道提示注射器未顶紧多次调试均失败1550更换注射泵输注正常后联系设备科检修[SEP],未造成伤害,D0101_故障提示D0305_松动连接,107日下午1548准备使用该注射泵为患者输注药物发现2通道提示注射器未顶紧多次调试均失败1550更换注射泵输注正常后联系设备科检修,产品原因（包括说明书等）,传感器故障,未造成伤害,[CLS]未造成伤害[SEP]D0101_故障提示D0305_松动连接[SEP]107日下午1548准备使用该注射泵为患者输注药物发现2通道提示注射器未顶紧多次调试均失败1550更换注射泵输注正常后联系设备科检修[SEP],D0101_故障提示D0305_松动连接,107日下午1548准备使用该注射泵为患者输注药物发现2通道提示注射器未顶紧多次调试均失败1550更换注射泵输注正常后联系设备科检修,1经拆机检查发现注射器检测板线束发生破损导致信号传递异常引发报警2初步分析可能是由于生产时未将注射器检测板线束固定到位导致在临床使用时线束与内部结构件摩擦导致表皮破损内部电线断裂
1335110022023000495,其他,[CLS]未造成伤害[SEP]D080105_无报警声[SEP]20231023上午1032病人急性胰腺炎入院要使用注射泵泵药1143护士巡查发现药物已泵注完毕但未听到设备报警未给患者造成伤害设备于1416分交于设备科检修更换喇叭后正常未对患者造成明显伤害[SEP],未造成伤害,D080105_无报警声,20231023上午1032病人急性胰腺炎入院要使用注射泵泵药1143护士巡查发现药物已泵注完毕但未听到设备报警未给患者造成伤害设备于1416分交于设备科检修更换喇叭后正常未对患者造成明显伤害,产品原因（包括说明书等）,喇叭损坏报警时无声音,未造成伤害,[CLS]未造成伤害[SEP]D080105_无报警声[SEP]20231023上午1032病人急性胰腺炎入院要使用注射泵泵药1143护士巡查发现药物已泵注完毕但未听到设备报警未给患者造成伤害设备于1416分交于设备科检修更换喇叭后正常未对患者造成明显伤害[SEP],D080105_无报警声,20231023上午1032病人急性胰腺炎入院要使用注射泵泵药1143护士巡查发现药物已泵注完毕但未听到设备报警未给患者造成伤害设备于1416分交于设备科检修更换喇叭后正常未对患者造成明显伤害,1拆机检查发现喇叭本身不发声判断是喇叭不良2喇叭不良的原因分析是喇叭内部电线焊接不良在使用过程中由于转运搬动设备线束晃动导致焊点松动脱落无法正常导电发声
1162105002023000182,其他,[CLS]无[SEP]D040505_流速不准[SEP]2023年开6月7日护士使用该设备为患者治疗巡视发现注射量不准确处理给患者更换注射泵未对患者造成其他影响上报事件信息[SEP],无,D040505_流速不准,2023年开6月7日护士使用该设备为患者治疗巡视发现注射量不准确处理给患者更换注射泵未对患者造成其他影响上报事件信息,产品原因（包括说明书等）,开机护士觉得注射量不够准确给患者更换注射泵报修,无,[CLS]无[SEP]D040505_流速不准[SEP]2023年开6月7日护士使用该设备为患者治疗巡视发现注射量不准确处理给患者更换注射泵未对患者造成其他影响上报事件信息[SEP],D040505_流速不准,2023年开6月7日护士使用该设备为患者治疗巡视发现注射量不准确处理给患者更换注射泵未对患者造成其他影响上报事件信息,由于医院长期未进行注射器校准设备内存储的注射器参数与实际上泵的注射器参数不一致设备无法正常控制注射器管路内液体流速导致实际流速小于设定流速
1274201022023000639,其他,[CLS]null[SEP]下层泵出现故障[SEP]下层泵出现故障联系维修[SEP],null,下层泵出现故障,下层泵出现故障联系维修,无法确定,null,null,[CLS]null[SEP]下层泵出现故障[SEP]下层泵出现故障联系维修[SEP],下层泵出现故障,下层泵出现故障联系维修,由于该设备已使用10年处于超预期使用状态长期临床使用频繁捏合捏柄捏柄材质老化开裂无法正常安装注射器
1253711022023000423,其他,[CLS]未对患者造成影响[SEP]注射泵上通道无蜂鸣音报警[SEP]2023年10月31日接重症监护室报修其使用的注射泵上通道无声音报警提示经查看该注射泵上通道在注射器液体注射接近完成时及泵注完成后均无声音报警但报警指示灯闪烁判断为微型喇叭坏该次不良事件暂未对患者造成影响[SEP],未对患者造成影响,注射泵上通道无蜂鸣音报警,2023年10月31日接重症监护室报修其使用的注射泵上通道无声音报警提示经查看该注射泵上通道在注射器液体注射接近完成时及泵注完成后均无声音报警但报警指示灯闪烁判断为微型喇叭坏该次不良事件暂未对患者造成影响,产品原因（包括说明书等）,产品微型喇叭损坏,未对患者造成影响,[CLS]未对患者造成影响[SEP]注射泵上通道无蜂鸣音报警[SEP]2023年10月31日接重症监护室报修其使用的注射泵上通道无声音报警提示经查看该注射泵上通道在注射器液体注射接近完成时及泵注完成后均无声音报警但报警指示灯闪烁判断为微型喇叭坏该次不良事件暂未对患者造成影响[SEP],注射泵上通道无蜂鸣音报警,2023年10月31日接重症监护室报修其使用的注射泵上通道无声音报警提示经查看该注射泵上通道在注射器液体注射接近完成时及泵注完成后均无声音报警但报警指示灯闪烁判断为微型喇叭坏该次不良事件暂未对患者造成影响,1拆机检查发现喇叭本身不发声判断是喇叭不良2喇叭不良的原因分析是喇叭内部电线焊接不良在使用过程中由于转运搬动设备线束晃动导致焊点松动脱落无法正常导电发声
1162102002023000542,其他,[CLS]无[SEP]D150101_断裂[SEP]2023年11月20日医护人员使用注射泵为患者治疗前进行准备过程中安装注射器时发现无法识别注射器规格经工程师检查发现注射器拉杆支架断裂导致注射器位置不正确立即更换其它设备完成操作并上报设备科维修[SEP],无,D150101_断裂,2023年11月20日医护人员使用注射泵为患者治疗前进行准备过程中安装注射器时发现无法识别注射器规格经工程师检查发现注射器拉杆支架断裂导致注射器位置不正确立即更换其它设备完成操作并上报设备科维修,产品原因（包括说明书等）,医护人员使用注射泵为患者治疗前进行准备过程中安装注射器时发现无法识别注射器规格经检查发现注射器拉杆支架断裂导致注射器位置不正确,无,[CLS]无[SEP]D150101_断裂[SEP]2023年11月20日医护人员使用注射泵为患者治疗前进行准备过程中安装注射器时发现无法识别注射器规格经工程师检查发现注射器拉杆支架断裂导致注射器位置不正确立即更换其它设备完成操作并上报设备科维修[SEP],D150101_断裂,2023年11月20日医护人员使用注射泵为患者治疗前进行准备过程中安装注射器时发现无法识别注射器规格经工程师检查发现注射器拉杆支架断裂导致注射器位置不正确立即更换其它设备完成操作并上报设备科维修,由于该设备已使用10年处于超预期使用状态长期临床使用导致位于前壳的压柄导向柱材质老化开裂无法正常识别注射器规格
1253709092023000619,其他,[CLS]null[SEP]固定器故障[SEP]患者于1017入院与1021在常规泵入药物中固定器故障无法正常使用[SEP],null,固定器故障,患者于1017入院与1021在常规泵入药物中固定器故障无法正常使用,无法确定,null,null,[CLS]null[SEP]固定器故障[SEP]患者于1017入院与1021在常规泵入药物中固定器故障无法正常使用[SEP],固定器故障,患者于1017入院与1021在常规泵入药物中固定器故障无法正常使用,经过分析和实验我们发现使用ABS硬塑料内嵌金属预埋件材质制作的捏柄在经过数万次捏合后可能会出现开裂现象在ABS中增加适量玻纤再按相同工艺制作捏柄做对比实验没有出现开裂现象推测ABS硬塑料内嵌金属预埋件材质强度不够造成捏柄开裂
1294425602023000921,其他,[CLS]无[SEP]D1201_设备或部件脱离[SEP]20231120护士使用该注射泵给患者治疗时发现注射泵无法固定科室更换备用注射泵进行治疗[SEP],无,D1201_设备或部件脱离,20231120护士使用该注射泵给患者治疗时发现注射泵无法固定科室更换备用注射泵进行治疗,产品原因（包括说明书等）,仪器故障,无,[CLS]无[SEP]D1201_设备或部件脱离[SEP]20231120护士使用该注射泵给患者治疗时发现注射泵无法固定科室更换备用注射泵进行治疗[SEP],D1201_设备或部件脱离,20231120护士使用该注射泵给患者治疗时发现注射泵无法固定科室更换备用注射泵进行治疗,售后工程师检查设备发现紧固夹螺丝滑丝分析可能是由于临床使用过程中螺丝位置歪斜时用力扭动螺丝导致螺丝滑丝无法正常固定设备
1141408142023000249,其他,[CLS]null[SEP]按键失灵[SEP]设备按键失灵[SEP],null,按键失灵,设备按键失灵,产品原因（包括说明书等）,无法确定,null,[CLS]null[SEP]按键失灵[SEP]设备按键失灵[SEP],按键失灵,设备按键失灵,1经售后工程师拆机检查按键与主控板间隙内附着大量药液干粉导致按键接触不良2分析可能是临床使用过程中不慎有药液洒落未及时清理药液流入按键与主控板间隙内长期累积导致按键与主控板接触不良
1253706002023001561,严重伤害,[CLS]提示注射器识别失败[SEP]提示注射器识别失败[SEP]提示注射器识别失败[SEP],提示注射器识别失败,提示注射器识别失败,提示注射器识别失败,产品原因（包括说明书等）,null,提示注射器识别失败,[CLS]提示注射器识别失败[SEP]提示注射器识别失败[SEP]提示注射器识别失败[SEP],提示注射器识别失败,提示注射器识别失败,院方上报的是严重伤害根据严重伤害的定义我公司认为应为其他由于该设备已使用6年处于超预期使用状态长期临床使用推拉盒材质老化破损无法正常识别注射器尾杆导致设备无法正常识别上泵的注射器规格
1345230002023000269,其他,[CLS]null[SEP]显示错误[SEP]2023年9月28日用该注射泵为病人注射液体还有液体时该泵显示残留己到其实该注射液还有一半多次联系工程师无果已经影响到病人的治疗[SEP],null,显示错误,2023年9月28日用该注射泵为病人注射液体还有液体时该泵显示残留己到其实该注射液还有一半多次联系工程师无果已经影响到病人的治疗,产品原因（包括说明书等）,null,null,[CLS]null[SEP]显示错误[SEP]2023年9月28日用该注射泵为病人注射液体还有液体时该泵显示残留己到其实该注射液还有一半多次联系工程师无果已经影响到病人的治疗[SEP],显示错误,2023年9月28日用该注射泵为病人注射液体还有液体时该泵显示残留己到其实该注射液还有一半多次联系工程师无果已经影响到病人的治疗,由于该设备已使用5年处于超预期使用状态长期临床使用内部FPC线老化破损无法正常传递检测信号导致信号传递异常引发报警提示
1233503222023000100,其他,[CLS]null[SEP]显示屏无法运行[SEP]2023年8月20日患者因胆石症在仙游县总医院住院治疗于2023年8月20日我科护士为病人使用输液泵为病人控制输液速度时在上电时显示屏无法运行立即停用更换另一输液泵未对病人产生影响[SEP],null,显示屏无法运行,2023年8月20日患者因胆石症在仙游县总医院住院治疗于2023年8月20日我科护士为病人使用输液泵为病人控制输液速度时在上电时显示屏无法运行立即停用更换另一输液泵未对病人产生影响,产品原因（包括说明书等）,仪器故障,null,[CLS]null[SEP]显示屏无法运行[SEP]2023年8月20日患者因胆石症在仙游县总医院住院治疗于2023年8月20日我科护士为病人使用输液泵为病人控制输液速度时在上电时显示屏无法运行立即停用更换另一输液泵未对病人产生影响[SEP],显示屏无法运行,2023年8月20日患者因胆石症在仙游县总医院住院治疗于2023年8月20日我科护士为病人使用输液泵为病人控制输液速度时在上电时显示屏无法运行立即停用更换另一输液泵未对病人产生影响,1经售后工程师拆机检查发现内部显示屏连接线插头松动导致显示屏无法正常工作2显示屏连接线插头松动初步分析是由于临床使用频繁搬动设备设备震动跌宕内部电线晃动导致导致插头松动
1233503222023000101,其他,[CLS]null[SEP]在上电时显示屏没有信号[SEP]2023年8月15日患者因肠梗阻在仙游县总医院住院治疗于2023年8月15日我科护士为病人使用微量泵泵入药物时在上电时显示屏没有信号经关机重新开机仍没有信号立即停用更换另一台微量泵未对病人产生影响[SEP],null,在上电时显示屏没有信号,2023年8月15日患者因肠梗阻在仙游县总医院住院治疗于2023年8月15日我科护士为病人使用微量泵泵入药物时在上电时显示屏没有信号经关机重新开机仍没有信号立即停用更换另一台微量泵未对病人产生影响,产品原因（包括说明书等）,仪器故障,null,[CLS]null[SEP]在上电时显示屏没有信号[SEP]2023年8月15日患者因肠梗阻在仙游县总医院住院治疗于2023年8月15日我科护士为病人使用微量泵泵入药物时在上电时显示屏没有信号经关机重新开机仍没有信号立即停用更换另一台微量泵未对病人产生影响[SEP],在上电时显示屏没有信号,2023年8月15日患者因肠梗阻在仙游县总医院住院治疗于2023年8月15日我科护士为病人使用微量泵泵入药物时在上电时显示屏没有信号经关机重新开机仍没有信号立即停用更换另一台微量泵未对病人产生影响,1经售后工程师拆机检查发现内部显示屏连接线插头松动导致显示屏无法正常工作2显示屏连接线插头松动初步分析是由于临床使用频繁搬动设备设备震动跌宕内部电线晃动导致导致插头松动
1162107002023000406,其他,[CLS]注射泵开关失灵频繁报警不能正常工作更换一台输液泵后正常使用无不良后果[SEP]注射泵开关失灵频繁报警不能正常工作更换一台输液泵后正常使用无不良后果[SEP]注射泵开关失灵频繁报警不能正常工作更换一台输液泵后正常使用无不良后果[SEP],注射泵开关失灵频繁报警不能正常工作更换一台输液泵后正常使用无不良后果,注射泵开关失灵频繁报警不能正常工作更换一台输液泵后正常使用无不良后果,注射泵开关失灵频繁报警不能正常工作更换一台输液泵后正常使用无不良后果,产品原因（包括说明书等）,注射泵开关失灵频繁报警不能正常工作更换一台输液泵后正常使用无不良后果,注射泵开关失灵频繁报警不能正常工作更换一台输液泵后正常使用无不良后果,[CLS]注射泵开关失灵频繁报警不能正常工作更换一台输液泵后正常使用无不良后果[SEP]注射泵开关失灵频繁报警不能正常工作更换一台输液泵后正常使用无不良后果[SEP]注射泵开关失灵频繁报警不能正常工作更换一台输液泵后正常使用无不良后果[SEP],注射泵开关失灵频繁报警不能正常工作更换一台输液泵后正常使用无不良后果,注射泵开关失灵频繁报警不能正常工作更换一台输液泵后正常使用无不良后果,1经售后工程师检查开关机键与主控板缝隙内存在大量药液干粉导致开关机键失灵无法正常取消报警信息2缝隙内存在药液干粉的原因分析是由于临床使用不慎将药液洒落未及时清理药液流入缝隙内长期风干形成药液干粉
1162112062023000069,其他,[CLS]注射泵停止工作[SEP]断电时停止工作[SEP]在使用注射泵泵入药物时注射泵断电停止立即更换注射泵[SEP],注射泵停止工作,断电时停止工作,在使用注射泵泵入药物时注射泵断电停止立即更换注射泵,产品原因（包括说明书等）,注射泵断电停止泵入,注射泵停止工作,[CLS]注射泵停止工作[SEP]断电时停止工作[SEP]在使用注射泵泵入药物时注射泵断电停止立即更换注射泵[SEP],断电时停止工作,在使用注射泵泵入药物时注射泵断电停止立即更换注射泵,由于该设备已使用10年处于超预期使用状态长期临床使用频繁对电池进行充放电电池老化无法储存电量导致电池模式下设备停止运行
1274204002023000686,其他,[CLS]null[SEP]注射器计时器不准[SEP]注射器计时器不准[SEP],null,注射器计时器不准,注射器计时器不准,操作原因,拆开机器后发现固定注射器的柱子断裂后内部的传感器位置移动,null,[CLS]null[SEP]注射器计时器不准[SEP]注射器计时器不准[SEP],注射器计时器不准,注射器计时器不准,1由于该设备已使用10年处于超预期使用状态长期临床使用前壳材质老化压柄导向柱开裂无法正常固定注射器2实际流速小于设定流速的原因是由于临床转运频繁搬动设备设备震动跌宕内部电线晃动导致长电位器插头脱落无法正常控制液体流速
1162102002023000337,其他,[CLS]延误治疗[SEP]D010501_准备启动失效[SEP]202398正常开机后注射器安上后调好参数按启动键设备部运行注射器不推进发现此情况后立即通知设备部工程师并停用该设备更换其他设备[SEP],延误治疗,D010501_准备启动失效,202398正常开机后注射器安上后调好参数按启动键设备部运行注射器不推进发现此情况后立即通知设备部工程师并停用该设备更换其他设备,产品原因（包括说明书等）,设备质量原因,延误治疗,[CLS]延误治疗[SEP]D010501_准备启动失效[SEP]202398正常开机后注射器安上后调好参数按启动键设备部运行注射器不推进发现此情况后立即通知设备部工程师并停用该设备更换其他设备[SEP],D010501_准备启动失效,202398正常开机后注射器安上后调好参数按启动键设备部运行注射器不推进发现此情况后立即通知设备部工程师并停用该设备更换其他设备,1经返厂拆机检查发现设备内部FPC线松动FPC线的功能之一是负责传递离合检测信号损坏后造成检测信号中断发生报警报警后设备不能注射药物无法正常使用2FPC线松动的原因分析是由于长期临床使用频繁搬动设备设备震动跌宕内部电线晃动导致FPC线松动
1162107002023000321,其他,[CLS]延缓患者治疗时间[SEP]可能电脑程序出错[SEP]护士在使用注射泵时出现阻塞不进液现象关闭仪器检查未发现问题重新开机仪器正常工作[SEP],延缓患者治疗时间,可能电脑程序出错,护士在使用注射泵时出现阻塞不进液现象关闭仪器检查未发现问题重新开机仪器正常工作,产品原因（包括说明书等）,可能电脑程序出错,延缓患者治疗时间,[CLS]延缓患者治疗时间[SEP]可能电脑程序出错[SEP]护士在使用注射泵时出现阻塞不进液现象关闭仪器检查未发现问题重新开机仪器正常工作[SEP],可能电脑程序出错,护士在使用注射泵时出现阻塞不进液现象关闭仪器检查未发现问题重新开机仪器正常工作,1售后工程师模拟临床试验5次并对设备进行检查未发现设备出现阻塞报警2分析可能是临床使用时患者不慎将注射器延长管压在身体下导致管路液体流通不畅管内压力大设备报警提示阻塞调整好管路后重新注射设备正常运行
1162107002023000503,其他,[CLS]无伤害事件发生[SEP]设备不能推液无法正常使用[SEP]工作人员对设备进行日常检查发设备不能推液随即和工程师联系进行报修[SEP],无伤害事件发生,设备不能推液无法正常使用,工作人员对设备进行日常检查发设备不能推液随即和工程师联系进行报修,无法确定,null,无伤害事件发生,[CLS]无伤害事件发生[SEP]设备不能推液无法正常使用[SEP]工作人员对设备进行日常检查发设备不能推液随即和工程师联系进行报修[SEP],设备不能推液无法正常使用,工作人员对设备进行日常检查发设备不能推液随即和工程师联系进行报修,由于该设备已使用7年处于超预期使用状态长期临床使用频繁捏合捏柄捏柄材质老化开裂
1284318002023001982,其他,[CLS]无[SEP]null[SEP]在使用过程中按键接触不良自动误触[SEP],无,null,在使用过程中按键接触不良自动误触,产品原因（包括说明书等）,按键故障,无,[CLS]无[SEP]null[SEP]在使用过程中按键接触不良自动误触[SEP],null,在使用过程中按键接触不良自动误触,1经售后工程师拆机检查按键与主控板间隙内附着大量药液干粉导致主控板与暂停键接触按钮无法正常弹起2分析由于该设备已使用10年处于超预期使用状态临床使用过程中不慎有药液洒落未及时清理药液流入按键与主控板间隙内长期风干累积导致主控板与按键缝隙填满药液干粉主控板按钮无法正常弹起
1253717042023000273,其他,[CLS]无[SEP]注射器推进杆卡塞[SEP]2023年10月9日于成武县人民医院肿瘤血液内科医务人员发现该设备2通道注射器推进杆卡塞不能正常使用立即停用该设备更换备用机使用未对患者造成伤害[SEP],无,注射器推进杆卡塞,2023年10月9日于成武县人民医院肿瘤血液内科医务人员发现该设备2通道注射器推进杆卡塞不能正常使用立即停用该设备更换备用机使用未对患者造成伤害,产品原因（包括说明书等）,发现该设备2通道注射器推进杆卡塞产品质量缺陷,无,[CLS]无[SEP]注射器推进杆卡塞[SEP]2023年10月9日于成武县人民医院肿瘤血液内科医务人员发现该设备2通道注射器推进杆卡塞不能正常使用立即停用该设备更换备用机使用未对患者造成伤害[SEP],注射器推进杆卡塞,2023年10月9日于成武县人民医院肿瘤血液内科医务人员发现该设备2通道注射器推进杆卡塞不能正常使用立即停用该设备更换备用机使用未对患者造成伤害,由于该设备已使用10年处于超预期使用状态长期临床使用套筒材质老化变型无法顺畅插入O型密封圈内导致输液时出现卡顿现象
1253711022023000388,其他,[CLS]未对患者造成影响[SEP]设备上部分通道报警器失音[SEP]2023年9月25日9月27日连续接心内二科报修其使用的注射泵上通道报警器失音设备注射接近完成和设备注射完成以及输液堵塞均无报警声音后为患者更换直射泵后经检查发现设备自带的微型扩音器损坏后更换上述三台注射泵的扩音器设备正常使用该事件未对患者造成影响[SEP],未对患者造成影响,设备上部分通道报警器失音,2023年9月25日9月27日连续接心内二科报修其使用的注射泵上通道报警器失音设备注射接近完成和设备注射完成以及输液堵塞均无报警声音后为患者更换直射泵后经检查发现设备自带的微型扩音器损坏后更换上述三台注射泵的扩音器设备正常使用该事件未对患者造成影响,产品原因（包括说明书等）,设备微型扩音器故障,未对患者造成影响,[CLS]未对患者造成影响[SEP]设备上部分通道报警器失音[SEP]2023年9月25日9月27日连续接心内二科报修其使用的注射泵上通道报警器失音设备注射接近完成和设备注射完成以及输液堵塞均无报警声音后为患者更换直射泵后经检查发现设备自带的微型扩音器损坏后更换上述三台注射泵的扩音器设备正常使用该事件未对患者造成影响[SEP],设备上部分通道报警器失音,2023年9月25日9月27日连续接心内二科报修其使用的注射泵上通道报警器失音设备注射接近完成和设备注射完成以及输液堵塞均无报警声音后为患者更换直射泵后经检查发现设备自带的微型扩音器损坏后更换上述三台注射泵的扩音器设备正常使用该事件未对患者造成影响,1经售后工程师拆机检查两台设备31020211120643102021112041是由于喇叭插头松动造成的无声音提示一台设备3102021112097是由于喇叭不良造成无声音提示2喇叭插头松动的原因分析是由于临床频繁转运搬动设备设备震动跌宕内部电线晃动造成喇叭插头松动3喇叭不良的原因分析是喇叭内部电线焊接不良临床使用过程中焊点松动脱落无法正常导电发声
1345230002023000268,其他,[CLS]null[SEP]显示错误[SEP]2023年10月10日用该注射泵为病人注射液体扣上针筒后显示无注射针筒无法注射液体多次联系厂家售后厂家均以工程师忙未给修复[SEP],null,显示错误,2023年10月10日用该注射泵为病人注射液体扣上针筒后显示无注射针筒无法注射液体多次联系厂家售后厂家均以工程师忙未给修复,产品原因（包括说明书等）,null,null,[CLS]null[SEP]显示错误[SEP]2023年10月10日用该注射泵为病人注射液体扣上针筒后显示无注射针筒无法注射液体多次联系厂家售后厂家均以工程师忙未给修复[SEP],显示错误,2023年10月10日用该注射泵为病人注射液体扣上针筒后显示无注射针筒无法注射液体多次联系厂家售后厂家均以工程师忙未给修复,由于该设备已使用5年处于超预期使用状态长期临床使用短电位器内部电线老化故障设备无法正常识别注射器规格导致无法正常运行
1162107002023000499,其他,[CLS]无伤害事件发生[SEP]设备不充电交流电不显示[SEP]同上[SEP],无伤害事件发生,设备不充电交流电不显示,同上,无法确定,null,无伤害事件发生,[CLS]无伤害事件发生[SEP]设备不充电交流电不显示[SEP]同上[SEP],设备不充电交流电不显示,同上,由于该设备已使用7年处于超预期使用状态长期临床使用电源板线路老化发生故障无法正常为设备传递电量
1151527072023000264,其他,[CLS]可能导致报警不能及时发现[SEP]D080105_无报警声[SEP]患者急性冠脉综合征入院使用注射泵药物注射注射完毕后无报警音导致注射完毕未能及时发现[SEP],可能导致报警不能及时发现,D080105_无报警声,患者急性冠脉综合征入院使用注射泵药物注射注射完毕后无报警音导致注射完毕未能及时发现,产品原因（包括说明书等）,注射泵扬声器故障,可能导致报警不能及时发现,[CLS]可能导致报警不能及时发现[SEP]D080105_无报警声[SEP]患者急性冠脉综合征入院使用注射泵药物注射注射完毕后无报警音导致注射完毕未能及时发现[SEP],D080105_无报警声,患者急性冠脉综合征入院使用注射泵药物注射注射完毕后无报警音导致注射完毕未能及时发现,1拆机检查发现喇叭本身不发声判断是喇叭不良2喇叭不良的原因分析是喇叭内部电线焊接不良在使用过程中由于转运搬动设备线束晃动导致焊点松动脱落无法正常导电发声
1162102002023000348,其他,[CLS]无[SEP]插电源后交流电不指示报交流电未插上故障但已接交流电源只能电池供电[SEP]202395设备正常开机插电源后交流电不指示报交流电未插上故障但已接交流电源只能电池供电未应用于患者发生此情况后立即停用该设备并通知设备部工程师维修更换其他设备[SEP],无,插电源后交流电不指示报交流电未插上故障但已接交流电源只能电池供电,202395设备正常开机插电源后交流电不指示报交流电未插上故障但已接交流电源只能电池供电未应用于患者发生此情况后立即停用该设备并通知设备部工程师维修更换其他设备,"产品原因（包括说明书等）,无法确定",null,无,[CLS]无[SEP]插电源后交流电不指示报交流电未插上故障但已接交流电源只能电池供电[SEP]202395设备正常开机插电源后交流电不指示报交流电未插上故障但已接交流电源只能电池供电未应用于患者发生此情况后立即停用该设备并通知设备部工程师维修更换其他设备[SEP],插电源后交流电不指示报交流电未插上故障但已接交流电源只能电池供电,202395设备正常开机插电源后交流电不指示报交流电未插上故障但已接交流电源只能电池供电未应用于患者发生此情况后立即停用该设备并通知设备部工程师维修更换其他设备,由于该设备已使用10年处于超预期使用状态长期临床使用频繁拉扯弯折电源线电源线内部电线老化断裂无法正常为设备传递电量
1131301412023000724,其他,[CLS]无[SEP]不能充电[SEP]20230914乳腺中心所使用注射泵在日常保养时发现不能充电没有应用于患者对患者无伤害检查原因并及时报修[SEP],无,不能充电,20230914乳腺中心所使用注射泵在日常保养时发现不能充电没有应用于患者对患者无伤害检查原因并及时报修,产品原因（包括说明书等）,机器老化充电线故障,无,[CLS]无[SEP]不能充电[SEP]20230914乳腺中心所使用注射泵在日常保养时发现不能充电没有应用于患者对患者无伤害检查原因并及时报修[SEP],不能充电,20230914乳腺中心所使用注射泵在日常保养时发现不能充电没有应用于患者对患者无伤害检查原因并及时报修,由于该设备已使用11年处于超预期使用状态长期临床使用频繁拉扯弯折电源线电源线内部电线老化断裂无法正常为设备传输电量
1294419292023000302,其他,[CLS]null[SEP]针筒推杆夹断裂[SEP]2023年9月28日0810医护人员发现注射泵出现故障送到设备科进行检修[SEP],null,针筒推杆夹断裂,2023年9月28日0810医护人员发现注射泵出现故障送到设备科进行检修,无法确定,注射泵出现故障针筒推杆夹断裂,null,[CLS]null[SEP]针筒推杆夹断裂[SEP]2023年9月28日0810医护人员发现注射泵出现故障送到设备科进行检修[SEP],针筒推杆夹断裂,2023年9月28日0810医护人员发现注射泵出现故障送到设备科进行检修,经过分析和实验我们发现使用ABS硬塑料内嵌金属预埋件材质制作的捏柄在经过数万次捏合后可能会出现开裂现象在ABS中增加适量玻纤再按相同工艺制作捏柄做对比实验没有出现开裂现象推测ABS硬塑料内嵌金属预埋件材质强度不够造成捏柄开裂
1223401032023005620,其他,[CLS]无[SEP]注射泵无法正常使用[SEP]卡扣断裂[SEP],无,注射泵无法正常使用,卡扣断裂,无法确定,null,无,[CLS]无[SEP]注射泵无法正常使用[SEP]卡扣断裂[SEP],注射泵无法正常使用,卡扣断裂,由于该设备已使用5年处于超预期使用状态长期临床使用频繁捏合捏柄捏柄材质老化开裂
1162101072023000281,其他,[CLS]影响患者用药[SEP]注射泵电源接触不良[SEP]患者孙连国于2023年9月6日入院于98日使用注射泵用药注射2个小时后注射泵报警显示电源未连接积极更换注射泵[SEP],影响患者用药,注射泵电源接触不良,患者孙连国于2023年9月6日入院于98日使用注射泵用药注射2个小时后注射泵报警显示电源未连接积极更换注射泵,无法确定,电源线损坏,影响患者用药,[CLS]影响患者用药[SEP]注射泵电源接触不良[SEP]患者孙连国于2023年9月6日入院于98日使用注射泵用药注射2个小时后注射泵报警显示电源未连接积极更换注射泵[SEP],注射泵电源接触不良,患者孙连国于2023年9月6日入院于98日使用注射泵用药注射2个小时后注射泵报警显示电源未连接积极更换注射泵,由于该设备已使用7年处于超预期使用状态长期临床使用频繁拉扯弯折电源线电源线外表皮破损内部电线接触不良导致在使用过程中报警提示未接交流电
1274204002023000568,其他,[CLS]null[SEP]启动报已完成[SEP]使用目的注射药物使用依据医嘱使用情况无法使用出现的不良事件情况启动报已完成无法使用[SEP],null,启动报已完成,使用目的注射药物使用依据医嘱使用情况无法使用出现的不良事件情况启动报已完成无法使用,产品原因（包括说明书等）,null,null,[CLS]null[SEP]启动报已完成[SEP]使用目的注射药物使用依据医嘱使用情况无法使用出现的不良事件情况启动报已完成无法使用[SEP],启动报已完成,使用目的注射药物使用依据医嘱使用情况无法使用出现的不良事件情况启动报已完成无法使用,1经售后工程师检查设备内长电位器插头松动导致信号中断设备未检测到长电位器信号认为已经注射完毕发出报警信号2由于该设备已使用9年处于超预期使用状态长期临床使用频繁搬动设备设备震动跌宕内部电线晃动导致长电位器插头松动
1253717032023000699,其他,[CLS]无[SEP]科室工作人员在使用前对设备检查时候发现设备启动按钮不起作用[SEP]2023年10月10日科室工作人员在使用前对设备检查时候发现设备启动按钮不起作用通知设备科到场进行检修发现设备按键开关损坏对设备进行更换新的按键开关后设备恢复正常使用[SEP],无,科室工作人员在使用前对设备检查时候发现设备启动按钮不起作用,2023年10月10日科室工作人员在使用前对设备检查时候发现设备启动按钮不起作用通知设备科到场进行检修发现设备按键开关损坏对设备进行更换新的按键开关后设备恢复正常使用,产品原因（包括说明书等）,科室工作人员在使用前对设备检查时候发现设备启动按钮不起作用,无,[CLS]无[SEP]科室工作人员在使用前对设备检查时候发现设备启动按钮不起作用[SEP]2023年10月10日科室工作人员在使用前对设备检查时候发现设备启动按钮不起作用通知设备科到场进行检修发现设备按键开关损坏对设备进行更换新的按键开关后设备恢复正常使用[SEP],科室工作人员在使用前对设备检查时候发现设备启动按钮不起作用,2023年10月10日科室工作人员在使用前对设备检查时候发现设备启动按钮不起作用通知设备科到场进行检修发现设备按键开关损坏对设备进行更换新的按键开关后设备恢复正常使用,由于该设备已使用11年处于超预期使用状态长期临床使用频繁按压启动键启动键老化失灵无法正常使用
1253717032023000702,其他,[CLS]无[SEP]开机异常[SEP]2023年10月9日急诊科在使用该设备时发现该设备开机异常随即报修至设备科因有备用设备未对患者造成影响[SEP],无,开机异常,2023年10月9日急诊科在使用该设备时发现该设备开机异常随即报修至设备科因有备用设备未对患者造成影响,产品原因（包括说明书等）,原因不明无法确定,无,[CLS]无[SEP]开机异常[SEP]2023年10月9日急诊科在使用该设备时发现该设备开机异常随即报修至设备科因有备用设备未对患者造成影响[SEP],开机异常,2023年10月9日急诊科在使用该设备时发现该设备开机异常随即报修至设备科因有备用设备未对患者造成影响,由于该设备已使用11年处于超预期使用状态长期临床使用电源板老化失灵无法正常为设备传递电量导致设备无法正常开机
1274209002023000149,其他,[CLS]未对患者造成伤害[SEP]实际输注速度比设置速度快[SEP]10月12日工作人员胡欣使用注射泵未患儿注射能量设置速度未52mlh实际输注速度1小时45ml[SEP],未对患者造成伤害,实际输注速度比设置速度快,10月12日工作人员胡欣使用注射泵未患儿注射能量设置速度未52mlh实际输注速度1小时45ml,产品原因（包括说明书等）,10月12日工作人员胡欣使用注射泵未患儿注射能量设置速度未52mlh实际输注速度1小时45ml,未对患者造成伤害,[CLS]未对患者造成伤害[SEP]实际输注速度比设置速度快[SEP]10月12日工作人员胡欣使用注射泵未患儿注射能量设置速度未52mlh实际输注速度1小时45ml[SEP],实际输注速度比设置速度快,10月12日工作人员胡欣使用注射泵未患儿注射能量设置速度未52mlh实际输注速度1小时45ml,由于医院长期未进行注射器校准设备内存储的注射器参数与实际上泵的注射器参数不一致设备无法正常控制注射器管路内液体流速导致实际流速大于设定流速
1294410002023000757,严重伤害,[CLS]微泵激素药物中断耽误病人治疗[SEP]微泵突然断电微泵报警[SEP]2023年8月29日1700微泵激素药物进行冲击疗法突然微泵报警药物暂时中断泵注患者家属提出疑问[SEP],微泵激素药物中断耽误病人治疗,微泵突然断电微泵报警,2023年8月29日1700微泵激素药物进行冲击疗法突然微泵报警药物暂时中断泵注患者家属提出疑问,产品原因（包括说明书等）,经检查是电源插头螺丝松脱导致插头松动报警,微泵激素药物中断耽误病人治疗,[CLS]微泵激素药物中断耽误病人治疗[SEP]微泵突然断电微泵报警[SEP]2023年8月29日1700微泵激素药物进行冲击疗法突然微泵报警药物暂时中断泵注患者家属提出疑问[SEP],微泵突然断电微泵报警,2023年8月29日1700微泵激素药物进行冲击疗法突然微泵报警药物暂时中断泵注患者家属提出疑问,院方上报的是严重伤害根据严重伤害的定义我公司认为应为其他1由于压力传感器插头松动无法正常监测管路内压力值所以设备报警提示阻塞2压力传感器插头松动的原因分析为临床转运频繁搬动设备设备震动跌宕内部电线晃动导致压力传感器插头松动
1162112062023000060,其他,[CLS]无明显伤害[SEP]报警[SEP]患者入院后遵医嘱给予患者静脉泵入降糖药机器不正常报警更换注射泵后正常泵入[SEP],无明显伤害,报警,患者入院后遵医嘱给予患者静脉泵入降糖药机器不正常报警更换注射泵后正常泵入,产品原因（包括说明书等）,机器故障,无明显伤害,[CLS]无明显伤害[SEP]报警[SEP]患者入院后遵医嘱给予患者静脉泵入降糖药机器不正常报警更换注射泵后正常泵入[SEP],报警,患者入院后遵医嘱给予患者静脉泵入降糖药机器不正常报警更换注射泵后正常泵入,经售后工程师检查设备喇叭无法发出声音分析是由于设备已使用9年处于超预期使用状态长期临床使用喇叭老化无法正常发声
1253709052023000275,其他,[CLS]无[SEP]D150101_断裂[SEP]2023年8月18日1000送修一台注射泵经观察发现注射杆断裂经过维修1030恢复正常使用[SEP],无,D150101_断裂,2023年8月18日1000送修一台注射泵经观察发现注射杆断裂经过维修1030恢复正常使用,无法确定,注射杆断裂,无,[CLS]无[SEP]D150101_断裂[SEP]2023年8月18日1000送修一台注射泵经观察发现注射杆断裂经过维修1030恢复正常使用[SEP],D150101_断裂,2023年8月18日1000送修一台注射泵经观察发现注射杆断裂经过维修1030恢复正常使用,由于该设备已使用11年处于超预期使用状态长期临床使用前壳上的压柄导向柱材质老化开裂
1376104002023000496,其他,[CLS]无[SEP]异常报警[SEP]20230927护士在给患者使用输液泵的过程中输液泵异常报警无法正常工作停止使用及时更换[SEP],无,异常报警,20230927护士在给患者使用输液泵的过程中输液泵异常报警无法正常工作停止使用及时更换,无法确定,经检测注射泵内部导联线脱落导致注射泵异常报警,无,[CLS]无[SEP]异常报警[SEP]20230927护士在给患者使用输液泵的过程中输液泵异常报警无法正常工作停止使用及时更换[SEP],异常报警,20230927护士在给患者使用输液泵的过程中输液泵异常报警无法正常工作停止使用及时更换,1经拆机检查设备内部主从道连接线与主道主控板连接处插头松动导致设备报警提示系统故障42由于临床使用过程中频繁搬动设备设备震动跌宕内部电线晃动导致的线束插头松动
1264102322023000497,其他,[CLS]无[SEP]治疗泵管夹脱落[SEP]微量泵使用过程中泵管夹脱落[SEP],无,治疗泵管夹脱落,微量泵使用过程中泵管夹脱落,产品原因（包括说明书等）,微量泵使用过程中泵管夹脱落产品存在安全隐患,无,[CLS]无[SEP]治疗泵管夹脱落[SEP]微量泵使用过程中泵管夹脱落[SEP],治疗泵管夹脱落,微量泵使用过程中泵管夹脱落,由于该设备已使用9年处于超预期使用状态长期临床使用压柄材质老化根部开裂无法正常将压柄固定在前壳压柄导向柱上导致压柄脱落
1386204092023000587,其他,[CLS]无[SEP]输液开始时报警完成[SEP]夹上输液器调好滴速后按开始报警显示完成[SEP],无,输液开始时报警完成,夹上输液器调好滴速后按开始报警显示完成,产品原因（包括说明书等）,初步判断为系统故障,无,[CLS]无[SEP]输液开始时报警完成[SEP]夹上输液器调好滴速后按开始报警显示完成[SEP],输液开始时报警完成,夹上输液器调好滴速后按开始报警显示完成,1经售后工程师拆机检查发现短电位器插头松动无法正常检测上泵的注射器直径导致设备无法识别注射器规格启动后报输液完成2短电位器插头松动的原因分析是由于长期临床使用频繁搬动设备设备震动跌宕内部电线晃动导致短电位器插头松动
1253715022023000305,其他,[CLS]延误患者治疗[SEP]固定座螺丝松动[SEP]2023年9月8日神经内三科护士准备使用注射泵时发现固定座螺丝松动立即停止设备使用科室立即报修设备科[SEP],延误患者治疗,固定座螺丝松动,2023年9月8日神经内三科护士准备使用注射泵时发现固定座螺丝松动立即停止设备使用科室立即报修设备科,产品原因（包括说明书等）,怀疑产品设计问题应采用防滑螺丝固定座脱落设备掉落容易造成安全事故,延误患者治疗,[CLS]延误患者治疗[SEP]固定座螺丝松动[SEP]2023年9月8日神经内三科护士准备使用注射泵时发现固定座螺丝松动立即停止设备使用科室立即报修设备科[SEP],固定座螺丝松动,2023年9月8日神经内三科护士准备使用注射泵时发现固定座螺丝松动立即停止设备使用科室立即报修设备科,由于医院长期临床使用频繁搬动设备设备震动跌宕导致紧固夹底座上的螺丝松动无法正常固定设备
1253718062023000207,其他,[CLS]null[SEP]设备报警故障2[SEP]设备使用过程中报警故障2[SEP],null,设备报警故障2,设备使用过程中报警故障2,产品原因（包括说明书等）,null,null,[CLS]null[SEP]设备报警故障2[SEP]设备使用过程中报警故障2[SEP],设备报警故障2,设备使用过程中报警故障2,1拆机检查发现运行传感器长电位器插头松动导致运行信号传递异常引发报警2由于该设备已在医院使用6年处于超预期寿命使用状态长期使用频繁搬动设备设备震动跌宕内部电线晃动导致长电位器插头松动
1253717032023000627,其他,[CLS]无[SEP]科室工作人员在使用前对设备检查时候发现设备没有电[SEP]2023年9月8日科室工作人员在使用前对注射泵检查时候发现设备没有电通知设备科工程师到场进行检修发现设备电池损坏设备科工程师对设备进行更换电池维修后设备恢复正常使用[SEP],无,科室工作人员在使用前对设备检查时候发现设备没有电,2023年9月8日科室工作人员在使用前对注射泵检查时候发现设备没有电通知设备科工程师到场进行检修发现设备电池损坏设备科工程师对设备进行更换电池维修后设备恢复正常使用,产品原因（包括说明书等）,科室工作人员在使用前对设备检查时候发现设备没有电通知设备科工程师到场进行检修发现设备电池损坏,无,[CLS]无[SEP]科室工作人员在使用前对设备检查时候发现设备没有电[SEP]2023年9月8日科室工作人员在使用前对注射泵检查时候发现设备没有电通知设备科工程师到场进行检修发现设备电池损坏设备科工程师对设备进行更换电池维修后设备恢复正常使用[SEP],科室工作人员在使用前对设备检查时候发现设备没有电,2023年9月8日科室工作人员在使用前对注射泵检查时候发现设备没有电通知设备科工程师到场进行检修发现设备电池损坏设备科工程师对设备进行更换电池维修后设备恢复正常使用,1经售后工程师拆机检查设备内电池老化无法正常储存电量导致设备无法在电池供电模式下正常启动2由于该设备已使用10年处于超预期使用状态长期频繁对电池进行充放电电池性能老化无法正常储存电量
1253718062023000203,其他,[CLS]null[SEP]注射器推杆推拉困难[SEP]注射器推杆变形推拉困难无法使用[SEP],null,注射器推杆推拉困难,注射器推杆变形推拉困难无法使用,产品原因（包括说明书等）,产品设计缺陷造成推杆部位易磕碰,null,[CLS]null[SEP]注射器推杆推拉困难[SEP]注射器推杆变形推拉困难无法使用[SEP],注射器推杆推拉困难,注射器推杆变形推拉困难无法使用,由于该设备已使用6年处于超预期使用状态长期临床使用前壳上压柄导向柱材质老化变形无法正常顺畅拉动伸缩压柄导致安装注射器时困难
1162112062023000065,其他,[CLS]用药不及时[SEP]报警[SEP]遵医嘱给予患者静脉泵入药物注射泵报警显示堵塞排查原因后解除报警药物正常泵入[SEP],用药不及时,报警,遵医嘱给予患者静脉泵入药物注射泵报警显示堵塞排查原因后解除报警药物正常泵入,产品原因（包括说明书等）,管理堵塞电源线脱落电池负压,用药不及时,[CLS]用药不及时[SEP]报警[SEP]遵医嘱给予患者静脉泵入药物注射泵报警显示堵塞排查原因后解除报警药物正常泵入[SEP],报警,遵医嘱给予患者静脉泵入药物注射泵报警显示堵塞排查原因后解除报警药物正常泵入,1阻塞的原因为使用时延长管管路弯折导致管路内压力值变大设备提示阻塞报警2低电压的原因是由于该设备已使用9年处于超预期使用状态长期临床使用频繁对电池进行充放电电池蓄电能力降低无法满足正常工作需求当电源线脱落不慎脱落由交流电供电变为电池供电电池电量无法满足设备需求时设备报警低电压
1406528012023000066,其他,[CLS]科室在使用时发现注射泵报系统故障经检查后发现注射泵内部螺丝脱落导致电机烧坏[SEP]科室在使用时发现注射泵报系统故障经检查后发现注射泵内部螺丝脱落导致电机烧坏[SEP]科室在使用时发现注射泵报系统故障经检查后发现注射泵内部螺丝脱落导致电机烧坏[SEP],科室在使用时发现注射泵报系统故障经检查后发现注射泵内部螺丝脱落导致电机烧坏,科室在使用时发现注射泵报系统故障经检查后发现注射泵内部螺丝脱落导致电机烧坏,科室在使用时发现注射泵报系统故障经检查后发现注射泵内部螺丝脱落导致电机烧坏,产品原因（包括说明书等）,null,科室在使用时发现注射泵报系统故障经检查后发现注射泵内部螺丝脱落导致电机烧坏,[CLS]科室在使用时发现注射泵报系统故障经检查后发现注射泵内部螺丝脱落导致电机烧坏[SEP]科室在使用时发现注射泵报系统故障经检查后发现注射泵内部螺丝脱落导致电机烧坏[SEP]科室在使用时发现注射泵报系统故障经检查后发现注射泵内部螺丝脱落导致电机烧坏[SEP],科室在使用时发现注射泵报系统故障经检查后发现注射泵内部螺丝脱落导致电机烧坏,科室在使用时发现注射泵报系统故障经检查后发现注射泵内部螺丝脱落导致电机烧坏,1经检查故障发生的原因为电机模块的螺丝脱落卡在电机上电机运行过程中被螺丝卡住无法正常步进导致电机烧坏2螺丝脱落的原因分析为由于该设备已使用6年处于超预期使用状态长期临床转运搬动设备设备震动跌宕内部螺丝随设备晃动发生松动现象长期松动导致脱落
1294419292023000276,其他,[CLS]null[SEP]针筒推杆夹断裂[SEP]2023年9月13日1053我院医护人员发现注射泵2号通道针筒推杆夹断裂通知设备科进行检修[SEP],null,针筒推杆夹断裂,2023年9月13日1053我院医护人员发现注射泵2号通道针筒推杆夹断裂通知设备科进行检修,无法确定,注射泵2号通道针筒推杆夹断裂,null,[CLS]null[SEP]针筒推杆夹断裂[SEP]2023年9月13日1053我院医护人员发现注射泵2号通道针筒推杆夹断裂通知设备科进行检修[SEP],针筒推杆夹断裂,2023年9月13日1053我院医护人员发现注射泵2号通道针筒推杆夹断裂通知设备科进行检修,1针对捏柄开裂的问题技术人员使用出现开裂现象的同类捏柄其材质为ABS硬塑料内嵌金属预埋件进行疲劳实验在经过数万次捏合后部分会出现开裂现象2将捏柄的注塑材质改为尼龙玻纤再按相同工艺制作捏柄做对比实验没有出现开裂现象3结论ABS硬塑料内嵌金属预埋件材质注塑的捏柄强度不够造成捏柄开裂
1253717072023000985,其他,[CLS]无[SEP]长电合器排线松动[SEP]2023年9月8日科室报修一台注射泵报警异常检查发现注射泵长电合器排线松动给予重新固定排线后正常使用[SEP],无,长电合器排线松动,2023年9月8日科室报修一台注射泵报警异常检查发现注射泵长电合器排线松动给予重新固定排线后正常使用,产品原因（包括说明书等）,长电合器排线松动,无,[CLS]无[SEP]长电合器排线松动[SEP]2023年9月8日科室报修一台注射泵报警异常检查发现注射泵长电合器排线松动给予重新固定排线后正常使用[SEP],长电合器排线松动,2023年9月8日科室报修一台注射泵报警异常检查发现注射泵长电合器排线松动给予重新固定排线后正常使用,1经拆机检查发现长电位器和主板连线的插头松动并非医院描述的长电合器排线松动2由于设备已在医院使用10年处于超预期使用状态长期临床使用频繁搬动设备设备震动跌宕内部电线晃动导致长电位器插头松动
1386204092023000588,其他,[CLS]无[SEP]阻塞报警[SEP]固定好注射器按开始键后设备阻塞报警[SEP],无,阻塞报警,固定好注射器按开始键后设备阻塞报警,"产品原因（包括说明书等）,无法确定",初步判断为输液器故障或系统故障,无,[CLS]无[SEP]阻塞报警[SEP]固定好注射器按开始键后设备阻塞报警[SEP],阻塞报警,固定好注射器按开始键后设备阻塞报警,1经售后工程师检查设备内压力传感器插头松动导致设备无法正常监测管路内压力值设备提示阻塞报警2压力传感器松动的原因分析为由于该设备已使用11年处于超预期使用状态长期临床使用频繁搬动设备设备震动跌宕内部线路晃动导致压力传感器插头松动
1406528112023000201,其他,[CLS]设备故障导致科室注射泵短缺给工作人员带来不便[SEP]夹子手柄断裂[SEP]9月19日CCU护士准备使用注射泵时发现手柄断裂立即报设备科设备科工程师取回维修室已解决了故障设备恢复正常[SEP],设备故障导致科室注射泵短缺给工作人员带来不便,夹子手柄断裂,9月19日CCU护士准备使用注射泵时发现手柄断裂立即报设备科设备科工程师取回维修室已解决了故障设备恢复正常,无法确定,产品使用年限过长外壳老化导致手柄断裂,设备故障导致科室注射泵短缺给工作人员带来不便,[CLS]设备故障导致科室注射泵短缺给工作人员带来不便[SEP]夹子手柄断裂[SEP]9月19日CCU护士准备使用注射泵时发现手柄断裂立即报设备科设备科工程师取回维修室已解决了故障设备恢复正常[SEP],夹子手柄断裂,9月19日CCU护士准备使用注射泵时发现手柄断裂立即报设备科设备科工程师取回维修室已解决了故障设备恢复正常,由于该设备已使用10年处于超预期使用状态长期临床使用频繁捏合捏柄捏柄材质老化开裂无法正常固定注射器
1182308052023000046,其他,[CLS]null[SEP]未达到设置注射量[SEP]2023年5月23日遵医嘱给患者静注氨茶碱地塞米松注射液每小时5ml一小时后护士发现未达到所调注射量立即更换仪器[SEP],null,未达到设置注射量,2023年5月23日遵医嘱给患者静注氨茶碱地塞米松注射液每小时5ml一小时后护士发现未达到所调注射量立即更换仪器,无法确定,null,null,[CLS]null[SEP]未达到设置注射量[SEP]2023年5月23日遵医嘱给患者静注氨茶碱地塞米松注射液每小时5ml一小时后护士发现未达到所调注射量立即更换仪器[SEP],未达到设置注射量,2023年5月23日遵医嘱给患者静注氨茶碱地塞米松注射液每小时5ml一小时后护士发现未达到所调注射量立即更换仪器,由于医院长期未进行注射器校准设备内存储的注射器参数与实际上泵的注射器参数不一致设备无法正常控制注射器管路内液体流速导致实际流速小于设定流速
1253706002023001171,其他,[CLS]null[SEP]注射器无法正常识别[SEP]注射器放入输液泵中无法被设备识别[SEP],null,注射器无法正常识别,注射器放入输液泵中无法被设备识别,产品原因（包括说明书等）,null,null,[CLS]null[SEP]注射器无法正常识别[SEP]注射器放入输液泵中无法被设备识别[SEP],注射器无法正常识别,注射器放入输液泵中无法被设备识别,由于该设备已使用5年处于超预期使用状态长期临床使用频繁搬动设备设备震动跌宕推拉盒内部推钮位置发生偏移无法正常检测注射器长度导致设备无法识别注射器规格
1182308052023000040,其他,[CLS]null[SEP]未达到所调注射量[SEP]2023年1月20日遵医嘱给患者静脉注射氨茶碱地塞米松注射液每小时5ml一小时后观察发现未注入设置量立即更换注射泵[SEP],null,未达到所调注射量,2023年1月20日遵医嘱给患者静脉注射氨茶碱地塞米松注射液每小时5ml一小时后观察发现未注入设置量立即更换注射泵,无法确定,null,null,[CLS]null[SEP]未达到所调注射量[SEP]2023年1月20日遵医嘱给患者静脉注射氨茶碱地塞米松注射液每小时5ml一小时后观察发现未注入设置量立即更换注射泵[SEP],未达到所调注射量,2023年1月20日遵医嘱给患者静脉注射氨茶碱地塞米松注射液每小时5ml一小时后观察发现未注入设置量立即更换注射泵,由于医院长期未进行注射器校准设备内存储的注射器参数与实际上泵的注射器参数不一致设备无法正常控制注射器管路内液体流速导致实际流速小于设定流速
1223401032023004349,其他,[CLS]null[SEP]机器电源接触不良[SEP]机器电源接触不良[SEP],null,机器电源接触不良,机器电源接触不良,无法确定,null,null,[CLS]null[SEP]机器电源接触不良[SEP]机器电源接触不良[SEP],机器电源接触不良,机器电源接触不良,由于该设备已使用5年处于超预期使用状态长期临床使用频繁插拔电源线电源线端口处磨损松动无法正常与设备端口连接导致电源线接触不良
1386204092023000586,其他,[CLS]无[SEP]设备卡夹破裂[SEP]夹注射器时泵夹断裂[SEP],无,设备卡夹破裂,夹注射器时泵夹断裂,"产品原因（包括说明书等）,无法确定",根据科室反馈及现场询问初步判断为泵夹材质较脆导致破裂,无,[CLS]无[SEP]设备卡夹破裂[SEP]夹注射器时泵夹断裂[SEP],设备卡夹破裂,夹注射器时泵夹断裂,由于该设备已使用8年处于超预期使用状态长期临床使用捏柄材质老化按压捏柄时捏柄受力开裂
1386204092023000510,其他,[CLS]未造成伤害[SEP]注射泵无法正常启动[SEP]护士遵医嘱静脉推注西地兰在准备使用该设备时发现该设备无法正常启动[SEP],未造成伤害,注射泵无法正常启动,护士遵医嘱静脉推注西地兰在准备使用该设备时发现该设备无法正常启动,产品原因（包括说明书等）,产品电源部分故障,未造成伤害,[CLS]未造成伤害[SEP]注射泵无法正常启动[SEP]护士遵医嘱静脉推注西地兰在准备使用该设备时发现该设备无法正常启动[SEP],注射泵无法正常启动,护士遵医嘱静脉推注西地兰在准备使用该设备时发现该设备无法正常启动,由于该设备已使用11年处于超预期使用状态长期临床转动搬动设备设备震动跌宕内部短电位器螺丝松动导致短电位器值不准无法正常识别上泵的注射器
1386204092023000503,其他,[CLS]未造成伤害[SEP]推进器推进困难[SEP]护士遵医嘱静脉推注甲强龙注射时固定注射器的推拉杆固定不良药液推进困难[SEP],未造成伤害,推进器推进困难,护士遵医嘱静脉推注甲强龙注射时固定注射器的推拉杆固定不良药液推进困难,产品原因（包括说明书等）,产品固定注射器的推拉杆固定不良,未造成伤害,[CLS]未造成伤害[SEP]推进器推进困难[SEP]护士遵医嘱静脉推注甲强龙注射时固定注射器的推拉杆固定不良药液推进困难[SEP],推进器推进困难,护士遵医嘱静脉推注甲强龙注射时固定注射器的推拉杆固定不良药液推进困难,由于该设备已使用12年处于超预期使用状态长期临床使用推拉盒材质老化硬度降低转运搬动设备时磕碰设备导致推拉盒外壳破裂
1172224012023000046,其他,[CLS]无[SEP]null[SEP]正常使用[SEP],无,null,正常使用,无法确定,患者多设备使用率过高,无,[CLS]无[SEP]null[SEP]正常使用[SEP],null,正常使用,由于该设备已使用8年处于超预期使用状态长期临床使用频繁捏合捏柄捏柄材质老化导致开裂
1253709052023000274,其他,[CLS]无[SEP]D150101_断裂[SEP]2023年8月18日1000送修一台注射泵经观察发现注射杆断裂经过维修1030恢复正常使用[SEP],无,D150101_断裂,2023年8月18日1000送修一台注射泵经观察发现注射杆断裂经过维修1030恢复正常使用,无法确定,注射杆断裂,无,[CLS]无[SEP]D150101_断裂[SEP]2023年8月18日1000送修一台注射泵经观察发现注射杆断裂经过维修1030恢复正常使用[SEP],D150101_断裂,2023年8月18日1000送修一台注射泵经观察发现注射杆断裂经过维修1030恢复正常使用,由于该设备已使用11年处于超预期使用状态长期临床使用前壳上的压柄导向柱材质老化开裂
1253701012023000198,其他,[CLS]null[SEP]注射泵显示系统故障4无法正常工作[SEP]202308081021我院麻醉师在调试使用注射泵时注射泵显示系统故障4无法正常工作遂立即更换设备报修设备科工作人员进行现场查看发现内部线路接触不良后给予重新连接设备正常使用未对患者造成伤害后上报医疗器械不良事件[SEP],null,注射泵显示系统故障4无法正常工作,202308081021我院麻醉师在调试使用注射泵时注射泵显示系统故障4无法正常工作遂立即更换设备报修设备科工作人员进行现场查看发现内部线路接触不良后给予重新连接设备正常使用未对患者造成伤害后上报医疗器械不良事件,"产品原因（包括说明书等）,操作原因",设备科工作人员现场查看发现系机器内部线路接触不良导致故障,null,[CLS]null[SEP]注射泵显示系统故障4无法正常工作[SEP]202308081021我院麻醉师在调试使用注射泵时注射泵显示系统故障4无法正常工作遂立即更换设备报修设备科工作人员进行现场查看发现内部线路接触不良后给予重新连接设备正常使用未对患者造成伤害后上报医疗器械不良事件[SEP],注射泵显示系统故障4无法正常工作,202308081021我院麻醉师在调试使用注射泵时注射泵显示系统故障4无法正常工作遂立即更换设备报修设备科工作人员进行现场查看发现内部线路接触不良后给予重新连接设备正常使用未对患者造成伤害后上报医疗器械不良事件,1拆机检查发现主从道连接线插头从插座上脱落导致接触不良无法正常运行2分析可能是临床搬动转运过程中设备受到外力磕碰震动跌宕导致插头脱落
1137404572023000125,其他,[CLS]无[SEP]机器报警[SEP]2023年4月30日神内二病区护士在给病人进行注射治疗前开机检查设备发现设备报警更换备用机后上报医工科医工科工程师到场检查发现设备参数与注射器品牌不符由于设备频繁使用不同品牌注射器需要更换参数更换正确参数后设备报警解除恢复正常使用[SEP],无,机器报警,2023年4月30日神内二病区护士在给病人进行注射治疗前开机检查设备发现设备报警更换备用机后上报医工科医工科工程师到场检查发现设备参数与注射器品牌不符由于设备频繁使用不同品牌注射器需要更换参数更换正确参数后设备报警解除恢复正常使用,"无法确定,操作原因",设备参数与注射器品牌不符,无,[CLS]无[SEP]机器报警[SEP]2023年4月30日神内二病区护士在给病人进行注射治疗前开机检查设备发现设备报警更换备用机后上报医工科医工科工程师到场检查发现设备参数与注射器品牌不符由于设备频繁使用不同品牌注射器需要更换参数更换正确参数后设备报警解除恢复正常使用[SEP],机器报警,2023年4月30日神内二病区护士在给病人进行注射治疗前开机检查设备发现设备报警更换备用机后上报医工科医工科工程师到场检查发现设备参数与注射器品牌不符由于设备频繁使用不同品牌注射器需要更换参数更换正确参数后设备报警解除恢复正常使用,经售后工程师与医院沟通故障发生时使用的注射器品牌与设备设定的品牌不一致导致设备无法正常识别注射器规格导致启动后报警提示注射器脱落
1151527032023000062,其他,[CLS]未造成伤害[SEP]D0305_松动连接[SEP]2023年8月19日达拉特旗人民医院心血管内科工作人员准备使用注射泵时开机后发现显示屏空白[SEP],未造成伤害,D0305_松动连接,2023年8月19日达拉特旗人民医院心血管内科工作人员准备使用注射泵时开机后发现显示屏空白,无法确定,镜检查发现设备的排线松动,未造成伤害,[CLS]未造成伤害[SEP]D0305_松动连接[SEP]2023年8月19日达拉特旗人民医院心血管内科工作人员准备使用注射泵时开机后发现显示屏空白[SEP],D0305_松动连接,2023年8月19日达拉特旗人民医院心血管内科工作人员准备使用注射泵时开机后发现显示屏空白,1经售后工程师拆机检查发现显示屏与主控板连接的排线插头松动无法正常传递图像信号2排线插头松动的原因分析是由于临床频繁转运搬动设备设备震动跌宕内部排线晃动导致插头松动
1162102032023000131,其他,[CLS]影响注射[SEP]注射泵治疗结束后该设备报警系统未发出响声[SEP]患者于8月8日以呼吸困难胸闷气短反复发作一年加重3天入院8月10日遵医嘱给予新活素05毫克盐水50毫升静脉4mll微量泵泵入于下午16点30分泵入完成报警系统未发出响声[SEP],影响注射,注射泵治疗结束后该设备报警系统未发出响声,患者于8月8日以呼吸困难胸闷气短反复发作一年加重3天入院8月10日遵医嘱给予新活素05毫克盐水50毫升静脉4mll微量泵泵入于下午16点30分泵入完成报警系统未发出响声,产品原因（包括说明书等）,机器故障,影响注射,[CLS]影响注射[SEP]注射泵治疗结束后该设备报警系统未发出响声[SEP]患者于8月8日以呼吸困难胸闷气短反复发作一年加重3天入院8月10日遵医嘱给予新活素05毫克盐水50毫升静脉4mll微量泵泵入于下午16点30分泵入完成报警系统未发出响声[SEP],注射泵治疗结束后该设备报警系统未发出响声,患者于8月8日以呼吸困难胸闷气短反复发作一年加重3天入院8月10日遵医嘱给予新活素05毫克盐水50毫升静脉4mll微量泵泵入于下午16点30分泵入完成报警系统未发出响声,1拆机检查发现喇叭本身不发声判断是喇叭不良2喇叭不良的原因分析是喇叭内部电线焊接不良在使用过程中由于转运搬动设备线束晃动导致焊点松动脱落无法正常导电发声
1292917122023000325,其他,[CLS]无[SEP]D0101_故障提示[SEP]20230813质控设备是发现注射泵显示故障报错系统故障6经询问厂家工程师与查找维修手册故障指示压力传感器故障停用上报厂家更换配件[SEP],无,D0101_故障提示,20230813质控设备是发现注射泵显示故障报错系统故障6经询问厂家工程师与查找维修手册故障指示压力传感器故障停用上报厂家更换配件,产品原因（包括说明书等）,压力传感器故障,无,[CLS]无[SEP]D0101_故障提示[SEP]20230813质控设备是发现注射泵显示故障报错系统故障6经询问厂家工程师与查找维修手册故障指示压力传感器故障停用上报厂家更换配件[SEP],D0101_故障提示,20230813质控设备是发现注射泵显示故障报错系统故障6经询问厂家工程师与查找维修手册故障指示压力传感器故障停用上报厂家更换配件,1拆机检查发现为压力传感器上线束与传感器接头处焊点松动2分析是压力传感器与连接线连接处焊接不良在使用过程中由于转运搬动设备线束晃动导致焊点松动脱落导致传感器无法正常监测实时压力值提示系统故障6
1406501052023000248,其他,[CLS]未造成任何人员伤害[SEP]D040505_流速不准[SEP]正常使用过程中输液速率不准确[SEP],未造成任何人员伤害,D040505_流速不准,正常使用过程中输液速率不准确,产品原因（包括说明书等）,长期使用导致机器输液速率不准确,未造成任何人员伤害,[CLS]未造成任何人员伤害[SEP]D040505_流速不准[SEP]正常使用过程中输液速率不准确[SEP],D040505_流速不准,正常使用过程中输液速率不准确,由于医院长期未进行注射器校准设备内存储的注射器参数与实际上泵的注射器参数不一致设备无法正常控制注射器管路内液体流速导致实际流速大于设定流速
1223401032023003590,其他,[CLS]null[SEP]电源接触不良[SEP]电源接触不良[SEP],null,电源接触不良,电源接触不良,无法确定,null,null,[CLS]null[SEP]电源接触不良[SEP]电源接触不良[SEP],电源接触不良,电源接触不良,由于该设备已使用5年处于超预期使用状态长期临床使用频繁插拔电源线电源线端口处磨损导致与设备接触不良
1213304092023000143,其他,[CLS]及时发现未造成伤害[SEP]机器报错离合未闭[SEP]护士把注射器装在微泵上开始使用机器报错离合未闭机器故障超过使用年限报废[SEP],及时发现未造成伤害,机器报错离合未闭,护士把注射器装在微泵上开始使用机器报错离合未闭机器故障超过使用年限报废,产品原因（包括说明书等）,机器报错离合未闭,及时发现未造成伤害,[CLS]及时发现未造成伤害[SEP]机器报错离合未闭[SEP]护士把注射器装在微泵上开始使用机器报错离合未闭机器故障超过使用年限报废[SEP],机器报错离合未闭,护士把注射器装在微泵上开始使用机器报错离合未闭机器故障超过使用年限报废,1经售后工程师拆机检查发现内部离合信号传递线束FPC线破损导致离合信号传递受阻引发报警2由于该设备已使用9年处于超预期使用状态长期临床使用导致FPC线老化破损无法正常进行信号传递
1274201022023000439,其他,[CLS]无伤害[SEP]夹注射器的螺丝钉坏了[SEP]夹注射器的螺丝钉坏了[SEP],无伤害,夹注射器的螺丝钉坏了,夹注射器的螺丝钉坏了,无法确定,null,无伤害,[CLS]无伤害[SEP]夹注射器的螺丝钉坏了[SEP]夹注射器的螺丝钉坏了[SEP],夹注射器的螺丝钉坏了,夹注射器的螺丝钉坏了,由于该设备已使用9年处于超预期使用状态长期临床使用频繁用力扭动紧固夹螺丝导致紧固夹螺丝松动无法正常固定注射泵
1162102022023000080,其他,[CLS]M210202_给药不足[SEP]D040504_输送不准[SEP]患者因劳累性胸闷气短2年余加重伴喘息3小时2023年8月19日11时06分入院诊断冠状动脉粥样硬化性心脏病急性非ST段抬高型心肌梗死PCI术后心功能III级高血压病II型糖尿病8月20日患者呼吸略促口唇中度紫绀测T364CP72次分R20次分BP9251毫米汞柱遵医嘱应用利尿合剂905给与生理盐水30ml呋塞米200mg另一路生理盐水44ml盐酸多巴胺60mg均以6小时泵入每小时巡视病房注射泵匀速泵入无警报提示1455输液泵报警查看药物泵入情况呋塞米组泵入结束多巴胺余5ml未结束报告医生停止多巴胺组泵入向患者做好解释工作余液废弃[SEP],M210202_给药不足,D040504_输送不准,患者因劳累性胸闷气短2年余加重伴喘息3小时2023年8月19日11时06分入院诊断冠状动脉粥样硬化性心脏病急性非ST段抬高型心肌梗死PCI术后心功能III级高血压病II型糖尿病8月20日患者呼吸略促口唇中度紫绀测T364CP72次分R20次分BP9251毫米汞柱遵医嘱应用利尿合剂905给与生理盐水30ml呋塞米200mg另一路生理盐水44ml盐酸多巴胺60mg均以6小时泵入每小时巡视病房注射泵匀速泵入无警报提示1455输液泵报警查看药物泵入情况呋塞米组泵入结束多巴胺余5ml未结束报告医生停止多巴胺组泵入向患者做好解释工作余液废弃,无法确定,1注射泵接近有效期利用率高磨损严重导致功能失调减慢2科室报修过此台注射泵修后未与新机器进行速度比对未做标注3两组药用50ml同时泵入差5ml不容易被发现,M210202_给药不足,[CLS]M210202_给药不足[SEP]D040504_输送不准[SEP]患者因劳累性胸闷气短2年余加重伴喘息3小时2023年8月19日11时06分入院诊断冠状动脉粥样硬化性心脏病急性非ST段抬高型心肌梗死PCI术后心功能III级高血压病II型糖尿病8月20日患者呼吸略促口唇中度紫绀测T364CP72次分R20次分BP9251毫米汞柱遵医嘱应用利尿合剂905给与生理盐水30ml呋塞米200mg另一路生理盐水44ml盐酸多巴胺60mg均以6小时泵入每小时巡视病房注射泵匀速泵入无警报提示1455输液泵报警查看药物泵入情况呋塞米组泵入结束多巴胺余5ml未结束报告医生停止多巴胺组泵入向患者做好解释工作余液废弃[SEP],D040504_输送不准,患者因劳累性胸闷气短2年余加重伴喘息3小时2023年8月19日11时06分入院诊断冠状动脉粥样硬化性心脏病急性非ST段抬高型心肌梗死PCI术后心功能III级高血压病II型糖尿病8月20日患者呼吸略促口唇中度紫绀测T364CP72次分R20次分BP9251毫米汞柱遵医嘱应用利尿合剂905给与生理盐水30ml呋塞米200mg另一路生理盐水44ml盐酸多巴胺60mg均以6小时泵入每小时巡视病房注射泵匀速泵入无警报提示1455输液泵报警查看药物泵入情况呋塞米组泵入结束多巴胺余5ml未结束报告医生停止多巴胺组泵入向患者做好解释工作余液废弃,由于该设备已使用5年处于超预期使用状态长期临床使用泵体有磨损情况导致使用一段时间出现实际流速比设定流速小的情况
1162101072023000218,其他,[CLS]患者无法接受治疗[SEP]设备停止运行中止治疗[SEP]给患者予胰岛素注射液泵入以降低患者血糖泵入过程中机器突然关机[SEP],患者无法接受治疗,设备停止运行中止治疗,给患者予胰岛素注射液泵入以降低患者血糖泵入过程中机器突然关机,无法确定,null,患者无法接受治疗,[CLS]患者无法接受治疗[SEP]设备停止运行中止治疗[SEP]给患者予胰岛素注射液泵入以降低患者血糖泵入过程中机器突然关机[SEP],设备停止运行中止治疗,给患者予胰岛素注射液泵入以降低患者血糖泵入过程中机器突然关机,由于该设备已使用5年处于超预期使用状态长期临床使用频繁对电池进行充放电使用电池老化无法储存满足正常工作需求的电量导致设备使用一段时间后关机
1406528012023000062,其他,[CLS]科室在使用时发现注射器夹断裂影响科室正常使用维修后正常[SEP]科室在使用时发现注射器夹断裂影响科室正常使用维修后正常[SEP]科室在使用时发现注射器夹断裂影响科室正常使用维修后正常[SEP],科室在使用时发现注射器夹断裂影响科室正常使用维修后正常,科室在使用时发现注射器夹断裂影响科室正常使用维修后正常,科室在使用时发现注射器夹断裂影响科室正常使用维修后正常,产品原因（包括说明书等）,null,科室在使用时发现注射器夹断裂影响科室正常使用维修后正常,[CLS]科室在使用时发现注射器夹断裂影响科室正常使用维修后正常[SEP]科室在使用时发现注射器夹断裂影响科室正常使用维修后正常[SEP]科室在使用时发现注射器夹断裂影响科室正常使用维修后正常[SEP],科室在使用时发现注射器夹断裂影响科室正常使用维修后正常,科室在使用时发现注射器夹断裂影响科室正常使用维修后正常,经过分析和实验我们发现使用ABS硬塑料内嵌金属预埋件材质制作的捏柄在经过数万次捏合后可能会出现开裂现象在ABS中增加适量玻纤再按相同工艺制作捏柄做对比实验没有出现开裂现象推测ABS硬塑料内嵌金属预埋件材质强度不够造成捏柄开裂
1284318002023001110,其他,[CLS]无[SEP]使用过程中电池鼓包[SEP]使用过程中电池鼓包[SEP],无,使用过程中电池鼓包,使用过程中电池鼓包,产品原因（包括说明书等）,故障为电池原因,无,[CLS]无[SEP]使用过程中电池鼓包[SEP]使用过程中电池鼓包[SEP],使用过程中电池鼓包,使用过程中电池鼓包,由于该设备已使用5年处于超预期使用状态长期临床使用频繁对电池进行充放电使用导致电池老化出现鼓包现象且蓄电能力下降
1207403242023000278,其他,[CLS]未造成实际伤害[SEP]机器报警[SEP]机器报警[SEP],未造成实际伤害,机器报警,机器报警,无法确定,传感器故障,未造成实际伤害,[CLS]未造成实际伤害[SEP]机器报警[SEP]机器报警[SEP],机器报警,机器报警,1经过拆机检查发现压力传感器出现故障造成误报警2由于此台注射泵已在医院使用超过9年处于超预期使用状态压力传感器因老化而发生故障
1253717032023000552,其他,[CLS]null[SEP]科室工作人员在使用前对设备检查时候发现设备注射完后有液体未注射完[SEP]20230808科室工作人员在使用前对设备检查时候发现设备注射完后有液体未注射完通知设备科工程师到场进行检修[SEP],null,科室工作人员在使用前对设备检查时候发现设备注射完后有液体未注射完,20230808科室工作人员在使用前对设备检查时候发现设备注射完后有液体未注射完通知设备科工程师到场进行检修,产品原因（包括说明书等）,科室工作人员在使用前对设备检查时候发现设备注射完后有液体未注射完通知设备科工程师到场进行检修,null,[CLS]null[SEP]科室工作人员在使用前对设备检查时候发现设备注射完后有液体未注射完[SEP]20230808科室工作人员在使用前对设备检查时候发现设备注射完后有液体未注射完通知设备科工程师到场进行检修[SEP],科室工作人员在使用前对设备检查时候发现设备注射完后有液体未注射完,20230808科室工作人员在使用前对设备检查时候发现设备注射完后有液体未注射完通知设备科工程师到场进行检修,由于医院长期未进行注射器校准设备内存储的注射器参数与实际上泵的注射器参数不一致设备无法正常控制注射器管路内液体流速导致实际流速小于设定流速注射完成后残余量大
1277403632023000129,其他,[CLS]null[SEP]无法开机[SEP]正常使用无法开机[SEP],null,无法开机,正常使用无法开机,无法确定,null,null,[CLS]null[SEP]无法开机[SEP]正常使用无法开机[SEP],无法开机,正常使用无法开机,1经售后工程师检查该设备电源线外表皮破损故分析为内部电线在失去外表皮的保护后断裂无法正常为设备传递电量2设备电源线外表皮破损的原因分析为医院临床使用时频繁拉扯弯折电源线导致电源线外表皮受张力作用破裂
1277403632023000133,其他,[CLS]null[SEP]流速不准[SEP]正常使用正常设置参数发现药液流速不准[SEP],null,流速不准,正常使用正常设置参数发现药液流速不准,无法确定,null,null,[CLS]null[SEP]流速不准[SEP]正常使用正常设置参数发现药液流速不准[SEP],流速不准,正常使用正常设置参数发现药液流速不准,由于医院长期未进行注射器校准设备内存储的注射器参数与实际上泵的注射器参数不一致设备无法正常控制注射器管路内液体流速导致实际流速大于设定流速
1277403632023000130,其他,[CLS]null[SEP]按键不灵[SEP]按按键无反应[SEP],null,按键不灵,按按键无反应,无法确定,null,null,[CLS]null[SEP]按键不灵[SEP]按按键无反应[SEP],按键不灵,按按键无反应,1经售后工程师拆机检查按键与主控板间隙内附着大量药液干粉导致按键接触不良2分析可能是临床使用过程中不慎有药液洒落未及时清理药液流入按键与主控板间隙内长期累积导致按键与主控板接触不良
1277403632023000131,其他,[CLS]null[SEP]噪音大[SEP]开机噪音大[SEP],null,噪音大,开机噪音大,无法确定,null,null,[CLS]null[SEP]噪音大[SEP]开机噪音大[SEP],噪音大,开机噪音大,1经拆机检查发现是主控板电机驱动板线束插头松动导致报警2造成插头松动的原因可能是由于产品在运输环节震动跌落等外力以及在使用期间转运过程中发生碰撞导致插头松动
1277403632023000132,其他,[CLS]null[SEP]夹子断裂[SEP]准备夹注射器时夹子断裂导致无法使用[SEP],null,夹子断裂,准备夹注射器时夹子断裂导致无法使用,无法确定,null,null,[CLS]null[SEP]夹子断裂[SEP]准备夹注射器时夹子断裂导致无法使用[SEP],夹子断裂,准备夹注射器时夹子断裂导致无法使用,经过分析和实验我们发现使用ABS硬塑料内嵌金属预埋件材质制作的捏柄在经过数万次捏合后可能会出现开裂现象在ABS中增加适量玻纤再按相同工艺制作捏柄做对比实验没有出现开裂现象推测ABS硬塑料内嵌金属预埋件材质强度不够造成捏柄开裂
1294425602023000506,其他,[CLS]null[SEP]D121205_设备或设备部件移动[SEP]护士使用该注射泵给患者治疗时发现注射泵无法固定科室更换备用注射泵进行治疗[SEP],null,D121205_设备或设备部件移动,护士使用该注射泵给患者治疗时发现注射泵无法固定科室更换备用注射泵进行治疗,产品原因（包括说明书等）,null,null,[CLS]null[SEP]D121205_设备或设备部件移动[SEP]护士使用该注射泵给患者治疗时发现注射泵无法固定科室更换备用注射泵进行治疗[SEP],D121205_设备或设备部件移动,护士使用该注射泵给患者治疗时发现注射泵无法固定科室更换备用注射泵进行治疗,分析可能是由于长期临床转运过程中设备震动跌宕导致紧固夹螺丝松动无法正常固定设备
1253711042023000294,其他,[CLS]设备故障未累计患者[SEP]D1201_设备或部件脱离[SEP]2023年7月11日科室工作人员在使用该注射泵为病人进行药物注射时设备异常无法正常运行为保证病人治疗科室工作人员第一时间更换设备为病人进行药物注同时电话报修工程师[SEP],设备故障未累计患者,D1201_设备或部件脱离,2023年7月11日科室工作人员在使用该注射泵为病人进行药物注射时设备异常无法正常运行为保证病人治疗科室工作人员第一时间更换设备为病人进行药物注同时电话报修工程师,产品原因（包括说明书等）,工程师维修鉴定该设备注射夹子配件断裂损坏导致药物注射无法进行,设备故障未累计患者,[CLS]设备故障未累计患者[SEP]D1201_设备或部件脱离[SEP]2023年7月11日科室工作人员在使用该注射泵为病人进行药物注射时设备异常无法正常运行为保证病人治疗科室工作人员第一时间更换设备为病人进行药物注同时电话报修工程师[SEP],D1201_设备或部件脱离,2023年7月11日科室工作人员在使用该注射泵为病人进行药物注射时设备异常无法正常运行为保证病人治疗科室工作人员第一时间更换设备为病人进行药物注同时电话报修工程师,经过分析和实验我们发现使用ABS硬塑料内嵌金属预埋件材质制作的捏柄在经过数万次捏合后可能会出现开裂现象在ABS中增加适量玻纤再按相同工艺制作捏柄做对比实验没有出现开裂现象推测ABS硬塑料内嵌金属预埋件材质强度不够造成捏柄开裂
1253717032023000508,严重伤害,[CLS]可能因给药不足达不到预期治疗目的[SEP]科室工作人员在使用时发现注射器内还有剩余液体设备就报警完成注射[SEP]2023年7月26日科室工作人员在使用时发现注射器内还有剩余液体设备就报警完成注射通知设备科工程师到场检修[SEP],可能因给药不足达不到预期治疗目的,科室工作人员在使用时发现注射器内还有剩余液体设备就报警完成注射,2023年7月26日科室工作人员在使用时发现注射器内还有剩余液体设备就报警完成注射通知设备科工程师到场检修,产品原因（包括说明书等）,有剩余液体设备就报警完成注射,可能因给药不足达不到预期治疗目的,[CLS]可能因给药不足达不到预期治疗目的[SEP]科室工作人员在使用时发现注射器内还有剩余液体设备就报警完成注射[SEP]2023年7月26日科室工作人员在使用时发现注射器内还有剩余液体设备就报警完成注射通知设备科工程师到场检修[SEP],科室工作人员在使用时发现注射器内还有剩余液体设备就报警完成注射,2023年7月26日科室工作人员在使用时发现注射器内还有剩余液体设备就报警完成注射通知设备科工程师到场检修,院方上报的是严重伤害根据严重伤害的定义我公司认为应为其他由于医院长期未进行注射器校准设备内存储的注射器参数与实际上泵的注射器参数不一致设备无法正常控制注射器管路内液体流速导致实际流速小于设定流速
1406528112023000119,其他,[CLS]设备故障导致科室注射泵短缺给工作人员带来不便[SEP]系统参数设置错误[SEP]于2023年7月5日心内科护士报修注射泵参数出现错误工程师到现场发现护士没调好参数导致的报错现场培训设置参数设备故障已排除设备恢复正常[SEP],设备故障导致科室注射泵短缺给工作人员带来不便,系统参数设置错误,于2023年7月5日心内科护士报修注射泵参数出现错误工程师到现场发现护士没调好参数导致的报错现场培训设置参数设备故障已排除设备恢复正常,操作原因,操作不当引起的参数出现错误,设备故障导致科室注射泵短缺给工作人员带来不便,[CLS]设备故障导致科室注射泵短缺给工作人员带来不便[SEP]系统参数设置错误[SEP]于2023年7月5日心内科护士报修注射泵参数出现错误工程师到现场发现护士没调好参数导致的报错现场培训设置参数设备故障已排除设备恢复正常[SEP],系统参数设置错误,于2023年7月5日心内科护士报修注射泵参数出现错误工程师到现场发现护士没调好参数导致的报错现场培训设置参数设备故障已排除设备恢复正常,经售后工程师现场沟通操作人员设置好参数后未将累积量清除累积量显示数值与预置量相同设备默认已完成输液报输液完成提示此现象为正常现象
1253715022023000226,其他,[CLS]延误患者及时治疗[SEP]报警[SEP]2023年5月23日科室使用设备对患者进行药物输注时机器堵塞报警科室护理人员立即更换同种设备并联系深刻进行维修[SEP],延误患者及时治疗,报警,2023年5月23日科室使用设备对患者进行药物输注时机器堵塞报警科室护理人员立即更换同种设备并联系深刻进行维修,产品原因（包括说明书等）,null,延误患者及时治疗,[CLS]延误患者及时治疗[SEP]报警[SEP]2023年5月23日科室使用设备对患者进行药物输注时机器堵塞报警科室护理人员立即更换同种设备并联系深刻进行维修[SEP],报警,2023年5月23日科室使用设备对患者进行药物输注时机器堵塞报警科室护理人员立即更换同种设备并联系深刻进行维修,1经售后工程师拆机检查发现设备内部压力传感器插头松动无法正常监测压力值设备报警提示阻塞2造成压力传感器插头松动的原因分析为由于医院长期临床转运搬动设备设备震动跌宕导致内部压力传感器插头松动
1253717032023000423,其他,[CLS]无[SEP]设备不能正常开机[SEP]2023年6月25日骨伤科护理人员在给病人使用注射泵时发现设备不能正常开机通知设备科进行检修并更换其他设备对病人进行注射治疗[SEP],无,设备不能正常开机,2023年6月25日骨伤科护理人员在给病人使用注射泵时发现设备不能正常开机通知设备科进行检修并更换其他设备对病人进行注射治疗,产品原因（包括说明书等）,设备科进行检修后发现电路板有虚焊处造成电路短路无法正常开机,无,[CLS]无[SEP]设备不能正常开机[SEP]2023年6月25日骨伤科护理人员在给病人使用注射泵时发现设备不能正常开机通知设备科进行检修并更换其他设备对病人进行注射治疗[SEP],设备不能正常开机,2023年6月25日骨伤科护理人员在给病人使用注射泵时发现设备不能正常开机通知设备科进行检修并更换其他设备对病人进行注射治疗,1经售后工程师拆机检查发现电源板插头处焊点脱焊无法正常为设备进行供电工作2电源板插头处焊点脱焊的原因分析为由于该设备已使用6年处于超预期使用状态长期临床使用电源板插头处焊点老化脱焊无法正常工作
1406501052023000161,其他,[CLS]未造成任何人员伤害[SEP]D150101_断裂[SEP]使用过程中夹子断裂[SEP],未造成任何人员伤害,D150101_断裂,使用过程中夹子断裂,产品原因（包括说明书等）,长期使用夹子老化变脆使用过程中断裂,未造成任何人员伤害,[CLS]未造成任何人员伤害[SEP]D150101_断裂[SEP]使用过程中夹子断裂[SEP],D150101_断裂,使用过程中夹子断裂,由于该设备已使用8年处于超预期使用状态长期临床使用捏柄材质老化导致使用时捏柄发生断裂
1162101082023000125,其他,[CLS]未造成伤害[SEP]滴速过快[SEP]使用初期测试阶段发现该设备实际滴速与设定滴速相比存在过快情况[SEP],未造成伤害,滴速过快,使用初期测试阶段发现该设备实际滴速与设定滴速相比存在过快情况,无法确定,不详,未造成伤害,[CLS]未造成伤害[SEP]滴速过快[SEP]使用初期测试阶段发现该设备实际滴速与设定滴速相比存在过快情况[SEP],滴速过快,使用初期测试阶段发现该设备实际滴速与设定滴速相比存在过快情况,由于医院长期未进行注射器校准设备内存储的注射器参数与实际上泵的注射器参数不一致设备无法正常控制注射器管路内液体流速导致实际流速大于设定流速
1376104002023000406,其他,[CLS]无[SEP]异常报警[SEP]20230728护士在给患者使用注射泵的过程中注射泵异常报警导致无法输送液体停止使用及时更换[SEP],无,异常报警,20230728护士在给患者使用注射泵的过程中注射泵异常报警导致无法输送液体停止使用及时更换,无法确定,经检测发现为注射泵内置主板导联线脱落导致注射泵异常报警,无,[CLS]无[SEP]异常报警[SEP]20230728护士在给患者使用注射泵的过程中注射泵异常报警导致无法输送液体停止使用及时更换[SEP],异常报警,20230728护士在给患者使用注射泵的过程中注射泵异常报警导致无法输送液体停止使用及时更换,1经过检查发现设备压力值偏低拆机检查发现压力传感器插头松动导致压力值信号无法传输造成误报警并非医院描述的内置主板导联线脱落2初步分析压力传感器插头松动的原因是长期临床搬动和转运过程中设备跌宕震动导致内部压力传感器插头松动
1376104002023000408,其他,[CLS]无[SEP]无法推送液体[SEP]20230729护士在给患者使用注射泵的过程中注射泵无法推送药液停止使用及时更换[SEP],无,无法推送液体,20230729护士在给患者使用注射泵的过程中注射泵无法推送药液停止使用及时更换,无法确定,经检测判断为注射泵内置电机故障导致无法推送液体,无,[CLS]无[SEP]无法推送液体[SEP]20230729护士在给患者使用注射泵的过程中注射泵无法推送药液停止使用及时更换[SEP],无法推送液体,20230729护士在给患者使用注射泵的过程中注射泵无法推送药液停止使用及时更换,1经拆机检查发现是主控板电机驱动板连接线插头松动导致报警内置电机实际未发生故障2造成插头松动的原因是由于产品在运输环节震动跌落等外力以及在使用期间转运过程中发生碰撞导致插头松动
1376104002023000414,其他,[CLS]无[SEP]异常报警[SEP]20230727护士在给患者使用注射泵的时候注射泵异常报警停止使用及时更换[SEP],无,异常报警,20230727护士在给患者使用注射泵的时候注射泵异常报警停止使用及时更换,无法确定,经检测判断为注射泵内置电机故障,无,[CLS]无[SEP]异常报警[SEP]20230727护士在给患者使用注射泵的时候注射泵异常报警停止使用及时更换[SEP],异常报警,20230727护士在给患者使用注射泵的时候注射泵异常报警停止使用及时更换,1经拆机检查发现是电机故障导致报警2电机故障的原因分析为由于该设备已使用10年处于超预期使用状态长期临床使用电机老化引发电路故障无法正常转动设备检测到电机故障无法正常运行
1294405312023000159,其他,[CLS]null[SEP]D0101_故障提示D010501_准备启动失效D020203_定位失效[SEP]2023年7月18号医护人员在检查中发现注射泵在对30毫升以下注射器未能正确识别导致无法正常使用未使用患者身上未造成不良影响立即停止使用联系厂家反馈电位器问题安排寄回检修[SEP],null,D0101_故障提示D010501_准备启动失效D020203_定位失效,2023年7月18号医护人员在检查中发现注射泵在对30毫升以下注射器未能正确识别导致无法正常使用未使用患者身上未造成不良影响立即停止使用联系厂家反馈电位器问题安排寄回检修,产品原因（包括说明书等）,产品问题,null,[CLS]null[SEP]D0101_故障提示D010501_准备启动失效D020203_定位失效[SEP]2023年7月18号医护人员在检查中发现注射泵在对30毫升以下注射器未能正确识别导致无法正常使用未使用患者身上未造成不良影响立即停止使用联系厂家反馈电位器问题安排寄回检修[SEP],D0101_故障提示D010501_准备启动失效D020203_定位失效,2023年7月18号医护人员在检查中发现注射泵在对30毫升以下注射器未能正确识别导致无法正常使用未使用患者身上未造成不良影响立即停止使用联系厂家反馈电位器问题安排寄回检修,1拆机检查发现短电位器插头松动无法正常检测上泵注射器规格2插头松动的原因分析为由于医院临床转运频繁搬动设备设备震动跌宕内部电线晃动导致短电位器插头松动
1294405312023000158,其他,[CLS]null[SEP]D0101_故障提示D010501_准备启动失效D020203_定位失效[SEP]2023年7月18号医护人员在检查中发现注射泵在对30毫升以下注射器未能正确识别导致无法正常使用未使用患者身上未造成不良影响立即停止使用联系厂家反馈电位器问题安排寄回检修[SEP],null,D0101_故障提示D010501_准备启动失效D020203_定位失效,2023年7月18号医护人员在检查中发现注射泵在对30毫升以下注射器未能正确识别导致无法正常使用未使用患者身上未造成不良影响立即停止使用联系厂家反馈电位器问题安排寄回检修,产品原因（包括说明书等）,产品故障问题,null,[CLS]null[SEP]D0101_故障提示D010501_准备启动失效D020203_定位失效[SEP]2023年7月18号医护人员在检查中发现注射泵在对30毫升以下注射器未能正确识别导致无法正常使用未使用患者身上未造成不良影响立即停止使用联系厂家反馈电位器问题安排寄回检修[SEP],D0101_故障提示D010501_准备启动失效D020203_定位失效,2023年7月18号医护人员在检查中发现注射泵在对30毫升以下注射器未能正确识别导致无法正常使用未使用患者身上未造成不良影响立即停止使用联系厂家反馈电位器问题安排寄回检修,1拆机检查发现短电位器插头松动无法正常检测上泵注射器规格2插头松动的原因分析为由于医院临床转运频繁搬动设备设备震动跌宕内部电线晃动导致短电位器插头松动
1253704062023000343,其他,[CLS]无[SEP]机器无法开机[SEP]2023年3月30日在准备使用机器时开机发现机器不能开机无法使用立即停止使用报器械管理部门检测维修启用备用设备未对病人造成不良影响[SEP],无,机器无法开机,2023年3月30日在准备使用机器时开机发现机器不能开机无法使用立即停止使用报器械管理部门检测维修启用备用设备未对病人造成不良影响,产品原因（包括说明书等）,设备故障,无,[CLS]无[SEP]机器无法开机[SEP]2023年3月30日在准备使用机器时开机发现机器不能开机无法使用立即停止使用报器械管理部门检测维修启用备用设备未对病人造成不良影响[SEP],机器无法开机,2023年3月30日在准备使用机器时开机发现机器不能开机无法使用立即停止使用报器械管理部门检测维修启用备用设备未对病人造成不良影响,1经售后工程师拆机检查设备内部电源板插头松动无法正常为设备传递电量导致设备无法正常开机2电源板插头松动的原因分析为由于临床转运频繁搬动设备设备震动跌宕内部电线晃动导致电源板插头松动
1386204092023000337,其他,[CLS]注射泵无法正常工作持续报警[SEP]注射泵无法正常工作持续报警[SEP]通过注射泵给患者给药[SEP],注射泵无法正常工作持续报警,注射泵无法正常工作持续报警,通过注射泵给患者给药,无法确定,通过注射泵给患者给药的过程中机器持续报警无法正常使用,注射泵无法正常工作持续报警,[CLS]注射泵无法正常工作持续报警[SEP]注射泵无法正常工作持续报警[SEP]通过注射泵给患者给药[SEP],注射泵无法正常工作持续报警,通过注射泵给患者给药,1拆机检查发现短电位器插头松动无法检测上泵注射器规格引发报警2由于该设备已在医院使用11年处于超预期使用状态长期临床转运频繁搬动设备设备震动跌宕导致内部短电位器插头松动
1203203102023000099,其他,[CLS]null[SEP]上联报错异常2[SEP]上联报错异常2[SEP],null,上联报错异常2,上联报错异常2,产品原因（包括说明书等）,上联报错异常2,null,[CLS]null[SEP]上联报错异常2[SEP]上联报错异常2[SEP],上联报错异常2,上联报错异常2,1拆机检查发现长电位器异常导致运行信号传递异常引发报警2由于该设备已在医院使用10年处于超预期使用状态长期临床频繁使用长电位器老化导致无法正常传递运行信号
1386204092023000336,其他,[CLS]注射泵没法正常工作一直报警[SEP]注射泵没法正常工作一直报警[SEP]通过注射泵给患者注射药物[SEP],注射泵没法正常工作一直报警,注射泵没法正常工作一直报警,通过注射泵给患者注射药物,无法确定,科室在使用过程中注射泵无法正常工作一直报警,注射泵没法正常工作一直报警,[CLS]注射泵没法正常工作一直报警[SEP]注射泵没法正常工作一直报警[SEP]通过注射泵给患者注射药物[SEP],注射泵没法正常工作一直报警,通过注射泵给患者注射药物,1拆机检查发现长电位器插头松动导致运行信号传递异常引发报警2由于该设备已在医院使用10年处于超预期使用状态长期临床转运频繁搬动设备设备震动跌宕导致内部长电位器插头松动
1162107002023000176,其他,[CLS]null[SEP]注射泵开不开机[SEP]开机自检[SEP],null,注射泵开不开机,开机自检,无法确定,排线松动,null,[CLS]null[SEP]注射泵开不开机[SEP]开机自检[SEP],注射泵开不开机,开机自检,1经售后工程师拆机检查设备内部FPC线插头松动FPC线的功能之一是负责传递离合检测信号损坏后造成检测信号中断发生报警报警后设备不能注射药物无法正常使用2FPC线插头松动的原因分析为临床转运频繁搬动设备设备内部电线震动跌宕导致FPC线插头松动无法正常传递信号
1162107002023000143,其他,[CLS]注射泵无法正常工作[SEP]注射泵无法正常工作[SEP]推液装置内部电机出现故障[SEP],注射泵无法正常工作,注射泵无法正常工作,推液装置内部电机出现故障,无法确定,推液装置内部电机出现故障,注射泵无法正常工作,[CLS]注射泵无法正常工作[SEP]注射泵无法正常工作[SEP]推液装置内部电机出现故障[SEP],注射泵无法正常工作,推液装置内部电机出现故障,1经拆机检查发现是电机插头松动导致报警2造成插头松动的原因可能是由于产品在运输环节震动跌落等外力以及在使用期间转运过程中发生碰撞导致插头松动
1294425602023000382,其他,[CLS]无[SEP]D10031201_传感器故障[SEP]20230615科室使用该注射泵时开机发现机器报传感器故障无法工作[SEP],无,D10031201_传感器故障,20230615科室使用该注射泵时开机发现机器报传感器故障无法工作,产品原因（包括说明书等）,设备故障,无,[CLS]无[SEP]D10031201_传感器故障[SEP]20230615科室使用该注射泵时开机发现机器报传感器故障无法工作[SEP],D10031201_传感器故障,20230615科室使用该注射泵时开机发现机器报传感器故障无法工作,1售后工程师拆机检查发现压力传感器插头松动造成接触不良报警系统故障62压力传感器插头松动的原因分析为临床转运搬动设备中发生磕碰内部电线震动导致压力传感器插头松动
1294425602023000383,其他,[CLS]无[SEP]D1204_机械卡塞[SEP]6月26日科室使用该注射泵治疗时出现推注不了液体的现象经检查发现为电机卡死科室更换备用注射泵进行治疗通知厂家维修故障注射泵[SEP],无,D1204_机械卡塞,6月26日科室使用该注射泵治疗时出现推注不了液体的现象经检查发现为电机卡死科室更换备用注射泵进行治疗通知厂家维修故障注射泵,产品原因（包括说明书等）,电机卡死,无,[CLS]无[SEP]D1204_机械卡塞[SEP]6月26日科室使用该注射泵治疗时出现推注不了液体的现象经检查发现为电机卡死科室更换备用注射泵进行治疗通知厂家维修故障注射泵[SEP],D1204_机械卡塞,6月26日科室使用该注射泵治疗时出现推注不了液体的现象经检查发现为电机卡死科室更换备用注射泵进行治疗通知厂家维修故障注射泵,1经售后工程师拆机检查发现内部电机线束插头松动电机无法正常运转并非医院描述的电机卡死2电机线束松动的原因分析为由于临床转运频繁搬动设备设备震动跌宕内部电线晃动导致电机线束插头松动
1162107002023000155,其他,[CLS]受到外力致使设备内部组件损坏[SEP]受到外力致使设备内部组件损坏[SEP]事件陈述患者不慎将其打翻在地[SEP],受到外力致使设备内部组件损坏,受到外力致使设备内部组件损坏,事件陈述患者不慎将其打翻在地,"无法确定,患者自身原因",受到外力致使设备内部组件损坏,受到外力致使设备内部组件损坏,[CLS]受到外力致使设备内部组件损坏[SEP]受到外力致使设备内部组件损坏[SEP]事件陈述患者不慎将其打翻在地[SEP],受到外力致使设备内部组件损坏,事件陈述患者不慎将其打翻在地,由于推拉盒为塑料纤维材质患者将其从桌子上打翻到地上受外力撞击推拉盒外壳劈裂无法正常固定注射器
1162107002023000144,其他,[CLS]注射泵无法正常工作[SEP]推液装置内部电机出现故障[SEP]推液装置内部电机出现故障[SEP],注射泵无法正常工作,推液装置内部电机出现故障,推液装置内部电机出现故障,无法确定,推液装置内部电机出现故障,注射泵无法正常工作,[CLS]注射泵无法正常工作[SEP]推液装置内部电机出现故障[SEP]推液装置内部电机出现故障[SEP],推液装置内部电机出现故障,推液装置内部电机出现故障,1拆机检查发现为电机故障设备启动后电机无法正常工作2电机故障的原因分析为由于该设备已使用10年处于超预期使用状态长期临床使用电机老化无法正常实现运转工作
1253711042023000299,其他,[CLS]设备故障未累计患者[SEP]D1201_设备或部件脱离[SEP]2023年7月12日科室工作人员为咳嗽病人进行药物注射时注射泵注射器夹子出现断裂现象无法继续完成注射科室工作人员立即更换设备为病人进行进行治疗未对病人造成影响并通知工程师进行维修工程师维修鉴定注射泵夹子疲劳性断裂更换后故障排除投入使用[SEP],设备故障未累计患者,D1201_设备或部件脱离,2023年7月12日科室工作人员为咳嗽病人进行药物注射时注射泵注射器夹子出现断裂现象无法继续完成注射科室工作人员立即更换设备为病人进行进行治疗未对病人造成影响并通知工程师进行维修工程师维修鉴定注射泵夹子疲劳性断裂更换后故障排除投入使用,产品原因（包括说明书等）,工程师维修判定该设备注射器夹子因使用频率高疲劳性断裂导致故障发生更换夹子后设备运行正常,设备故障未累计患者,[CLS]设备故障未累计患者[SEP]D1201_设备或部件脱离[SEP]2023年7月12日科室工作人员为咳嗽病人进行药物注射时注射泵注射器夹子出现断裂现象无法继续完成注射科室工作人员立即更换设备为病人进行进行治疗未对病人造成影响并通知工程师进行维修工程师维修鉴定注射泵夹子疲劳性断裂更换后故障排除投入使用[SEP],D1201_设备或部件脱离,2023年7月12日科室工作人员为咳嗽病人进行药物注射时注射泵注射器夹子出现断裂现象无法继续完成注射科室工作人员立即更换设备为病人进行进行治疗未对病人造成影响并通知工程师进行维修工程师维修鉴定注射泵夹子疲劳性断裂更换后故障排除投入使用,由于该设备已使用5年处于超预期使用状态长期临床使用频繁捏合捏柄导致捏柄老化断裂
1253717032023000406,严重伤害,[CLS]可能因给药不准给患者身体带来负荷[SEP]注射泵报错阻塞[SEP]20230625消化内科在使用时一直报错阻塞立即停止使用[SEP],可能因给药不准给患者身体带来负荷,注射泵报错阻塞,20230625消化内科在使用时一直报错阻塞立即停止使用,无法确定,阻塞,可能因给药不准给患者身体带来负荷,[CLS]可能因给药不准给患者身体带来负荷[SEP]注射泵报错阻塞[SEP]20230625消化内科在使用时一直报错阻塞立即停止使用[SEP],注射泵报错阻塞,20230625消化内科在使用时一直报错阻塞立即停止使用,院方上报的是严重伤害根据严重伤害的定义我公司认为应为其他1经售后工程师拆机检查发现压力传感器插头松动设备无法正常监测压力值2由于该设备已使用5年处于超预期使用状态长期临床使用频繁搬动设备内部电线震动跌宕导致压力传感器插头松动设备提示阻塞报警
1141407112023000094,其他,[CLS]无[SEP]注射泵注射器固定夹的夹子为硬塑料特别容易断裂影响使用[SEP]注射泵注射器固定夹的夹子为硬塑料容易断裂影响使用[SEP],无,注射泵注射器固定夹的夹子为硬塑料特别容易断裂影响使用,注射泵注射器固定夹的夹子为硬塑料容易断裂影响使用,产品原因（包括说明书等）,注射器固定夹断裂,无,[CLS]无[SEP]注射泵注射器固定夹的夹子为硬塑料特别容易断裂影响使用[SEP]注射泵注射器固定夹的夹子为硬塑料容易断裂影响使用[SEP],注射泵注射器固定夹的夹子为硬塑料特别容易断裂影响使用,注射泵注射器固定夹的夹子为硬塑料容易断裂影响使用,经售后工程师与医院沟通操作者使用时习惯用力将捏柄捏到根部捏柄下端长期受向上的捏力作用开裂无法正常固定注射器
1294410002023000409,其他,[CLS]null[SEP]注射泵无电源[SEP]5月4日准备给5床患者静脉推注葡萄糖酸钙时发现推注泵无电源更换另一插座也不行更换注射泵病人推注并将故障设备送修[SEP],null,注射泵无电源,5月4日准备给5床患者静脉推注葡萄糖酸钙时发现推注泵无电源更换另一插座也不行更换注射泵病人推注并将故障设备送修,产品原因（包括说明书等）,经检查是注射泵电源板故障导致开不了机,null,[CLS]null[SEP]注射泵无电源[SEP]5月4日准备给5床患者静脉推注葡萄糖酸钙时发现推注泵无电源更换另一插座也不行更换注射泵病人推注并将故障设备送修[SEP],注射泵无电源,5月4日准备给5床患者静脉推注葡萄糖酸钙时发现推注泵无电源更换另一插座也不行更换注射泵病人推注并将故障设备送修,电源板是设备的供电模块为设备传递电量当发生故障时无法将交流电或电池电量传递给设备导致设备无法正常开机
1294425572023000198,其他,[CLS]null[SEP]报警显示离合未闭[SEP]于2023年3月30日1220患者在予09氯化钠注射液加新活素05mg静脉注射以抗心衰治疗使用微量泵双泵准确控制输入速度控速4mlh在使用过程中微泵出现报警提示离合未闭经检查注射器在卡槽内固定柄无异常未能准确的控制药物入量无法正常使用影响患者药物治疗效果[SEP],null,报警显示离合未闭,于2023年3月30日1220患者在予09氯化钠注射液加新活素05mg静脉注射以抗心衰治疗使用微量泵双泵准确控制输入速度控速4mlh在使用过程中微泵出现报警提示离合未闭经检查注射器在卡槽内固定柄无异常未能准确的控制药物入量无法正常使用影响患者药物治疗效果,无法确定,疑似设备故障,null,[CLS]null[SEP]报警显示离合未闭[SEP]于2023年3月30日1220患者在予09氯化钠注射液加新活素05mg静脉注射以抗心衰治疗使用微量泵双泵准确控制输入速度控速4mlh在使用过程中微泵出现报警提示离合未闭经检查注射器在卡槽内固定柄无异常未能准确的控制药物入量无法正常使用影响患者药物治疗效果[SEP],报警显示离合未闭,于2023年3月30日1220患者在予09氯化钠注射液加新活素05mg静脉注射以抗心衰治疗使用微量泵双泵准确控制输入速度控速4mlh在使用过程中微泵出现报警提示离合未闭经检查注射器在卡槽内固定柄无异常未能准确的控制药物入量无法正常使用影响患者药物治疗效果,1经售后工程师拆机检查设备内部FPC线插头松动FPC线的功能之一是负责传递离合检测信号损坏后造成检测信号中断发生报警报警后设备不能注射药物无法正常使用2FPC线插头松动的原因分析为临床转运频繁搬动设备设备内部电线震动跌宕导致FPC线插头松动无法正常传递信号
1274201022023000268,其他,[CLS]无伤害[SEP]无法启动[SEP]无法启动[SEP],无伤害,无法启动,无法启动,无法确定,null,无伤害,[CLS]无伤害[SEP]无法启动[SEP]无法启动[SEP],无法启动,无法启动,由于该设备已使用9年处于超预期使用状态长期临床使用频繁按压按键启动键老化失灵无法正常使用
1376104002023000339,其他,[CLS]无[SEP]无法推完液体[SEP]20230629护士在给病人使用注射泵推送药液的过程中发现药液无法正常推完停止使用及时更换[SEP],无,无法推完液体,20230629护士在给病人使用注射泵推送药液的过程中发现药液无法正常推完停止使用及时更换,无法确定,经检测发现注射泵内置电机故障从而导致无法正常推完药液,无,[CLS]无[SEP]无法推完液体[SEP]20230629护士在给病人使用注射泵推送药液的过程中发现药液无法正常推完停止使用及时更换[SEP],无法推完液体,20230629护士在给病人使用注射泵推送药液的过程中发现药液无法正常推完停止使用及时更换,1经售后工程师拆机检查发现电机连接线插头松动导致电机无法正常运行2电机连接线插头松动的原因分析为由于该设备已使用9年处于超预期使用状态长期转运搬动设备内部电线震动跌宕导致电机连接线插头松动
1376104002023000340,其他,[CLS]无[SEP]无法推完液体[SEP]20230628护士在给患者使用注射泵时发现注射泵无法推送完液体停止使用及时更换[SEP],无,无法推完液体,20230628护士在给患者使用注射泵时发现注射泵无法推送完液体停止使用及时更换,无法确定,经检测发现内置线头有松动情况从而无法正常输完液体,无,[CLS]无[SEP]无法推完液体[SEP]20230628护士在给患者使用注射泵时发现注射泵无法推送完液体停止使用及时更换[SEP],无法推完液体,20230628护士在给患者使用注射泵时发现注射泵无法推送完液体停止使用及时更换,由于医院长期未进行注射器校准设备内存储的注射器参数与实际上泵的注射器参数不一致设备无法正常控制注射器管路内液体流速导致实际流速小于设定流速
1376104002023000341,其他,[CLS]无[SEP]异常报警[SEP]20230627护士在给患者使用注射泵帮助患者康复的过程中注射泵异常报警导致无法使用[SEP],无,异常报警,20230627护士在给患者使用注射泵帮助患者康复的过程中注射泵异常报警导致无法使用,无法确定,经检测初步判断为注射泵内置线头松动导致异常报警,无,[CLS]无[SEP]异常报警[SEP]20230627护士在给患者使用注射泵帮助患者康复的过程中注射泵异常报警导致无法使用[SEP],异常报警,20230627护士在给患者使用注射泵帮助患者康复的过程中注射泵异常报警导致无法使用,1售后工程师拆机检查发现压力传感器插头松动造成接触不良报警系统故障62压力传感器插头松动的原因分析为临床转运搬动设备中发生磕碰内部电线震动导致压力传感器插头松动
1253717032023000405,其他,[CLS]无[SEP]注射泵报错离合未闭[SEP]神内一在2023625开机自检时发现机器报错立即停止使用[SEP],无,注射泵报错离合未闭,神内一在2023625开机自检时发现机器报错立即停止使用,无法确定,机器报错,无,[CLS]无[SEP]注射泵报错离合未闭[SEP]神内一在2023625开机自检时发现机器报错立即停止使用[SEP],注射泵报错离合未闭,神内一在2023625开机自检时发现机器报错立即停止使用,1经售后工程师拆机检查发现设备内部FPC线故障FPC线的功能之一是负责传递离合检测信号损坏后造成检测信号中断发生报警报警后设备不能注射药物无法正常使用2FPC线故障的原因分析为由于该设备已使用10年处于超预期使用状态长期临床使用FPC线老化故障无法正常传递信号
1162109002023000056,其他,[CLS]运行中未泵入药物[SEP]未泵入药物在使用过程中仪器无报警记录要不进行泵动反复操作也无效[SEP]运行中未泵入药物[SEP],运行中未泵入药物,未泵入药物在使用过程中仪器无报警记录要不进行泵动反复操作也无效,运行中未泵入药物,产品原因（包括说明书等）,可能与产品或操作有关,运行中未泵入药物,[CLS]运行中未泵入药物[SEP]未泵入药物在使用过程中仪器无报警记录要不进行泵动反复操作也无效[SEP]运行中未泵入药物[SEP],未泵入药物在使用过程中仪器无报警记录要不进行泵动反复操作也无效,运行中未泵入药物,经售后工程师拆机检查启动键与主控板间缝隙内附着大量药液干粉分析为临床使用过程中不慎将药液洒在设备上未及时清理药液渗入干涸后药液干粉附着在启动键和主控板间导致启动键失灵
1294419442023000078,其他,[CLS]null[SEP]D010301_操作失效[SEP]2023年4月4日1800给病人微泵泵入药物时远行键显示不运行即予更换注射泵给病人用药[SEP],null,D010301_操作失效,2023年4月4日1800给病人微泵泵入药物时远行键显示不运行即予更换注射泵给病人用药,产品原因（包括说明书等）,怀疑微泵内部零件损坏,null,[CLS]null[SEP]D010301_操作失效[SEP]2023年4月4日1800给病人微泵泵入药物时远行键显示不运行即予更换注射泵给病人用药[SEP],D010301_操作失效,2023年4月4日1800给病人微泵泵入药物时远行键显示不运行即予更换注射泵给病人用药,经售后工程师拆机检查发现电机发生故障分析原因是由于该设备已使用9年处于超预期使用状态长期临床使用电机老化发生故障无法正常运行
1131301442023000428,其他,[CLS]未对患者造成伤害[SEP]离合故障[SEP]2023年5月11日打算使用注射泵为患者辅助静脉输注控制其特殊药物的注射速度注射泵规格型号WGS1020出厂编号3102010905078自检时发生报警提示离合故障使用另一台同厂家同规格的注射泵无报警使用的时候未涉及患者因此未对患者造成伤害离合故障容易使注射泵不能准确的检测流量无法控制注射速度流速过快或过慢会影响药效耽误治疗事后联系报修上报此不良事件[SEP],未对患者造成伤害,离合故障,2023年5月11日打算使用注射泵为患者辅助静脉输注控制其特殊药物的注射速度注射泵规格型号WGS1020出厂编号3102010905078自检时发生报警提示离合故障使用另一台同厂家同规格的注射泵无报警使用的时候未涉及患者因此未对患者造成伤害离合故障容易使注射泵不能准确的检测流量无法控制注射速度流速过快或过慢会影响药效耽误治疗事后联系报修上报此不良事件,产品原因（包括说明书等）,产品质量问题,未对患者造成伤害,[CLS]未对患者造成伤害[SEP]离合故障[SEP]2023年5月11日打算使用注射泵为患者辅助静脉输注控制其特殊药物的注射速度注射泵规格型号WGS1020出厂编号3102010905078自检时发生报警提示离合故障使用另一台同厂家同规格的注射泵无报警使用的时候未涉及患者因此未对患者造成伤害离合故障容易使注射泵不能准确的检测流量无法控制注射速度流速过快或过慢会影响药效耽误治疗事后联系报修上报此不良事件[SEP],离合故障,2023年5月11日打算使用注射泵为患者辅助静脉输注控制其特殊药物的注射速度注射泵规格型号WGS1020出厂编号3102010905078自检时发生报警提示离合故障使用另一台同厂家同规格的注射泵无报警使用的时候未涉及患者因此未对患者造成伤害离合故障容易使注射泵不能准确的检测流量无法控制注射速度流速过快或过慢会影响药效耽误治疗事后联系报修上报此不良事件,1经售后工程师拆机检查发现设备内部FPC线损坏FPC线的功能之一是负责传递离合检测信号损坏后造成检测信号中断发生报警报警后设备不能注射药物无法正常使用2FPC线损坏的原因分析可能是由于生产过程中内部FPC线未固定结实晃动FPC线与周围电路板摩擦导致磨损
1253714102023000150,严重伤害,[CLS]可能导致伤害[SEP]推注速度快[SEP]2023年4月15日为病人进行静脉推注设置四小时实际推注时间约35小时随即送修[SEP],可能导致伤害,推注速度快,2023年4月15日为病人进行静脉推注设置四小时实际推注时间约35小时随即送修,无法确定,null,可能导致伤害,[CLS]可能导致伤害[SEP]推注速度快[SEP]2023年4月15日为病人进行静脉推注设置四小时实际推注时间约35小时随即送修[SEP],推注速度快,2023年4月15日为病人进行静脉推注设置四小时实际推注时间约35小时随即送修,院方上报的是严重伤害根据严重伤害的定义我公司认为应为其他由于医院长期未进行注射器校准设备内存储的注射器参数与实际上泵的注射器参数不一致设备无法正常控制注射器管路内液体流速导致实际流速大于设定流速
1274201022023000275,其他,[CLS]2023年6月9号上午九点半使用的微量泵匀速泵入患者体内患者心率快需要持续泵入药品剂量未能准确泵入病人体内没有达到降低患者心率的理想效果立即更换微量泵并持续关注心率变化[SEP]泵速不准[SEP]2023年6月9号上午九点半使用的微量泵匀速泵入患者体内患者心率快需要持续泵入药品剂量未能准确泵入病人体内没有达到降低患者心率的理想效果立即更换微量泵并持续关注心率变化[SEP],2023年6月9号上午九点半使用的微量泵匀速泵入患者体内患者心率快需要持续泵入药品剂量未能准确泵入病人体内没有达到降低患者心率的理想效果立即更换微量泵并持续关注心率变化,泵速不准,2023年6月9号上午九点半使用的微量泵匀速泵入患者体内患者心率快需要持续泵入药品剂量未能准确泵入病人体内没有达到降低患者心率的理想效果立即更换微量泵并持续关注心率变化,无法确定,null,2023年6月9号上午九点半使用的微量泵匀速泵入患者体内患者心率快需要持续泵入药品剂量未能准确泵入病人体内没有达到降低患者心率的理想效果立即更换微量泵并持续关注心率变化,[CLS]2023年6月9号上午九点半使用的微量泵匀速泵入患者体内患者心率快需要持续泵入药品剂量未能准确泵入病人体内没有达到降低患者心率的理想效果立即更换微量泵并持续关注心率变化[SEP]泵速不准[SEP]2023年6月9号上午九点半使用的微量泵匀速泵入患者体内患者心率快需要持续泵入药品剂量未能准确泵入病人体内没有达到降低患者心率的理想效果立即更换微量泵并持续关注心率变化[SEP],泵速不准,2023年6月9号上午九点半使用的微量泵匀速泵入患者体内患者心率快需要持续泵入药品剂量未能准确泵入病人体内没有达到降低患者心率的理想效果立即更换微量泵并持续关注心率变化,由于医院长期未进行注射器校准设备内存储的注射器参数与实际上泵的注射器参数不一致设备无法正常控制注射器管路内液体流速导致实际流速小于设定流速
1274201032023000276,其他,[CLS]null[SEP]显示屏损坏电池无法充电[SEP]显示屏损坏电池无法充电[SEP],null,显示屏损坏电池无法充电,显示屏损坏电池无法充电,产品原因（包括说明书等）,显示屏损坏电池无法充电,null,[CLS]null[SEP]显示屏损坏电池无法充电[SEP]显示屏损坏电池无法充电[SEP],显示屏损坏电池无法充电,显示屏损坏电池无法充电,1从道显示屏花屏是由于设备已使用6年处于超预期使用状态长期临床使用显示屏老化失灵导致显示屏花屏2经售后工程师调查连接电源线无法正常充电的原因是临床使用时不慎将液体洒落在电源线接口处设备通电后短路导致电源接口无法正常使用
1406501052023000151,其他,[CLS]未造成任何人员伤害[SEP]D150101_断裂[SEP]长期使用注射泵一通道夹子断裂[SEP],未造成任何人员伤害,D150101_断裂,长期使用注射泵一通道夹子断裂,产品原因（包括说明书等）,部件老化断裂,未造成任何人员伤害,[CLS]未造成任何人员伤害[SEP]D150101_断裂[SEP]长期使用注射泵一通道夹子断裂[SEP],D150101_断裂,长期使用注射泵一通道夹子断裂,由于该设备已使用5年处于超预期使用状态长期临床使用频繁捏合捏柄导致捏柄老化开裂无法正常固定上泵的注射器
1253718032023000202,严重伤害,[CLS]没有在规定的时间内输注完药液病人不满[SEP]发现流速不准确[SEP]2023年5月4号血液科护士在科室给病人使用注射泵的时候发现流速不准确没有在规定的时间内输注完药液病人不满报修医工部工程师维修发现尾夹传感器损坏更换后设备正常[SEP],没有在规定的时间内输注完药液病人不满,发现流速不准确,2023年5月4号血液科护士在科室给病人使用注射泵的时候发现流速不准确没有在规定的时间内输注完药液病人不满报修医工部工程师维修发现尾夹传感器损坏更换后设备正常,产品原因（包括说明书等）,尾夹传感器损坏,没有在规定的时间内输注完药液病人不满,[CLS]没有在规定的时间内输注完药液病人不满[SEP]发现流速不准确[SEP]2023年5月4号血液科护士在科室给病人使用注射泵的时候发现流速不准确没有在规定的时间内输注完药液病人不满报修医工部工程师维修发现尾夹传感器损坏更换后设备正常[SEP],发现流速不准确,2023年5月4号血液科护士在科室给病人使用注射泵的时候发现流速不准确没有在规定的时间内输注完药液病人不满报修医工部工程师维修发现尾夹传感器损坏更换后设备正常,院方上报的是严重伤害根据严重伤害的定义我公司认为应为其他1经售后工程师检查实际故障件为电机驱动板并非医院描述的尾夹传感器电机驱动板通过控制电机运行来控制液体流速当其发生故障时无法正常控制电机步进导致流速不在正常范围内2电机驱动板故障的原因分析为由于该设备已使用10年处于超预期寿命使用状态长期临床使用使得电机驱动板老化发生故障
1274204002023000271,其他,[CLS]注射器固定把手卡死[SEP]注射器无法识别设备无法使用[SEP]注射器固定把手卡死注射器无法识别设备无法使用[SEP],注射器固定把手卡死,注射器无法识别设备无法使用,注射器固定把手卡死注射器无法识别设备无法使用,患者自身原因,病人误摔设备导致注射器固定把手卡死注射器无法识别设备无法正常使用,注射器固定把手卡死,[CLS]注射器固定把手卡死[SEP]注射器无法识别设备无法使用[SEP]注射器固定把手卡死注射器无法识别设备无法使用[SEP],注射器无法识别设备无法使用,注射器固定把手卡死注射器无法识别设备无法使用,由于病人误摔设备导致设备压柄处错位回弹异常无法正常识别注射器规格设备无法正常运行
1141408142023000017,其他,[CLS]无伤害[SEP]注射器夹损坏[SEP]于202367接到ICU电话反应一台注射泵夹不住注射器接到电话后前往科室经检测发现注射器夹损坏建议更换[SEP],无伤害,注射器夹损坏,于202367接到ICU电话反应一台注射泵夹不住注射器接到电话后前往科室经检测发现注射器夹损坏建议更换,无法确定,使用频率高,无伤害,[CLS]无伤害[SEP]注射器夹损坏[SEP]于202367接到ICU电话反应一台注射泵夹不住注射器接到电话后前往科室经检测发现注射器夹损坏建议更换[SEP],注射器夹损坏,于202367接到ICU电话反应一台注射泵夹不住注射器接到电话后前往科室经检测发现注射器夹损坏建议更换,由于该设备已使用5年处于超预期使用状态长期临床使用频繁捏合捏柄导致捏柄材质老化开裂无法正常固定注射器
1274204002023000310,其他,[CLS]null[SEP]工作时电机无反应[SEP]工作时电机无反应[SEP],null,工作时电机无反应,工作时电机无反应,无法确定,拆开后发现电机的供电电源线有一根断掉,null,[CLS]null[SEP]工作时电机无反应[SEP]工作时电机无反应[SEP],工作时电机无反应,工作时电机无反应,1经售后工程师检查电机与电机驱动板连接线上电机端插头松动无法正常传递电机工作信号导致设备无法正常工作并非医院描述的断掉且未进行重新焊接工作2插头松动的原因分析是由于设备已使用10年处于超预期使用状态长期临床转运搬动设备设备内部电线震动跌宕导致插头松动
1274204002023000312,其他,[CLS]null[SEP]机器开机按启动键无反应[SEP]机器开机按启动键无反应[SEP],null,机器开机按启动键无反应,机器开机按启动键无反应,产品原因（包括说明书等）,拆机检查发现一组排线松动,null,[CLS]null[SEP]机器开机按启动键无反应[SEP]机器开机按启动键无反应[SEP],机器开机按启动键无反应,机器开机按启动键无反应,经售后工程师拆机检查按键与主控板缝隙内附着药液干粉启动键与主控板接触不良导致按启动键设备无反应并非医院描述的排线松动也未对排线进行处理按键与主控板缝隙内附着药液干粉的原因分析可能是由于临床使用时不慎将液体洒落未及时清理导致液体流入缝隙内风干形成药液干粉附着在缝隙内
1406501052023000135,其他,[CLS]未造成任何人员伤害[SEP]一通道夹子断裂[SEP]正常使用一通道夹子断裂[SEP],未造成任何人员伤害,一通道夹子断裂,正常使用一通道夹子断裂,产品原因（包括说明书等）,塑料老化一通道夹子断裂,未造成任何人员伤害,[CLS]未造成任何人员伤害[SEP]一通道夹子断裂[SEP]正常使用一通道夹子断裂[SEP],一通道夹子断裂,正常使用一通道夹子断裂,由于该设备已使用9年处于超预期使用状态长期临床使用频繁捏合捏柄导致捏柄材质老化开裂无法正常固定上泵的注射器
1162103082023000172,其他,[CLS]使用时发现不能正常泵药对患者有生命危险[SEP]D010301_操作失效[SEP]使用时发现发现不能正常泵药对患者有生命危险经我院维修人员维修发现无法修复给予报废[SEP],使用时发现不能正常泵药对患者有生命危险,D010301_操作失效,使用时发现发现不能正常泵药对患者有生命危险经我院维修人员维修发现无法修复给予报废,无法确定,null,使用时发现不能正常泵药对患者有生命危险,[CLS]使用时发现不能正常泵药对患者有生命危险[SEP]D010301_操作失效[SEP]使用时发现发现不能正常泵药对患者有生命危险经我院维修人员维修发现无法修复给予报废[SEP],D010301_操作失效,使用时发现发现不能正常泵药对患者有生命危险经我院维修人员维修发现无法修复给予报废,由于该设备已使用9年处于超预期使用状态长期临床使用电源板老化无法正常为设备提供电量设备无法正常开机
1253706122023000273,其他,[CLS]无[SEP]不识别避光注射器[SEP]2023年05月25日患者因听神经疾患来院治疗给患者泵入药物时发现注射泵不识别避光注射器立即更换未给患者造成伤害[SEP],无,不识别避光注射器,2023年05月25日患者因听神经疾患来院治疗给患者泵入药物时发现注射泵不识别避光注射器立即更换未给患者造成伤害,产品原因（包括说明书等）,产品质量原因,无,[CLS]无[SEP]不识别避光注射器[SEP]2023年05月25日患者因听神经疾患来院治疗给患者泵入药物时发现注射泵不识别避光注射器立即更换未给患者造成伤害[SEP],不识别避光注射器,2023年05月25日患者因听神经疾患来院治疗给患者泵入药物时发现注射泵不识别避光注射器立即更换未给患者造成伤害,由于医院长期未进行注射器校准设备内存储的注射器参数与实际上泵的注射器参数不一致导致设备无法正常识别注射器规格
1277403632023000028,其他,[CLS]null[SEP]设备发烫[SEP]正常使用发现设备发烫[SEP],null,设备发烫,正常使用发现设备发烫,产品原因（包括说明书等）,null,null,[CLS]null[SEP]设备发烫[SEP]正常使用发现设备发烫[SEP],设备发烫,正常使用发现设备发烫,经售后工程师检查设备未发生任何故障分析为设备长时间使用电机运行过程中发热外壳散热导致触摸有高于体表温度的现象该现象为正常情况
1253718062023000125,其他,[CLS]null[SEP]开机后显示屏幕自动输入3[SEP]正常开机后自动输入3[SEP],null,开机后显示屏幕自动输入3,正常开机后自动输入3,产品原因（包括说明书等）,按键或按键板问题,null,[CLS]null[SEP]开机后显示屏幕自动输入3[SEP]正常开机后自动输入3[SEP],开机后显示屏幕自动输入3,正常开机后自动输入3,经售后工程师拆机检查按键3内有大量药液干粉分析是由于临床使用时不慎将液体洒落未及时清理液体量多且搁置时间长长期风干药液干粉附着在按键3附近导致自动输入3
1277403632023000027,其他,[CLS]null[SEP]不通电[SEP]正常使用设备无反应[SEP],null,不通电,正常使用设备无反应,产品原因（包括说明书等）,null,null,[CLS]null[SEP]不通电[SEP]正常使用设备无反应[SEP],不通电,正常使用设备无反应,1经售后工程师检查开机键键与主控板间缝隙内附着药液干粉导致开机键接触不良无法正常使用2缝隙附着药液干粉的原因分析为临床使用过程中不慎将药液洒落液体附着在开机键附近长期风干形成药液干粉影响开关机键正常运行
1253718062023000140,其他,[CLS]null[SEP]设备使用过程中出现报警指示灯闪烁但蜂鸣器不响[SEP]设备使用过程中出现报警指示灯闪烁但蜂鸣器不响[SEP],null,设备使用过程中出现报警指示灯闪烁但蜂鸣器不响,设备使用过程中出现报警指示灯闪烁但蜂鸣器不响,产品原因（包括说明书等）,蜂鸣器故障报警蜂鸣器不响在威高注射泵中出现不止一次虽未造成严重伤害但存在较大安全隐患,null,[CLS]null[SEP]设备使用过程中出现报警指示灯闪烁但蜂鸣器不响[SEP]设备使用过程中出现报警指示灯闪烁但蜂鸣器不响[SEP],设备使用过程中出现报警指示灯闪烁但蜂鸣器不响,设备使用过程中出现报警指示灯闪烁但蜂鸣器不响,由于该设备已使用5年处于超预期使用状态长期临床使用喇叭老化无法正常发声
1277403632023000026,其他,[CLS]null[SEP]流速不准[SEP]正常使用发现流速与设定不符[SEP],null,流速不准,正常使用发现流速与设定不符,"无法确定,产品原因（包括说明书等）",设备故障,null,[CLS]null[SEP]流速不准[SEP]正常使用发现流速与设定不符[SEP],流速不准,正常使用发现流速与设定不符,由于医院长期未进行注射器校准设备内存储的注射器参数与实际上泵的注射器参数不一致设备无法正常控制管内液体流速导致流速不在误差允许范围内
1253718062023000139,其他,[CLS]null[SEP]设备使用过程中报警管路堵塞实际管路未堵塞[SEP]设备使用过程中报警管路堵塞经检查管路未堵塞[SEP],null,设备使用过程中报警管路堵塞实际管路未堵塞,设备使用过程中报警管路堵塞经检查管路未堵塞,产品原因（包括说明书等）,压力传感器故障,null,[CLS]null[SEP]设备使用过程中报警管路堵塞实际管路未堵塞[SEP]设备使用过程中报警管路堵塞经检查管路未堵塞[SEP],设备使用过程中报警管路堵塞实际管路未堵塞,设备使用过程中报警管路堵塞经检查管路未堵塞,1经售后共工程师拆机检查压力传感器插头松动导致无法正常监测压力值2压力传感器插头松动的原因是因为临床长期使用转运搬动过程中设备内部电线震动跌宕导致压力传感器插头松动
1294419062023000086,其他,[CLS]无[SEP]使用注射泵时发现机器显示系统故障[SEP]5月17日0957患者因病情变化按医嘱使用药物治疗将注射药物液体放置机器时发现机器显示系统故障未能正常运作通知维修部人员进行检修予立刻更换注射泵报告医生护士长[SEP],无,使用注射泵时发现机器显示系统故障,5月17日0957患者因病情变化按医嘱使用药物治疗将注射药物液体放置机器时发现机器显示系统故障未能正常运作通知维修部人员进行检修予立刻更换注射泵报告医生护士长,产品原因（包括说明书等）,产品出现的质量问题建议厂家对产品进行不断完善和质量改进,无,[CLS]无[SEP]使用注射泵时发现机器显示系统故障[SEP]5月17日0957患者因病情变化按医嘱使用药物治疗将注射药物液体放置机器时发现机器显示系统故障未能正常运作通知维修部人员进行检修予立刻更换注射泵报告医生护士长[SEP],使用注射泵时发现机器显示系统故障,5月17日0957患者因病情变化按医嘱使用药物治疗将注射药物液体放置机器时发现机器显示系统故障未能正常运作通知维修部人员进行检修予立刻更换注射泵报告医生护士长,1经售后工程师拆机检查发现是主控板电机驱动板线束插头松动导致报警2造成插头松动的原因是由于临床使用过程中转运搬动设备设备内部电线震动跌宕导致插头松动
1253718032023000150,其他,[CLS]null[SEP]设备出现注射开始时显示注射接近完成的情况[SEP]2023年4月29日神经外科护士在正常使用注射泵过程中设备出现注射开始时显示注射接近完成的情况护士立即更换另一台注射泵使用未造成不良影响经工程师检测发现系统软件设置故障经校准注射杆长度调整设置参数后设备恢复正常使用[SEP],null,设备出现注射开始时显示注射接近完成的情况,2023年4月29日神经外科护士在正常使用注射泵过程中设备出现注射开始时显示注射接近完成的情况护士立即更换另一台注射泵使用未造成不良影响经工程师检测发现系统软件设置故障经校准注射杆长度调整设置参数后设备恢复正常使用,产品原因（包括说明书等）,系统软件设置故障,null,[CLS]null[SEP]设备出现注射开始时显示注射接近完成的情况[SEP]2023年4月29日神经外科护士在正常使用注射泵过程中设备出现注射开始时显示注射接近完成的情况护士立即更换另一台注射泵使用未造成不良影响经工程师检测发现系统软件设置故障经校准注射杆长度调整设置参数后设备恢复正常使用[SEP],设备出现注射开始时显示注射接近完成的情况,2023年4月29日神经外科护士在正常使用注射泵过程中设备出现注射开始时显示注射接近完成的情况护士立即更换另一台注射泵使用未造成不良影响经工程师检测发现系统软件设置故障经校准注射杆长度调整设置参数后设备恢复正常使用,1售后工程师模拟临床操作使用20ml注射器设定预置量为4ml流速60mlh启动后报注射接近完成2设备设定的注射接近完成时间为3min上述模拟实验设定完成时间为4min实际设备计算预计完成时间小于3分钟所以启动报注射接近完成3实际流速大于设定流速的原因分析是由于医院长期未进行注射器校准导致设备内存储的注射器参数与实际注射器参数不一致设备无法正常控制管路内液体流速
1406545002023000702,其他,[CLS]无[SEP]D150101_断裂[SEP]接通电源安装注射器进行参数设定设备运行设备的推拉杆比较脆弱很容易发生断裂[SEP],无,D150101_断裂,接通电源安装注射器进行参数设定设备运行设备的推拉杆比较脆弱很容易发生断裂,产品原因（包括说明书等）,设备的推拉杆比较脆弱很容易发生断裂,无,[CLS]无[SEP]D150101_断裂[SEP]接通电源安装注射器进行参数设定设备运行设备的推拉杆比较脆弱很容易发生断裂[SEP],D150101_断裂,接通电源安装注射器进行参数设定设备运行设备的推拉杆比较脆弱很容易发生断裂,由于该设备已使用5年处于超预期使用状态长期临床使用压柄导向柱材质老化开裂
1406545002023000641,其他,[CLS]无伤害[SEP]单道注射轨道卡死[SEP]在准备使用过程中单道卡死[SEP],无伤害,单道注射轨道卡死,在准备使用过程中单道卡死,无法确定,在准备使用过程中单道卡死,无伤害,[CLS]无伤害[SEP]单道注射轨道卡死[SEP]在准备使用过程中单道卡死[SEP],单道注射轨道卡死,在准备使用过程中单道卡死,由于该设备已使用7年处于超预期使用长期临床使用洒落药液未及时清理干粉附着在丝杆套筒外壁与前壳内O型密封圈摩擦不顺滑对压力传感器产生的压强值超过中级阻塞阈值报阻塞报警无法正常进行推注工作
1376104002023000177,其他,[CLS]无[SEP]异常报警4[SEP]20230428护士在给患者接入注射泵时开机后发现注射泵异常报警4[SEP],无,异常报警4,20230428护士在给患者接入注射泵时开机后发现注射泵异常报警4,无法确定,注射泵内置主板故障,无,[CLS]无[SEP]异常报警4[SEP]20230428护士在给患者接入注射泵时开机后发现注射泵异常报警4[SEP],异常报警4,20230428护士在给患者接入注射泵时开机后发现注射泵异常报警4,拆机检查发现主从道连接线插头从插座上脱落分析可能是临床搬动转运过程中设备受到外力磕碰震动跌宕导致插头脱落
1253711002023000215,其他,[CLS]延误病人治疗[SEP]使用过程中出现报警音关机关不上[SEP]424日护士在为病人使用注射泵进行药物注射时在药物注射还剩20ML的时候设备报警灯闪烁设备自动停止注射为病人及时更换其他注射泵延误病人治疗未造成其他伤害[SEP],延误病人治疗,使用过程中出现报警音关机关不上,424日护士在为病人使用注射泵进行药物注射时在药物注射还剩20ML的时候设备报警灯闪烁设备自动停止注射为病人及时更换其他注射泵延误病人治疗未造成其他伤害,产品原因（包括说明书等）,根据报警信息咨询厂家工程师判断设备蓄电池达到使用寿命电池故障造成设备停机,延误病人治疗,[CLS]延误病人治疗[SEP]使用过程中出现报警音关机关不上[SEP]424日护士在为病人使用注射泵进行药物注射时在药物注射还剩20ML的时候设备报警灯闪烁设备自动停止注射为病人及时更换其他注射泵延误病人治疗未造成其他伤害[SEP],使用过程中出现报警音关机关不上,424日护士在为病人使用注射泵进行药物注射时在药物注射还剩20ML的时候设备报警灯闪烁设备自动停止注射为病人及时更换其他注射泵延误病人治疗未造成其他伤害,1由于该设备已使用6年处于超预期使用状态长期临床使用电池老化蓄电能力降低无法为设备提供正常工作的电量2电池电量耗尽是设备使用电池模式供电时电池电量不足以满足设备正常运行电量需求时的提示当该报警发生时设备停止运行此时操作者应进行电源线连接操作
1253718062023000151,其他,[CLS]null[SEP]屏幕白屏[SEP]设备开机后屏幕白屏无法使用[SEP],null,屏幕白屏,设备开机后屏幕白屏无法使用,产品原因（包括说明书等）,null,null,[CLS]null[SEP]屏幕白屏[SEP]设备开机后屏幕白屏无法使用[SEP],屏幕白屏,设备开机后屏幕白屏无法使用,由于该设备已使用5年处于超预期使用状态长期临床使用频繁搬动设备设备内部电线震动跌宕导致屏幕连接线插头松动显示屏白屏无法正常显示信息
1253717042023000096,其他,[CLS]无[SEP]固定架断裂[SEP]2023年4月28日于成武县人民医院ICU医务人员在使用该设备时发现该设备2通道注射器固定夹断裂损坏立即停用该设备更换备用机使用[SEP],无,固定架断裂,2023年4月28日于成武县人民医院ICU医务人员在使用该设备时发现该设备2通道注射器固定夹断裂损坏立即停用该设备更换备用机使用,产品原因（包括说明书等）,产品质量缺陷,无,[CLS]无[SEP]固定架断裂[SEP]2023年4月28日于成武县人民医院ICU医务人员在使用该设备时发现该设备2通道注射器固定夹断裂损坏立即停用该设备更换备用机使用[SEP],固定架断裂,2023年4月28日于成武县人民医院ICU医务人员在使用该设备时发现该设备2通道注射器固定夹断裂损坏立即停用该设备更换备用机使用,由于该设备已使用10年处于超预期使用状态长期临床使用频繁捏合捏柄捏柄材质老化开裂
1253717032023000251,其他,[CLS]注射泵报警注射器未顶紧无法工作无法推注液体[SEP]设备报警无法使用[SEP]2023年4月25号消化内科一台注射泵使用时报警无法工作立即停止使用[SEP],注射泵报警注射器未顶紧无法工作无法推注液体,设备报警无法使用,2023年4月25号消化内科一台注射泵使用时报警无法工作立即停止使用,产品原因（包括说明书等）,设备故障,注射泵报警注射器未顶紧无法工作无法推注液体,[CLS]注射泵报警注射器未顶紧无法工作无法推注液体[SEP]设备报警无法使用[SEP]2023年4月25号消化内科一台注射泵使用时报警无法工作立即停止使用[SEP],设备报警无法使用,2023年4月25号消化内科一台注射泵使用时报警无法工作立即停止使用,1经售后工程师拆机检查发现设备内部FPC线破损FPC线的功能之一是负责传递离合检测信号损坏后造成检测信号中断发生报警报警后设备不能注射药物无法正常使用2FPC线损坏的原因分析可能是由于生产过程中内部FPC线未固定到位导致临床转运过程中FPC线晃动与周围电路板摩擦破损
1137404572023000080,其他,[CLS]无[SEP]拉杆断裂[SEP]2023年4月30日心内一病区护士在给病人进行注射治疗前开机检查发现注射泵拉杆断裂给病人更换备用注射泵后上报设备科设备科工程师到场检查拆机更换拉杆后设备可恢复正常使用[SEP],无,拉杆断裂,2023年4月30日心内一病区护士在给病人进行注射治疗前开机检查发现注射泵拉杆断裂给病人更换备用注射泵后上报设备科设备科工程师到场检查拆机更换拉杆后设备可恢复正常使用,无法确定,null,无,[CLS]无[SEP]拉杆断裂[SEP]2023年4月30日心内一病区护士在给病人进行注射治疗前开机检查发现注射泵拉杆断裂给病人更换备用注射泵后上报设备科设备科工程师到场检查拆机更换拉杆后设备可恢复正常使用[SEP],拉杆断裂,2023年4月30日心内一病区护士在给病人进行注射治疗前开机检查发现注射泵拉杆断裂给病人更换备用注射泵后上报设备科设备科工程师到场检查拆机更换拉杆后设备可恢复正常使用,由于该设备已使用10年处于超预期使用状态长期临床使用频繁捏合捏柄捏柄材质老化开裂
1274201022023000160,其他,[CLS]无伤害[SEP]无法识别20ml注射器[SEP]无法识别20ml注射器[SEP],无伤害,无法识别20ml注射器,无法识别20ml注射器,无法确定,null,无伤害,[CLS]无伤害[SEP]无法识别20ml注射器[SEP]无法识别20ml注射器[SEP],无法识别20ml注射器,无法识别20ml注射器,1经售后工程师检查设备短电位器插头松动导致无法正常通过注射器筒径识别注射器的规格2由于该设备已使用10年处于超预期使用状态长期临床使用频繁搬动设备设备内部电线震动导致短电位器插头松动
1253717072023000307,其他,[CLS]无[SEP]通电开机按键无反应[SEP]2023年4月6日接科室报修一台注射泵通电开机后按键无反应工程师感到现场后设备电源正常调节按键无反应拆机更换新的按键后设备正常工作[SEP],无,通电开机按键无反应,2023年4月6日接科室报修一台注射泵通电开机后按键无反应工程师感到现场后设备电源正常调节按键无反应拆机更换新的按键后设备正常工作,产品原因（包括说明书等）,按键无反应,无,[CLS]无[SEP]通电开机按键无反应[SEP]2023年4月6日接科室报修一台注射泵通电开机后按键无反应工程师感到现场后设备电源正常调节按键无反应拆机更换新的按键后设备正常工作[SEP],通电开机按键无反应,2023年4月6日接科室报修一台注射泵通电开机后按键无反应工程师感到现场后设备电源正常调节按键无反应拆机更换新的按键后设备正常工作,1经售后工程师拆机检查发现确认键按键无法正常回弹与主控板接触不良导致按确认键无反应2初步分析可能是由于临床按键时用力过大长期频繁用力过度按压按键导致确认键无法正常回弹
1253707112023000099,其他,[CLS]未对患者造成伤害[SEP]注射泵现异常报警现象无法消除[SEP]2023411患者因阑尾炎在全麻下行腹腔镜下阑尾切除术术中使用注射泵注射泵模式4出现异常报警现象无法消除给予更换另一台注射泵使用未对患者造成伤害[SEP],未对患者造成伤害,注射泵现异常报警现象无法消除,2023411患者因阑尾炎在全麻下行腹腔镜下阑尾切除术术中使用注射泵注射泵模式4出现异常报警现象无法消除给予更换另一台注射泵使用未对患者造成伤害,产品原因（包括说明书等）,产品故障,未对患者造成伤害,[CLS]未对患者造成伤害[SEP]注射泵现异常报警现象无法消除[SEP]2023411患者因阑尾炎在全麻下行腹腔镜下阑尾切除术术中使用注射泵注射泵模式4出现异常报警现象无法消除给予更换另一台注射泵使用未对患者造成伤害[SEP],注射泵现异常报警现象无法消除,2023411患者因阑尾炎在全麻下行腹腔镜下阑尾切除术术中使用注射泵注射泵模式4出现异常报警现象无法消除给予更换另一台注射泵使用未对患者造成伤害,1售后工程师拆机检查发现设备内部压力传感器插头松动设备无法正常监测压力值导致提示阻塞报警2初步分析可能是由于长期临床转运过程中搬动设备设备震动跌宕内部电线晃动导致压力传感器插头松动
1162107002023000054,其他,[CLS]null[SEP]注射泵开始报错系统错误2[SEP]开机自检[SEP],null,注射泵开始报错系统错误2,开机自检,无法确定,null,null,[CLS]null[SEP]注射泵开始报错系统错误2[SEP]开机自检[SEP],注射泵开始报错系统错误2,开机自检,1经售后工程师拆机检查设备内部FPC线插头松动FPC线的功能之一是负责传递离合检测信号损坏后造成检测信号中断发生报警报警后设备不能注射药物无法正常使用2由于该设备已使用5年处于超预期使用状态长期临床搬动设备内部电线震动导致FPC线插头松动
1223401032023001338,其他,[CLS]无[SEP]null[SEP]卡子坏的了[SEP],无,null,卡子坏的了,无法确定,null,无,[CLS]无[SEP]null[SEP]卡子坏的了[SEP],null,卡子坏的了,由于该设备已使用8年处于超预期使用状态长期临床使用频繁捏合捏柄捏柄老化开裂无法正常固定注射器
1274201032023000108,其他,[CLS]未造成伤害[SEP]注射器卡子断裂设备无法使用[SEP]注射器卡子断裂[SEP],未造成伤害,注射器卡子断裂设备无法使用,注射器卡子断裂,"产品原因（包括说明书等）,无法确定",怀疑材质老化,未造成伤害,[CLS]未造成伤害[SEP]注射器卡子断裂设备无法使用[SEP]注射器卡子断裂[SEP],注射器卡子断裂设备无法使用,注射器卡子断裂,由于该设备已使用10年处于超预期使用状态长期临床使用压柄导向柱老化开裂无法正常固定压柄压柄脱落
1274201022023000152,其他,[CLS]无伤害[SEP]架子坏了[SEP]注射器的夹子坏了[SEP],无伤害,架子坏了,注射器的夹子坏了,无法确定,null,无伤害,[CLS]无伤害[SEP]架子坏了[SEP]注射器的夹子坏了[SEP],架子坏了,注射器的夹子坏了,由于该设备已使用11年处于超预期使用状态长期临床使用频繁捏合捏柄捏柄材质老化开裂无法正常固定注射器
1203203102023000026,其他,[CLS]null[SEP]报警异常5[SEP]上联报警异常5[SEP],null,报警异常5,上联报警异常5,产品原因（包括说明书等）,上联电位值偏离,null,[CLS]null[SEP]报警异常5[SEP]上联报警异常5[SEP],报警异常5,上联报警异常5,由于设备已在医院使用10年属于超预期使用状态长期使用压力传感器位置发生偏移导致无法准确识别压力值
1253718032023000061,其他,[CLS]null[SEP]出现阻塞报警无法为病人进行正常输液治疗[SEP]2023年2月19日在血液内科护士在正常使用过程中出现阻塞报警无法为病人进行正常输液治疗护士立即更换另外一台注射泵未造成不良影响并上报医工部经工程师检测后确认因基准压力值超出正常范围导致调节基准压力值后恢复使用[SEP],null,出现阻塞报警无法为病人进行正常输液治疗,2023年2月19日在血液内科护士在正常使用过程中出现阻塞报警无法为病人进行正常输液治疗护士立即更换另外一台注射泵未造成不良影响并上报医工部经工程师检测后确认因基准压力值超出正常范围导致调节基准压力值后恢复使用,产品原因（包括说明书等）,因基准压力值超出正常范围导致,null,[CLS]null[SEP]出现阻塞报警无法为病人进行正常输液治疗[SEP]2023年2月19日在血液内科护士在正常使用过程中出现阻塞报警无法为病人进行正常输液治疗护士立即更换另外一台注射泵未造成不良影响并上报医工部经工程师检测后确认因基准压力值超出正常范围导致调节基准压力值后恢复使用[SEP],出现阻塞报警无法为病人进行正常输液治疗,2023年2月19日在血液内科护士在正常使用过程中出现阻塞报警无法为病人进行正常输液治疗护士立即更换另外一台注射泵未造成不良影响并上报医工部经工程师检测后确认因基准压力值超出正常范围导致调节基准压力值后恢复使用,1经售后工程师拆机检查发现内部压力传感器插头松动无法正常检测实际压力值导致设备报阻塞停止运行2压力传感器插头松动的原因分析可能是由于临床经常转运搬动设备内部线路震动导致压力传感器插头松动
1203203102023000013,其他,[CLS]使用过程中设备电源接口处起火治疗中断[SEP]使用过程中设备电源接口处起火[SEP]使用过程中设备电源接口处起火[SEP],使用过程中设备电源接口处起火治疗中断,使用过程中设备电源接口处起火,使用过程中设备电源接口处起火,产品原因（包括说明书等）,null,使用过程中设备电源接口处起火治疗中断,[CLS]使用过程中设备电源接口处起火治疗中断[SEP]使用过程中设备电源接口处起火[SEP]使用过程中设备电源接口处起火[SEP],使用过程中设备电源接口处起火,使用过程中设备电源接口处起火,由于该设备已使用10年处于超预期使用状态长期临床使用频繁插拔电源线电源线端口处表皮磨损电线外漏使用时液体洒落导致设备短路发出火花
1223401032023001203,其他,[CLS]无[SEP]null[SEP]播电报警[SEP],无,null,播电报警,无法确定,null,无,[CLS]无[SEP]null[SEP]播电报警[SEP],null,播电报警,由于该设备已使用5年处于超预期使用状态长期临床转运使用电池电池老化蓄电能力下降无法正常满足转运需求
1162107002023000041,其他,[CLS]null[SEP]注射泵开机报错系统错误[SEP]设备开机时发现系统报错[SEP],null,注射泵开机报错系统错误,设备开机时发现系统报错,无法确定,null,null,[CLS]null[SEP]注射泵开机报错系统错误[SEP]设备开机时发现系统报错[SEP],注射泵开机报错系统错误,设备开机时发现系统报错,1经售后工程师拆机检查发现设备内部FPC线插头松动FPC线的功能之一是负责传递离合检测信号损坏后造成检测信号中断发生报警报警后设备不能注射药物无法正常使用2FPC线松动的原因分析可能是设备在医院已使用5年处于超预期使用状态长期临床使用频繁搬动设备内部电线震动导致FPC插头松动
1406501042023000047,其他,[CLS]延误患者诊断[SEP]D150101_断裂[SEP]2023年2月20日上午十二时外三护士准备为患者输液时需用输液泵发现仪器输液推杆断裂无法正常输液立即更换其他设备通知设备科[SEP],延误患者诊断,D150101_断裂,2023年2月20日上午十二时外三护士准备为患者输液时需用输液泵发现仪器输液推杆断裂无法正常输液立即更换其他设备通知设备科,无法确定,仪器故障,延误患者诊断,[CLS]延误患者诊断[SEP]D150101_断裂[SEP]2023年2月20日上午十二时外三护士准备为患者输液时需用输液泵发现仪器输液推杆断裂无法正常输液立即更换其他设备通知设备科[SEP],D150101_断裂,2023年2月20日上午十二时外三护士准备为患者输液时需用输液泵发现仪器输液推杆断裂无法正常输液立即更换其他设备通知设备科,由于该设备已使用8年处于超预期使用状态临床长期频繁捏合捏柄导致捏柄材质老化开裂
1253711042023000125,其他,[CLS]设备故障未累计患者[SEP]D0101_故障提示[SEP]2023年3月22日科室工作人员使用该设备为病人进行药物注射使用过程中设备突发故障报警无法正常使用科室人员立即为病人更换设备并报修设备工程师经工程师现场判定设备传感器故障更换后传感器后设备运行正常[SEP],设备故障未累计患者,D0101_故障提示,2023年3月22日科室工作人员使用该设备为病人进行药物注射使用过程中设备突发故障报警无法正常使用科室人员立即为病人更换设备并报修设备工程师经工程师现场判定设备传感器故障更换后传感器后设备运行正常,产品原因（包括说明书等）,设备使用过程中设备突发故障报警无法正常使用经工程师现场判定设备传感器发生故障导致设备出现报警停机更换后传感器后设备运行正常,设备故障未累计患者,[CLS]设备故障未累计患者[SEP]D0101_故障提示[SEP]2023年3月22日科室工作人员使用该设备为病人进行药物注射使用过程中设备突发故障报警无法正常使用科室人员立即为病人更换设备并报修设备工程师经工程师现场判定设备传感器故障更换后传感器后设备运行正常[SEP],D0101_故障提示,2023年3月22日科室工作人员使用该设备为病人进行药物注射使用过程中设备突发故障报警无法正常使用科室人员立即为病人更换设备并报修设备工程师经工程师现场判定设备传感器故障更换后传感器后设备运行正常,1经售后工程师拆机检查发现设备内部FPC线老化损坏FPC线的功能之一是负责传递离合检测信号损坏后造成检测信号中断发生报警报警后设备不能注射药物无法正常使用2由于该设备已使用6年处于超预期使用状态长期临床使用FPC线老化无法正常传递信号导致设备报离合未闭提示
1253711042023000121,其他,[CLS]M1953_阻塞[SEP]D0101_故障提示[SEP]2023年3月10日科室工作人员遵医嘱应用注射泵为患者给予持续泵入溶栓药物时药物未注射完成注射泵报警显示堵塞工作人员进行调整后仍无法正常使用立即更换设备并及时报修维修工程师未对病人造成影响[SEP],M1953_阻塞,D0101_故障提示,2023年3月10日科室工作人员遵医嘱应用注射泵为患者给予持续泵入溶栓药物时药物未注射完成注射泵报警显示堵塞工作人员进行调整后仍无法正常使用立即更换设备并及时报修维修工程师未对病人造成影响,产品原因（包括说明书等）,使用该设备注射泵报警显示堵塞经工程师现场对设备进行检修经排查发现该设备传感器接触异常导致该设备故障发生经清洁校准后故障排除设备运行正常,M1953_阻塞,[CLS]M1953_阻塞[SEP]D0101_故障提示[SEP]2023年3月10日科室工作人员遵医嘱应用注射泵为患者给予持续泵入溶栓药物时药物未注射完成注射泵报警显示堵塞工作人员进行调整后仍无法正常使用立即更换设备并及时报修维修工程师未对病人造成影响[SEP],D0101_故障提示,2023年3月10日科室工作人员遵医嘱应用注射泵为患者给予持续泵入溶栓药物时药物未注射完成注射泵报警显示堵塞工作人员进行调整后仍无法正常使用立即更换设备并及时报修维修工程师未对病人造成影响,由于该设备已在医院使用5年长期临床和转运使用时搬动设备设备内部电线震动压力传感器插头松动出现阻塞报警
1406528112023000056,其他,[CLS]耽误治疗时间[SEP]注射泵推杆夹子断裂[SEP]于2023年3月28日儿科护士准备使用注射泵时注射泵推杆夹子断裂上报给设备科设备科维修后设备恢复正常[SEP],耽误治疗时间,注射泵推杆夹子断裂,于2023年3月28日儿科护士准备使用注射泵时注射泵推杆夹子断裂上报给设备科设备科维修后设备恢复正常,无法确定,设备老化导致推杆夹子断裂,耽误治疗时间,[CLS]耽误治疗时间[SEP]注射泵推杆夹子断裂[SEP]于2023年3月28日儿科护士准备使用注射泵时注射泵推杆夹子断裂上报给设备科设备科维修后设备恢复正常[SEP],注射泵推杆夹子断裂,于2023年3月28日儿科护士准备使用注射泵时注射泵推杆夹子断裂上报给设备科设备科维修后设备恢复正常,由于该设备已使用9年处于超预期使用状态长期临床使用频繁按压捏柄导致捏柄材质老化开裂
1253710032023000162,其他,[CLS]延缓治疗[SEP]故障报警[SEP]202203241608收到科室送修注射泵一台科室反映该设备开机后无法正常工作[SEP],延缓治疗,故障报警,202203241608收到科室送修注射泵一台科室反映该设备开机后无法正常工作,无法确定,null,延缓治疗,[CLS]延缓治疗[SEP]故障报警[SEP]202203241608收到科室送修注射泵一台科室反映该设备开机后无法正常工作[SEP],故障报警,202203241608收到科室送修注射泵一台科室反映该设备开机后无法正常工作,由于该设备已使用10年处于超预期使用状态长期临床使用电池老化蓄电能力下降无法满足电池模式下设备正常工作电量需求所以开机后设备报电池电量耗尽
1253717032023000188,其他,[CLS]无[SEP]设备不通电[SEP]设备在检修时发现不通电[SEP],无,设备不通电,设备在检修时发现不通电,产品原因（包括说明书等）,设备在检修时发现不通电考虑电源部分问题,无,[CLS]无[SEP]设备不通电[SEP]设备在检修时发现不通电[SEP],设备不通电,设备在检修时发现不通电,由于该设备已使用9年处于超预期使用状态长期临床使用频繁拉扯弯折电源线电源线内部电线老化断裂无法为设备正常供电所以连接电源线设备无法正常开机
126411510202300001,其他,[CLS]null[SEP]A通道报阻塞报警无法使用[SEP]患者治疗过程刚上机时机器出现报警报警提示阻塞撤掉机器更换其他注射泵继续治疗[SEP],null,A通道报阻塞报警无法使用,患者治疗过程刚上机时机器出现报警报警提示阻塞撤掉机器更换其他注射泵继续治疗,产品原因（包括说明书等）,null,null,[CLS]null[SEP]A通道报阻塞报警无法使用[SEP]患者治疗过程刚上机时机器出现报警报警提示阻塞撤掉机器更换其他注射泵继续治疗[SEP],A通道报阻塞报警无法使用,患者治疗过程刚上机时机器出现报警报警提示阻塞撤掉机器更换其他注射泵继续治疗,1经售后工程师拆机检查发现压力传感器插头松动无法正常监测压力导致设备提示阻塞报警2插头松动的原因分析可能为医院临床转动频繁搬动设备设备震动跌宕导致线路插头松动
1253707112023000063,其他,[CLS]未对患者造成伤害[SEP]微量泵注射完毕后只有提示音响起提示灯未亮[SEP]20230309使用注射泵时微量泵注射完毕后只有提示音响起未有提示灯亮起通知护士长后给予更换新的微量泵更换后提示灯正常亮起[SEP],未对患者造成伤害,微量泵注射完毕后只有提示音响起提示灯未亮,20230309使用注射泵时微量泵注射完毕后只有提示音响起未有提示灯亮起通知护士长后给予更换新的微量泵更换后提示灯正常亮起,产品原因（包括说明书等）,产品提示灯出现故障,未对患者造成伤害,[CLS]未对患者造成伤害[SEP]微量泵注射完毕后只有提示音响起提示灯未亮[SEP]20230309使用注射泵时微量泵注射完毕后只有提示音响起未有提示灯亮起通知护士长后给予更换新的微量泵更换后提示灯正常亮起[SEP],微量泵注射完毕后只有提示音响起提示灯未亮,20230309使用注射泵时微量泵注射完毕后只有提示音响起未有提示灯亮起通知护士长后给予更换新的微量泵更换后提示灯正常亮起,1售后工程师拆机检查设备报警灯板插头松动实际报警灯未出现故障2插头松动的原因分析可能是长期临床转运搬动设备内部电线震动导致报警灯板插头松动
1151527072023000005,其他,[CLS]null[SEP]离合未必不能使用[SEP]为患者药物注射注射泵报警无法使用[SEP],null,离合未必不能使用,为患者药物注射注射泵报警无法使用,操作原因,null,null,[CLS]null[SEP]离合未必不能使用[SEP]为患者药物注射注射泵报警无法使用[SEP],离合未必不能使用,为患者药物注射注射泵报警无法使用,1经售后工程师拆机检查发现设备内部FPC线损坏FPC线的功能之一是负责传递离合检测信号损坏后造成检测信号中断发生报警报警后设备不能注射药物无法正常使用2FPC线损坏的原因分析可能是由于生产过程中内部FPC线未固定结实晃动FPC线与周围电路板摩擦导致磨损
1253711022023000104,其他,[CLS]未对患者造成影响[SEP]设备开机报警系统故障4[SEP]2023年2月28日接科室报修设备开机报警不能使用后经工程师检查设备开机后报警系统故障4经与厂家工程师联系返厂维修科室及时更换其他注射泵为患者泵注药品未对患者造成影响[SEP],未对患者造成影响,设备开机报警系统故障4,2023年2月28日接科室报修设备开机报警不能使用后经工程师检查设备开机后报警系统故障4经与厂家工程师联系返厂维修科室及时更换其他注射泵为患者泵注药品未对患者造成影响,产品原因（包括说明书等）,设备主板故障,未对患者造成影响,[CLS]未对患者造成影响[SEP]设备开机报警系统故障4[SEP]2023年2月28日接科室报修设备开机报警不能使用后经工程师检查设备开机后报警系统故障4经与厂家工程师联系返厂维修科室及时更换其他注射泵为患者泵注药品未对患者造成影响[SEP],设备开机报警系统故障4,2023年2月28日接科室报修设备开机报警不能使用后经工程师检查设备开机后报警系统故障4经与厂家工程师联系返厂维修科室及时更换其他注射泵为患者泵注药品未对患者造成影响,设备返厂后售后工程师拆机检查发现主从道连接线从道主控板端插头松动分析可能是由于临床转运搬动设备时内部线路震动导致插头松动
1151527082023000004,其他,[CLS]暂无[SEP]离合未必不能使用[SEP]使用过程中出现离合未闭报警一个通道无法使用经检查为内部检测排线折断需更换排线更换后机器正常[SEP],暂无,离合未必不能使用,使用过程中出现离合未闭报警一个通道无法使用经检查为内部检测排线折断需更换排线更换后机器正常,产品原因（包括说明书等）,机器设计原因,暂无,[CLS]暂无[SEP]离合未必不能使用[SEP]使用过程中出现离合未闭报警一个通道无法使用经检查为内部检测排线折断需更换排线更换后机器正常[SEP],离合未必不能使用,使用过程中出现离合未闭报警一个通道无法使用经检查为内部检测排线折断需更换排线更换后机器正常,1经售后工程师拆机检查发现设备内部FPC线损坏FPC线的功能之一是负责传递离合检测信号损坏后造成检测信号中断发生报警报警后设备不能注射药物无法正常使用2FPC线损坏的原因分析可能是由于生产过程中内部FPC线未固定结实晃动FPC线与周围电路板摩擦导致磨损
1253705122023000088,其他,[CLS]病人注射药物时通道故障设备故障无法使用[SEP]通道故障报警[SEP]病人注射药物时设备故障无法使用[SEP],病人注射药物时通道故障设备故障无法使用,通道故障报警,病人注射药物时设备故障无法使用,产品原因（包括说明书等）,传感器故障,病人注射药物时通道故障设备故障无法使用,[CLS]病人注射药物时通道故障设备故障无法使用[SEP]通道故障报警[SEP]病人注射药物时设备故障无法使用[SEP],通道故障报警,病人注射药物时设备故障无法使用,1售后工程师拆机检查发现主从道连接线主控板处插头松动内部传感器未发现故障2插头松动的原因分析可能是由于长期转运搬动设备内部电线晃动导致插头松动
1253717032023000162,其他,[CLS]无[SEP]按键有时失灵[SEP]按键有时失灵[SEP],无,按键有时失灵,按键有时失灵,产品原因（包括说明书等）,按键有时失灵,无,[CLS]无[SEP]按键有时失灵[SEP]按键有时失灵[SEP],按键有时失灵,按键有时失灵,由于该设备已使用9年处于超预期使用状态长期临床使用频繁按压按键按键老化与主控板接触不良导致偶发按键无法正常使用现象
1253707012023000110,其他,[CLS]无[SEP]注射泵出现报警显示屏显示系统故障6[SEP]患者于20233231125用注射泵输注葡萄糖酸钙纠正低钙使用过程中注射泵出现报警显示屏显示系统故障6立即更换注射泵继续治疗及时向患者做好解释工作取得患者理解器械科工程师前来检查仪器确定报警为压力传感器故障导致装上注射器进行测试显示压力正常且无报警为一次偶发故障[SEP],无,注射泵出现报警显示屏显示系统故障6,患者于20233231125用注射泵输注葡萄糖酸钙纠正低钙使用过程中注射泵出现报警显示屏显示系统故障6立即更换注射泵继续治疗及时向患者做好解释工作取得患者理解器械科工程师前来检查仪器确定报警为压力传感器故障导致装上注射器进行测试显示压力正常且无报警为一次偶发故障,产品原因（包括说明书等）,压力传感器偶发故障,无,[CLS]无[SEP]注射泵出现报警显示屏显示系统故障6[SEP]患者于20233231125用注射泵输注葡萄糖酸钙纠正低钙使用过程中注射泵出现报警显示屏显示系统故障6立即更换注射泵继续治疗及时向患者做好解释工作取得患者理解器械科工程师前来检查仪器确定报警为压力传感器故障导致装上注射器进行测试显示压力正常且无报警为一次偶发故障[SEP],注射泵出现报警显示屏显示系统故障6,患者于20233231125用注射泵输注葡萄糖酸钙纠正低钙使用过程中注射泵出现报警显示屏显示系统故障6立即更换注射泵继续治疗及时向患者做好解释工作取得患者理解器械科工程师前来检查仪器确定报警为压力传感器故障导致装上注射器进行测试显示压力正常且无报警为一次偶发故障,设备科拆机检查压力传感器松动造成接触不良偶发报警分析可能是由于长期临床搬动设备内部电线震动导致压力传感器插头松动
1253717072023000202,其他,[CLS]无[SEP]注射泵尾夹断裂[SEP]2023年2月28日街道科室报修一台注射泵尾夹断裂工程师赶到现场对其更换一只新夹子设备恢复正常[SEP],无,注射泵尾夹断裂,2023年2月28日街道科室报修一台注射泵尾夹断裂工程师赶到现场对其更换一只新夹子设备恢复正常,产品原因（包括说明书等）,注射泵尾夹断裂,无,[CLS]无[SEP]注射泵尾夹断裂[SEP]2023年2月28日街道科室报修一台注射泵尾夹断裂工程师赶到现场对其更换一只新夹子设备恢复正常[SEP],注射泵尾夹断裂,2023年2月28日街道科室报修一台注射泵尾夹断裂工程师赶到现场对其更换一只新夹子设备恢复正常,由于该设备已使用9年处于超预期使用状态长期临床使用频繁捏合捏柄导致捏柄老化开裂
1253715022023000043,其他,[CLS]无[SEP]固定夹拧不动[SEP]2023年2月21日科室准备使用设备进行治疗时发现固定夹拧不动无法固定在输液架上先放置到桌子上使用使用完后联系设备科进行维修[SEP],无,固定夹拧不动,2023年2月21日科室准备使用设备进行治疗时发现固定夹拧不动无法固定在输液架上先放置到桌子上使用使用完后联系设备科进行维修,产品原因（包括说明书等）,null,无,[CLS]无[SEP]固定夹拧不动[SEP]2023年2月21日科室准备使用设备进行治疗时发现固定夹拧不动无法固定在输液架上先放置到桌子上使用使用完后联系设备科进行维修[SEP],固定夹拧不动,2023年2月21日科室准备使用设备进行治疗时发现固定夹拧不动无法固定在输液架上先放置到桌子上使用使用完后联系设备科进行维修,分析可能是临床使用时长期用力过度拧动紧固夹螺丝导致脱丝无法正常固定设备
1151510052023000078,其他,[CLS]null[SEP]D0101_故障提示[SEP]科室检查双道注射泵时发现下通道无法使用开机报故障6[SEP],null,D0101_故障提示,科室检查双道注射泵时发现下通道无法使用开机报故障6,无法确定,null,null,[CLS]null[SEP]D0101_故障提示[SEP]科室检查双道注射泵时发现下通道无法使用开机报故障6[SEP],D0101_故障提示,科室检查双道注射泵时发现下通道无法使用开机报故障6,设备返厂后售后工程师拆机检查发现压力传感器插头松动分析可能是由于临床转运搬动设备时内部线路震动导致插头松动
1335110362023000046,其他,[CLS]延误治疗[SEP]设备报警提示时喇叭无声音[SEP]3月7日93533床患者巴登因消化道出血开始使用注射泵注射止血药物1100护士巡视病房时发现注射泵报警灯灯光闪烁设备停止运行但没有报警提示音该护士立即查看报警信息为管路堵塞报警检查并整理管路后重新运行该设备继续为患者泵入药物同时密切关注该设备情况告知设备科1130设备科来检查设备经测试为喇叭故障导致无声音3月8日0938厂家更换喇叭设备恢复正常[SEP],延误治疗,设备报警提示时喇叭无声音,3月7日93533床患者巴登因消化道出血开始使用注射泵注射止血药物1100护士巡视病房时发现注射泵报警灯灯光闪烁设备停止运行但没有报警提示音该护士立即查看报警信息为管路堵塞报警检查并整理管路后重新运行该设备继续为患者泵入药物同时密切关注该设备情况告知设备科1130设备科来检查设备经测试为喇叭故障导致无声音3月8日0938厂家更换喇叭设备恢复正常,产品原因（包括说明书等）,产品质量原因喇叭损坏,延误治疗,[CLS]延误治疗[SEP]设备报警提示时喇叭无声音[SEP]3月7日93533床患者巴登因消化道出血开始使用注射泵注射止血药物1100护士巡视病房时发现注射泵报警灯灯光闪烁设备停止运行但没有报警提示音该护士立即查看报警信息为管路堵塞报警检查并整理管路后重新运行该设备继续为患者泵入药物同时密切关注该设备情况告知设备科1130设备科来检查设备经测试为喇叭故障导致无声音3月8日0938厂家更换喇叭设备恢复正常[SEP],设备报警提示时喇叭无声音,3月7日93533床患者巴登因消化道出血开始使用注射泵注射止血药物1100护士巡视病房时发现注射泵报警灯灯光闪烁设备停止运行但没有报警提示音该护士立即查看报警信息为管路堵塞报警检查并整理管路后重新运行该设备继续为患者泵入药物同时密切关注该设备情况告知设备科1130设备科来检查设备经测试为喇叭故障导致无声音3月8日0938厂家更换喇叭设备恢复正常,当注射泵内部传感器感知到的压力值超过标准值时会发生阻塞报警经分析是由于传感器位置发生偏移导致造成感知的压力值发生偏差造成报警拆机检查发现喇叭本身不发声判断是喇叭不良
1253715022023000041,其他,[CLS]延误患者及时治疗[SEP]报错[SEP]2023年1月29日科室使用设备进行静脉注射药物时设备报错6科室护士更换同类设备并联系设备科进行维修[SEP],延误患者及时治疗,报错,2023年1月29日科室使用设备进行静脉注射药物时设备报错6科室护士更换同类设备并联系设备科进行维修,产品原因（包括说明书等）,null,延误患者及时治疗,[CLS]延误患者及时治疗[SEP]报错[SEP]2023年1月29日科室使用设备进行静脉注射药物时设备报错6科室护士更换同类设备并联系设备科进行维修[SEP],报错,2023年1月29日科室使用设备进行静脉注射药物时设备报错6科室护士更换同类设备并联系设备科进行维修,设备返厂后售后工程师拆机检查发现主压力传感器插头松动分析可能是由于临床转运搬动设备时内部线路震动导致插头松动
1294403412023000089,其他,[CLS]无伤害[SEP]设备固定卡夹坏不能从输液杆取出[SEP]设备使用完毕后不能从输液架中取出[SEP],无伤害,设备固定卡夹坏不能从输液杆取出,设备使用完毕后不能从输液架中取出,产品原因（包括说明书等）,产品卡夹质量差塑料强度不足导致损坏,无伤害,[CLS]无伤害[SEP]设备固定卡夹坏不能从输液杆取出[SEP]设备使用完毕后不能从输液架中取出[SEP],设备固定卡夹坏不能从输液杆取出,设备使用完毕后不能从输液架中取出,经过分析和实验我们发现使用ABS硬塑料内嵌金属预埋件材质制作的捏柄在经过数万次捏合后可能会出现开裂现象在ABS中增加适量玻纤再按相同工艺制作捏柄做对比实验没有出现开裂现象推测ABS硬塑料内嵌金属预埋件材质强度不够造成捏柄开裂
1376104002023000119,其他,[CLS]无[SEP]异常4[SEP]20230324护士给患者使用注射泵时报警异常4停止使用及时更换[SEP],无,异常4,20230324护士给患者使用注射泵时报警异常4停止使用及时更换,无法确定,主板故障,无,[CLS]无[SEP]异常4[SEP]20230324护士给患者使用注射泵时报警异常4停止使用及时更换[SEP],异常4,20230324护士给患者使用注射泵时报警异常4停止使用及时更换,1售后工程师拆机检查为主从道连接线主控板处插头松动无法正常传递主从道信号导致设备报警2由于该设备已使用9年处于超预期使用状态长期临床使用频繁搬动设备内部电线震动导致主从道连接线插头松动
1294410002023000161,其他,[CLS]影响患者体位管理影响脑灌注压的调节[SEP]微泵螺旋固定杆卡死在床栏导致床头不能摇高[SEP]患者血压持续偏高医嘱予微泵硝普钠降压上微泵机后螺旋固定杆卡死在床栏导致床头不能摇高影响患者体位管理影响脑灌注压的调节致电维修组使用工具才把固定杆取下[SEP],影响患者体位管理影响脑灌注压的调节,微泵螺旋固定杆卡死在床栏导致床头不能摇高,患者血压持续偏高医嘱予微泵硝普钠降压上微泵机后螺旋固定杆卡死在床栏导致床头不能摇高影响患者体位管理影响脑灌注压的调节致电维修组使用工具才把固定杆取下,产品原因（包括说明书等）,微泵机螺旋固定杆卡死在床栏上旋转动弹不了,影响患者体位管理影响脑灌注压的调节,[CLS]影响患者体位管理影响脑灌注压的调节[SEP]微泵螺旋固定杆卡死在床栏导致床头不能摇高[SEP]患者血压持续偏高医嘱予微泵硝普钠降压上微泵机后螺旋固定杆卡死在床栏导致床头不能摇高影响患者体位管理影响脑灌注压的调节致电维修组使用工具才把固定杆取下[SEP],微泵螺旋固定杆卡死在床栏导致床头不能摇高,患者血压持续偏高医嘱予微泵硝普钠降压上微泵机后螺旋固定杆卡死在床栏导致床头不能摇高影响患者体位管理影响脑灌注压的调节致电维修组使用工具才把固定杆取下,分析是由于医院拧动紧固夹螺丝固定设备时使用力气大导致紧固夹螺丝脱丝螺纹与轨道错位导致无法正常拧动螺丝移动设备
1253711002023000142,其他,[CLS]未对患者造成任何伤害[SEP]不识别针管压柄断裂[SEP]2023年3月15日工作人员发现用来精确注射治疗药物的注射泵不识别针管压柄断裂无法正常工作重启故障依旧马上更换同类型的设备继续治疗未对患者造成任何伤害立即通知设备科工程师处理[SEP],未对患者造成任何伤害,不识别针管压柄断裂,2023年3月15日工作人员发现用来精确注射治疗药物的注射泵不识别针管压柄断裂无法正常工作重启故障依旧马上更换同类型的设备继续治疗未对患者造成任何伤害立即通知设备科工程师处理,产品原因（包括说明书等）,经检查发现压柄断裂外壳破裂需要更换,未对患者造成任何伤害,[CLS]未对患者造成任何伤害[SEP]不识别针管压柄断裂[SEP]2023年3月15日工作人员发现用来精确注射治疗药物的注射泵不识别针管压柄断裂无法正常工作重启故障依旧马上更换同类型的设备继续治疗未对患者造成任何伤害立即通知设备科工程师处理[SEP],不识别针管压柄断裂,2023年3月15日工作人员发现用来精确注射治疗药物的注射泵不识别针管压柄断裂无法正常工作重启故障依旧马上更换同类型的设备继续治疗未对患者造成任何伤害立即通知设备科工程师处理,由于该设备已使用7年处于超预期使用状态长期临床使用压柄及压柄导向柱老化开裂导致设备无法正常识别注射器规格
1274209002023000039,严重伤害,[CLS]输注速度过快导致短时间内大量药物进入血液循环可能导致严重伤害[SEP]比设置速度快10倍[SEP]2023年3月16日患儿使用注射泵输注小儿氨基酸组液体总量50ml24小时静脉注射量12小时就完成实际输注速度比设置速度快10倍[SEP],输注速度过快导致短时间内大量药物进入血液循环可能导致严重伤害,比设置速度快10倍,2023年3月16日患儿使用注射泵输注小儿氨基酸组液体总量50ml24小时静脉注射量12小时就完成实际输注速度比设置速度快10倍,产品原因（包括说明书等）,注射泵输注精准度低,输注速度过快导致短时间内大量药物进入血液循环可能导致严重伤害,[CLS]输注速度过快导致短时间内大量药物进入血液循环可能导致严重伤害[SEP]比设置速度快10倍[SEP]2023年3月16日患儿使用注射泵输注小儿氨基酸组液体总量50ml24小时静脉注射量12小时就完成实际输注速度比设置速度快10倍[SEP],比设置速度快10倍,2023年3月16日患儿使用注射泵输注小儿氨基酸组液体总量50ml24小时静脉注射量12小时就完成实际输注速度比设置速度快10倍,院方上报的是严重伤害根据严重伤害的定义我公司认为应为其他售后工程师拆机检查发现长电位器插头松动且压力校准界面L0数值不在正常范围内初步分析由于医院转运搬动设备导致长电位器插头松动无法准确识别上泵注射器规格导致实际流速大于设定流速
1253715022023000042,严重伤害,[CLS]延误患者及时治疗[SEP]不走泵[SEP]2023年2月9日科室使用设备时发现设备不走泵立即更换同类设备并立即联系设备科进行维修[SEP],延误患者及时治疗,不走泵,2023年2月9日科室使用设备时发现设备不走泵立即更换同类设备并立即联系设备科进行维修,产品原因（包括说明书等）,null,延误患者及时治疗,[CLS]延误患者及时治疗[SEP]不走泵[SEP]2023年2月9日科室使用设备时发现设备不走泵立即更换同类设备并立即联系设备科进行维修[SEP],不走泵,2023年2月9日科室使用设备时发现设备不走泵立即更换同类设备并立即联系设备科进行维修,院方上报的是严重伤害根据严重伤害的定义我公司认为应为其他1经售后工程师拆机检查发现设备内部FPC线损坏FPC线的功能之一是负责传递离合检测信号损坏后造成检测信号中断发生报警报警后设备不能注射药物无法正常使用2FPC线损坏的原因分析是生产过程中内部FPC线未固定结实产生晃动FPC线与周围电路板摩擦导致磨损
1376104002023000116,严重伤害,[CLS]疼痛[SEP]流速过快[SEP]20230320护士给患者使用注射泵十分钟后患者感觉注射部位疼痛且并无减弱趋势[SEP],疼痛,流速过快,20230320护士给患者使用注射泵十分钟后患者感觉注射部位疼痛且并无减弱趋势,无法确定,注射泵驱动模块异常导致实际流速大于设置流速,疼痛,[CLS]疼痛[SEP]流速过快[SEP]20230320护士给患者使用注射泵十分钟后患者感觉注射部位疼痛且并无减弱趋势[SEP],流速过快,20230320护士给患者使用注射泵十分钟后患者感觉注射部位疼痛且并无减弱趋势,由于科室更换注射器品牌未对更换后品牌注射器进行校准设备内存储的注射器参数与现用品牌注射器参数不一致无法正常控制注射器内液体流速导致实际流速超出误差允许范围
1274201022023000067,其他,[CLS]无伤害[SEP]null[SEP]科室日常检查时发现药物推注速度异常[SEP],无伤害,null,科室日常检查时发现药物推注速度异常,无法确定,null,无伤害,[CLS]无伤害[SEP]null[SEP]科室日常检查时发现药物推注速度异常[SEP],null,科室日常检查时发现药物推注速度异常,由于该设备已使用10年处于超预期使用状态长期临床使用泵体老化无法正常控制注射器内液体流速导致实际流速大于设定流速
1274201022023000066,其他,[CLS]无伤害[SEP]夹子断了[SEP]日常检测发现夹子断了[SEP],无伤害,夹子断了,日常检测发现夹子断了,无法确定,null,无伤害,[CLS]无伤害[SEP]夹子断了[SEP]日常检测发现夹子断了[SEP],夹子断了,日常检测发现夹子断了,初步分析可能是由于该设备已使用8年处于超预期使用状态临床长期使用紧固夹导致固定螺丝松动未及时拧紧致使紧固夹在使用过程中脱落丢失
1253707022023000108,严重伤害,[CLS]泵速自行调节与实际不否容易减弱溶栓效果[SEP]设定泵速后试剂注射量与设定量不相符[SEP]遵医嘱对患者使用爱立通静脉溶栓治疗调节泵速未437mlh约10分钟后发现微量泵显示泵入68ml但注射器内液体剩余21ml与设定量注入不相符随即暂停微量泵泵入[SEP],泵速自行调节与实际不否容易减弱溶栓效果,设定泵速后试剂注射量与设定量不相符,遵医嘱对患者使用爱立通静脉溶栓治疗调节泵速未437mlh约10分钟后发现微量泵显示泵入68ml但注射器内液体剩余21ml与设定量注入不相符随即暂停微量泵泵入,无法确定,null,泵速自行调节与实际不否容易减弱溶栓效果,[CLS]泵速自行调节与实际不否容易减弱溶栓效果[SEP]设定泵速后试剂注射量与设定量不相符[SEP]遵医嘱对患者使用爱立通静脉溶栓治疗调节泵速未437mlh约10分钟后发现微量泵显示泵入68ml但注射器内液体剩余21ml与设定量注入不相符随即暂停微量泵泵入[SEP],设定泵速后试剂注射量与设定量不相符,遵医嘱对患者使用爱立通静脉溶栓治疗调节泵速未437mlh约10分钟后发现微量泵显示泵入68ml但注射器内液体剩余21ml与设定量注入不相符随即暂停微量泵泵入,院方上报的是严重伤害根据严重伤害的定义我公司认为应为其他由于长期未对注射器进行校准设备内存储的注射器参数与实际上泵的注射器参数不一致设备无法正常控制管内液体流速导致流速过快误差不在允许范围内
1172212302023000054,其他,[CLS]无[SEP]D0101_故障提示[SEP]注射泵的注射器夹不能正常开合注射器夹闭不良同时注射泵显示离合未闭查找不到原因[SEP],无,D0101_故障提示,注射泵的注射器夹不能正常开合注射器夹闭不良同时注射泵显示离合未闭查找不到原因,产品原因（包括说明书等）,产品使用较频繁耐用度不良,无,[CLS]无[SEP]D0101_故障提示[SEP]注射泵的注射器夹不能正常开合注射器夹闭不良同时注射泵显示离合未闭查找不到原因[SEP],D0101_故障提示,注射泵的注射器夹不能正常开合注射器夹闭不良同时注射泵显示离合未闭查找不到原因,1经售后工程师检查造成报警的原因为上次维修更换的FPC线接触不良导致设备偶发报警提示2FPC线接触不良分析可能是在原材料检验过程中内部电线接触不良未及时检测出故障FPC线流入生产或售后换件环节导致出现更换FPC线后测试时正常运行使用时偶发无法传递信号报离合未闭提示2捏柄卡顿的原因是由于售后工程师上次拆机维修时摆齿轮安装不到位在临床搬动过程中震动导致摆齿轮错位造成捏柄卡顿无法正常开合
1253711002023000032,其他,[CLS]无[SEP]不能使用[SEP]2023130在使用该泵护士进行开机检查发现该泵无法使用为患者更换新的注射泵并通知设备进行维修未对患者造成影响[SEP],无,不能使用,2023130在使用该泵护士进行开机检查发现该泵无法使用为患者更换新的注射泵并通知设备进行维修未对患者造成影响,产品原因（包括说明书等）,无法开机,无,[CLS]无[SEP]不能使用[SEP]2023130在使用该泵护士进行开机检查发现该泵无法使用为患者更换新的注射泵并通知设备进行维修未对患者造成影响[SEP],不能使用,2023130在使用该泵护士进行开机检查发现该泵无法使用为患者更换新的注射泵并通知设备进行维修未对患者造成影响,由于该设备已使用6年处于超预期使用状态长期临床使用频繁按压开关机键导致按键老化失灵无法正常控制设备开关机
1253717042023000020,其他,[CLS]无[SEP]D0101_故障提示[SEP]2023年2月11日于成武县人民医院中心院区ICU医务人员在使用设备时发现该设备一通道报错异常4二通道无响应立即停用该设备更换备用机使用未对患者造成伤害[SEP],无,D0101_故障提示,2023年2月11日于成武县人民医院中心院区ICU医务人员在使用设备时发现该设备一通道报错异常4二通道无响应立即停用该设备更换备用机使用未对患者造成伤害,产品原因（包括说明书等）,产品质量缺陷,无,[CLS]无[SEP]D0101_故障提示[SEP]2023年2月11日于成武县人民医院中心院区ICU医务人员在使用设备时发现该设备一通道报错异常4二通道无响应立即停用该设备更换备用机使用未对患者造成伤害[SEP],D0101_故障提示,2023年2月11日于成武县人民医院中心院区ICU医务人员在使用设备时发现该设备一通道报错异常4二通道无响应立即停用该设备更换备用机使用未对患者造成伤害,由于该设备已使用10年处于超预期使用状态长期临床使用主从道连接线老化无法正常传递主从道信息导致设备报警异常4提示
1172212302023000033,其他,[CLS]无[SEP]注射药无法推进[SEP]给患者泵药时药物无法推进频繁报警[SEP],无,注射药无法推进,给患者泵药时药物无法推进频繁报警,产品原因（包括说明书等）,泵损坏,无,[CLS]无[SEP]注射药无法推进[SEP]给患者泵药时药物无法推进频繁报警[SEP],注射药无法推进,给患者泵药时药物无法推进频繁报警,1经售后工程师拆机检查发现设备内部FPC线损坏FPC线的功能之一是负责传递离合检测信号损坏后造成检测信号中断发生报警报警后设备不能注射药物无法正常使用2FPC线损坏的原因分析可能是由于生产过程中内部FPC线未固定结实晃动FPC线与周围电路板摩擦导致磨损
1253711042023000030,其他,[CLS]设备故障未累计患者[SEP]D1201_设备或部件脱离[SEP]2023年1月28日病人因心衰住院需进行注射药物治疗科室使用该注射泵注射药物时注射泵夹子断裂工作人员第一时间更换注射泵设备并通知设备维修工程师进行维修未对病人造成不良影响[SEP],设备故障未累计患者,D1201_设备或部件脱离,2023年1月28日病人因心衰住院需进行注射药物治疗科室使用该注射泵注射药物时注射泵夹子断裂工作人员第一时间更换注射泵设备并通知设备维修工程师进行维修未对病人造成不良影响,产品原因（包括说明书等）,2023年1月28日病人因心衰住院需进行注射药物治疗科室使用该注射泵注射药物时注射泵夹子断裂工作人员第一时间更换注射泵设备并通知设备维修工程师进行维修未对病人造成不良影响,设备故障未累计患者,[CLS]设备故障未累计患者[SEP]D1201_设备或部件脱离[SEP]2023年1月28日病人因心衰住院需进行注射药物治疗科室使用该注射泵注射药物时注射泵夹子断裂工作人员第一时间更换注射泵设备并通知设备维修工程师进行维修未对病人造成不良影响[SEP],D1201_设备或部件脱离,2023年1月28日病人因心衰住院需进行注射药物治疗科室使用该注射泵注射药物时注射泵夹子断裂工作人员第一时间更换注射泵设备并通知设备维修工程师进行维修未对病人造成不良影响,由于该设备已使用9年处于超预期使用状态长期临床使用频繁捏合捏柄导致捏柄老化开裂
1274204002023000044,其他,[CLS]null[SEP]注射泵前外壳损坏无法使用[SEP]注射泵前外壳损坏无法使用[SEP],null,注射泵前外壳损坏无法使用,注射泵前外壳损坏无法使用,产品原因（包括说明书等）,注射泵前外壳损坏无法使用,null,[CLS]null[SEP]注射泵前外壳损坏无法使用[SEP]注射泵前外壳损坏无法使用[SEP],注射泵前外壳损坏无法使用,注射泵前外壳损坏无法使用,由于该设备已使用9年处于超预期使用状态长期临床频繁使用导致前壳压柄导向柱老化开裂无法正常使用
116210308202200343,其他,[CLS]使用时发现连接街头有损坏无法正常工作对患者有生命危险[SEP]使用时发现连接街头有损坏无法正常工作[SEP]使用时发现连接街头有损坏无法正常工作对患者有生命危险本医院维修人员维修后能正常工作[SEP],使用时发现连接街头有损坏无法正常工作对患者有生命危险,使用时发现连接街头有损坏无法正常工作,使用时发现连接街头有损坏无法正常工作对患者有生命危险本医院维修人员维修后能正常工作,无法确定,null,使用时发现连接街头有损坏无法正常工作对患者有生命危险,[CLS]使用时发现连接街头有损坏无法正常工作对患者有生命危险[SEP]使用时发现连接街头有损坏无法正常工作[SEP]使用时发现连接街头有损坏无法正常工作对患者有生命危险本医院维修人员维修后能正常工作[SEP],使用时发现连接街头有损坏无法正常工作,使用时发现连接街头有损坏无法正常工作对患者有生命危险本医院维修人员维修后能正常工作,由于该设备已使用9年处于超预期使用状态电池老化无法正常供电临床频繁插拔电源线导致电源线与设备连接端口电线断裂无法无法正常为设备供电导致设备无法正常工作
1253711012023000044,其他,[CLS]无[SEP]推杆控制器断裂[SEP]2023年2月7日患者姜开基因心梗住ICU使用注射泵定量注射时注射泵推杆控制器断裂推杆无法打开护士更换输液泵输液联系设备科维修未对患者造成不良影响[SEP],无,推杆控制器断裂,2023年2月7日患者姜开基因心梗住ICU使用注射泵定量注射时注射泵推杆控制器断裂推杆无法打开护士更换输液泵输液联系设备科维修未对患者造成不良影响,产品原因（包括说明书等）,受力部分为塑料件且受力点薄弱长期使用导致断裂,无,[CLS]无[SEP]推杆控制器断裂[SEP]2023年2月7日患者姜开基因心梗住ICU使用注射泵定量注射时注射泵推杆控制器断裂推杆无法打开护士更换输液泵输液联系设备科维修未对患者造成不良影响[SEP],推杆控制器断裂,2023年2月7日患者姜开基因心梗住ICU使用注射泵定量注射时注射泵推杆控制器断裂推杆无法打开护士更换输液泵输液联系设备科维修未对患者造成不良影响,由于该设备已使用9年处于超预期使用状态长期临床使用频繁捏合捏柄导致捏柄材质老化开裂无法正常固定注射器
1406528012023000013,其他,[CLS]卡扣容易断裂影响使用[SEP]卡扣容易断裂影响使用[SEP]卡扣容易断裂影响使用[SEP],卡扣容易断裂影响使用,卡扣容易断裂影响使用,卡扣容易断裂影响使用,产品原因（包括说明书等）,null,卡扣容易断裂影响使用,[CLS]卡扣容易断裂影响使用[SEP]卡扣容易断裂影响使用[SEP]卡扣容易断裂影响使用[SEP],卡扣容易断裂影响使用,卡扣容易断裂影响使用,1经过疲劳测试我们发现使用ABSPC内嵌金属预埋件材质制作的捏柄在经过数万次捏合后可能会出现开裂现象2将注塑材料改用尼龙玻纤再按相同工艺制作捏柄做对比实验没有出现开裂现象分析是ABSPC内嵌金属预埋件材质强度不够造成捏柄开裂
125371806202200587,其他,[CLS]null[SEP]开机注射泵报注射器错误2[SEP]准备给患者使用注射泵开机设备保注射器错误2[SEP],null,开机注射泵报注射器错误2,准备给患者使用注射泵开机设备保注射器错误2,产品原因（包括说明书等）,注射泵排线坏,null,[CLS]null[SEP]开机注射泵报注射器错误2[SEP]准备给患者使用注射泵开机设备保注射器错误2[SEP],开机注射泵报注射器错误2,准备给患者使用注射泵开机设备保注射器错误2,1经拆机检查发现故障发生的原因是传递该信号的FPC连接线磨损造成检测信号中断从而引发报警2造成传感器连接线损坏的原因分析是由于设备已使用5年处于超预期使用状态FPC线磨损老化导致设备无法正常使用
125371803202200573,其他,[CLS]null[SEP]注射泵报警[SEP]2022127设备在肾脏病科病房使用过程中注射泵报警立即更换另一注射泵使用未造成不良影响经工程师检测发现注射泵座垫损坏导致无法使用更换新的注射泵座垫后恢复使用[SEP],null,注射泵报警,2022127设备在肾脏病科病房使用过程中注射泵报警立即更换另一注射泵使用未造成不良影响经工程师检测发现注射泵座垫损坏导致无法使用更换新的注射泵座垫后恢复使用,产品原因（包括说明书等）,注射泵座垫损坏导致无法使用,null,[CLS]null[SEP]注射泵报警[SEP]2022127设备在肾脏病科病房使用过程中注射泵报警立即更换另一注射泵使用未造成不良影响经工程师检测发现注射泵座垫损坏导致无法使用更换新的注射泵座垫后恢复使用[SEP],注射泵报警,2022127设备在肾脏病科病房使用过程中注射泵报警立即更换另一注射泵使用未造成不良影响经工程师检测发现注射泵座垫损坏导致无法使用更换新的注射泵座垫后恢复使用,1推拉盒破损开裂安装注射器后无法正常检测是否安装到位导致设备发出注射器未顶紧报警提示2由于该设备已使用5年处于超预期使用状态长期临床使用药液附着腐蚀推拉盒材质导致推拉盒老化开裂
1376104002023000014,其他,[CLS]无[SEP]报异常2[SEP]20230126护士给患者使用注射泵时接上注射器后发现不能正常工作并且报异常停止使用及时更换[SEP],无,报异常2,20230126护士给患者使用注射泵时接上注射器后发现不能正常工作并且报异常停止使用及时更换,无法确定,机器内部传感器故障,无,[CLS]无[SEP]报异常2[SEP]20230126护士给患者使用注射泵时接上注射器后发现不能正常工作并且报异常停止使用及时更换[SEP],报异常2,20230126护士给患者使用注射泵时接上注射器后发现不能正常工作并且报异常停止使用及时更换,1拆机检查发现长电位器异常导致运行信号传递异常引发报警2由于该设备已在医院使用9年处于超预期使用状态长期临床频繁使用长电位器老化导致无法正常传递运行信号
140654500202201568,其他,[CLS]药品在没有打完的情况下机器显示输液完成[SEP]注射泵感应器故障[SEP]科室在给病人测量时使用WGS1011注射泵的过程中发现该设备在放在50ml注射器的时药品还剩余15ml时机器显示注射完成[SEP],药品在没有打完的情况下机器显示输液完成,注射泵感应器故障,科室在给病人测量时使用WGS1011注射泵的过程中发现该设备在放在50ml注射器的时药品还剩余15ml时机器显示注射完成,产品原因（包括说明书等）,注射器识别板故障以及感应器需要更换,药品在没有打完的情况下机器显示输液完成,[CLS]药品在没有打完的情况下机器显示输液完成[SEP]注射泵感应器故障[SEP]科室在给病人测量时使用WGS1011注射泵的过程中发现该设备在放在50ml注射器的时药品还剩余15ml时机器显示注射完成[SEP],注射泵感应器故障,科室在给病人测量时使用WGS1011注射泵的过程中发现该设备在放在50ml注射器的时药品还剩余15ml时机器显示注射完成,1售后工程师检查设备压力值过高拆机检查为压力传感器老化故障2由于该设备已使用10年处于超预期使用状态长期临床使用压力传感器老化无法正常检测压力值导致设备输液残余量大
1253718012022000480,其他,[CLS]null[SEP]注射泵显示注射器脱落[SEP]责任护士巡视病房时发现7床病人正在使用的注射泵报警示注射器脱落仔细观察后发现注射器并无脱落关机重启并重新安置注射器后依旧报警尚未对患者造成伤害[SEP],null,注射泵显示注射器脱落,责任护士巡视病房时发现7床病人正在使用的注射泵报警示注射器脱落仔细观察后发现注射器并无脱落关机重启并重新安置注射器后依旧报警尚未对患者造成伤害,产品原因（包括说明书等）,使用年限过长导致把柄过松,null,[CLS]null[SEP]注射泵显示注射器脱落[SEP]责任护士巡视病房时发现7床病人正在使用的注射泵报警示注射器脱落仔细观察后发现注射器并无脱落关机重启并重新安置注射器后依旧报警尚未对患者造成伤害[SEP],注射泵显示注射器脱落,责任护士巡视病房时发现7床病人正在使用的注射泵报警示注射器脱落仔细观察后发现注射器并无脱落关机重启并重新安置注射器后依旧报警尚未对患者造成伤害,1经售后工程师检查压柄卡簧脱落导致压柄弹簧脱落无法固定注射器2压柄卡簧脱落的原因分析可能是压柄受到外力撞击或未按操作提示使用导致压柄弹簧脱落
1253717032023000009,其他,[CLS]无[SEP]通道2故障报警显示异常5[SEP]通道2故障报警显示异常5拆开外壳测量压力值后设备恢复正常[SEP],无,通道2故障报警显示异常5,通道2故障报警显示异常5拆开外壳测量压力值后设备恢复正常,产品原因（包括说明书等）,通道2故障报警显示异常5,无,[CLS]无[SEP]通道2故障报警显示异常5[SEP]通道2故障报警显示异常5拆开外壳测量压力值后设备恢复正常[SEP],通道2故障报警显示异常5,通道2故障报警显示异常5拆开外壳测量压力值后设备恢复正常,售后工程师拆机检查压力传感器附着污物分析为由于设备已在医院使用8年属于超预期使用状态长期使用压力传感器有污物进入未及时清理导致设备触发报警
125371803202200427,其他,[CLS]null[SEP]使用该泵时发现按开机键无反应[SEP]2022108在肾内科病房护士使用注射泵时发现按开机键无反应无法开机更换另一注射泵使用未造成不良影响上报医工部工程师联系厂家等待厂家维修[SEP],null,使用该泵时发现按开机键无反应,2022108在肾内科病房护士使用注射泵时发现按开机键无反应无法开机更换另一注射泵使用未造成不良影响上报医工部工程师联系厂家等待厂家维修,无法确定,工程师联系厂家,null,[CLS]null[SEP]使用该泵时发现按开机键无反应[SEP]2022108在肾内科病房护士使用注射泵时发现按开机键无反应无法开机更换另一注射泵使用未造成不良影响上报医工部工程师联系厂家等待厂家维修[SEP],使用该泵时发现按开机键无反应,2022108在肾内科病房护士使用注射泵时发现按开机键无反应无法开机更换另一注射泵使用未造成不良影响上报医工部工程师联系厂家等待厂家维修,经售后工程师拆机检查开机键与主控板间缝隙内附着大量药液干粉分析为临床使用过程中不慎将药液洒在设备上未及时清理药液渗入干涸后药液干粉附着在开机键和主控板间导致开机键失灵
140654500202201617,其他,[CLS]无[SEP]无法使用[SEP]临床正常使用[SEP],无,无法使用,临床正常使用,产品原因（包括说明书等）,拉杆断裂拉杆与机壳一体要换需换整个机壳,无,[CLS]无[SEP]无法使用[SEP]临床正常使用[SEP],无法使用,临床正常使用,由于该设备已使用10年处于超预期使用状态长期临床使用前壳压柄导向柱老化开裂无法正产固定注射器
125371806202200426,其他,[CLS]null[SEP]按键失灵[SEP]准备给患者使用注射泵通电开机调节参数发现无法调节[SEP],null,按键失灵,准备给患者使用注射泵通电开机调节参数发现无法调节,产品原因（包括说明书等）,null,null,[CLS]null[SEP]按键失灵[SEP]准备给患者使用注射泵通电开机调节参数发现无法调节[SEP],按键失灵,准备给患者使用注射泵通电开机调节参数发现无法调节,售后工程师拆机检查发现确认键按键与主控板缝隙有大量药液干粉分析为临床使用过程中洒落药液未及时清理药液渗入缝隙内干涸后干粉堆积在缝隙内造成确认键失灵
1406528112022000172,其他,[CLS]设备故障导致科室注射泵短缺影响治疗进度[SEP]注射器夹断裂[SEP]于2022年12月26日CCU护士向设备科报修注射泵注射器夹子断裂设备科工程师到现场无法维修取回维修室等待维修[SEP],设备故障导致科室注射泵短缺影响治疗进度,注射器夹断裂,于2022年12月26日CCU护士向设备科报修注射泵注射器夹子断裂设备科工程师到现场无法维修取回维修室等待维修,无法确定,设备老化导致的注射器夹断裂,设备故障导致科室注射泵短缺影响治疗进度,[CLS]设备故障导致科室注射泵短缺影响治疗进度[SEP]注射器夹断裂[SEP]于2022年12月26日CCU护士向设备科报修注射泵注射器夹子断裂设备科工程师到现场无法维修取回维修室等待维修[SEP],注射器夹断裂,于2022年12月26日CCU护士向设备科报修注射泵注射器夹子断裂设备科工程师到现场无法维修取回维修室等待维修,由于该设备已使用9年处于超预期使用状态长期临床使用频繁捏合捏柄导致捏柄材质老化开裂
125371803202200381,其他,[CLS]null[SEP]预对病人使用该注射泵时发现尾夹断裂[SEP]202299在神经外科病房护士预对病人使用该注射泵时发现尾夹断裂立即更换另一注射泵使用未造成不良影响工程师联系厂家返厂更换配件后故障排除可正常使用[SEP],null,预对病人使用该注射泵时发现尾夹断裂,202299在神经外科病房护士预对病人使用该注射泵时发现尾夹断裂立即更换另一注射泵使用未造成不良影响工程师联系厂家返厂更换配件后故障排除可正常使用,产品原因（包括说明书等）,尾夹断裂,null,[CLS]null[SEP]预对病人使用该注射泵时发现尾夹断裂[SEP]202299在神经外科病房护士预对病人使用该注射泵时发现尾夹断裂立即更换另一注射泵使用未造成不良影响工程师联系厂家返厂更换配件后故障排除可正常使用[SEP],预对病人使用该注射泵时发现尾夹断裂,202299在神经外科病房护士预对病人使用该注射泵时发现尾夹断裂立即更换另一注射泵使用未造成不良影响工程师联系厂家返厂更换配件后故障排除可正常使用,经过分析和实验我们发现使用ABS硬塑料内嵌金属预埋件材质制作的捏柄在经过数万次捏合后可能会出现开裂现象在ABS中增加适量玻纤再按相同工艺制作捏柄做对比实验没有出现开裂现象推测ABS硬塑料内嵌金属预埋件材质强度不够造成捏柄开裂
126410229202201496,严重伤害,[CLS]重新穿刺[SEP]null[SEP]遵医嘱给与葡萄糖酸钙静挂半小时后查房发现机器未动液体仍余40ml未输注立即给与更换机器重新穿刺给与泵入[SEP],重新穿刺,null,遵医嘱给与葡萄糖酸钙静挂半小时后查房发现机器未动液体仍余40ml未输注立即给与更换机器重新穿刺给与泵入,产品原因（包括说明书等）,拉杆使用频率高生锈卡顿,重新穿刺,[CLS]重新穿刺[SEP]null[SEP]遵医嘱给与葡萄糖酸钙静挂半小时后查房发现机器未动液体仍余40ml未输注立即给与更换机器重新穿刺给与泵入[SEP],null,遵医嘱给与葡萄糖酸钙静挂半小时后查房发现机器未动液体仍余40ml未输注立即给与更换机器重新穿刺给与泵入,院方上报的是严重伤害根据严重伤害的定义我公司认为应为其他由于该设备已使用7年处于超预期使用长期临床使用洒落药液未及时清理干粉附着在丝杆套筒外壁与前壳内O型密封圈摩擦不顺滑对压力传感器产生的压强值超过中级阻塞阈值报阻塞报警无法正常进行推注工作同时超预期寿命使用设备使得内部件喇叭老化无法正常发出报警提示音
140654500202201528,其他,[CLS]药品不能打完[SEP]药品在没有打完的情况下机器显示输液完成[SEP]科室在给病人测量时使用WGS1011注射泵的过程中发现该设备在放在50ml注射器的时药品还剩余15ml时机器显示注射完成导致无法进行准确的输液可能会影响病人的治疗效果[SEP],药品不能打完,药品在没有打完的情况下机器显示输液完成,科室在给病人测量时使用WGS1011注射泵的过程中发现该设备在放在50ml注射器的时药品还剩余15ml时机器显示注射完成导致无法进行准确的输液可能会影响病人的治疗效果,产品原因（包括说明书等）,先对其进行了故障的初步判断观察到该设备只有在简易模式的情况下输出的药量是正常的经过查阅资料是注射器识别板故障以及感应器需要更换,药品不能打完,[CLS]药品不能打完[SEP]药品在没有打完的情况下机器显示输液完成[SEP]科室在给病人测量时使用WGS1011注射泵的过程中发现该设备在放在50ml注射器的时药品还剩余15ml时机器显示注射完成导致无法进行准确的输液可能会影响病人的治疗效果[SEP],药品在没有打完的情况下机器显示输液完成,科室在给病人测量时使用WGS1011注射泵的过程中发现该设备在放在50ml注射器的时药品还剩余15ml时机器显示注射完成导致无法进行准确的输液可能会影响病人的治疗效果,由于该设备已使用10年处于超预期使用状态长期临床使用长电位器老化失灵无法正常控制打液量导致残余量大设备未检测出来
113130658202200949,其他,[CLS]延误治疗增加隐患[SEP]电源线与主机连接处放电打火[SEP]2022年6月23日该注射泵为我科患者刘金山行气管内滴药过程中报警提示电压低我科护士岳美前去查看注射泵情况该泵电源线与主机连接处放电打火造成该事件的原因可能为该注射泵电源线与主机连接不牢固立即将该注射泵切断电源停止使用并更换注射泵继续为患者行气管内滴药该事件未对患者造成不良影响但将我科护士岳美右手大拇指电灼伤范围约0202cm予以冷水冲洗见局部皮肤充血表皮未缺损[SEP],延误治疗增加隐患,电源线与主机连接处放电打火,2022年6月23日该注射泵为我科患者刘金山行气管内滴药过程中报警提示电压低我科护士岳美前去查看注射泵情况该泵电源线与主机连接处放电打火造成该事件的原因可能为该注射泵电源线与主机连接不牢固立即将该注射泵切断电源停止使用并更换注射泵继续为患者行气管内滴药该事件未对患者造成不良影响但将我科护士岳美右手大拇指电灼伤范围约0202cm予以冷水冲洗见局部皮肤充血表皮未缺损,产品原因（包括说明书等）,注射泵质量问题,延误治疗增加隐患,[CLS]延误治疗增加隐患[SEP]电源线与主机连接处放电打火[SEP]2022年6月23日该注射泵为我科患者刘金山行气管内滴药过程中报警提示电压低我科护士岳美前去查看注射泵情况该泵电源线与主机连接处放电打火造成该事件的原因可能为该注射泵电源线与主机连接不牢固立即将该注射泵切断电源停止使用并更换注射泵继续为患者行气管内滴药该事件未对患者造成不良影响但将我科护士岳美右手大拇指电灼伤范围约0202cm予以冷水冲洗见局部皮肤充血表皮未缺损[SEP],电源线与主机连接处放电打火,2022年6月23日该注射泵为我科患者刘金山行气管内滴药过程中报警提示电压低我科护士岳美前去查看注射泵情况该泵电源线与主机连接处放电打火造成该事件的原因可能为该注射泵电源线与主机连接不牢固立即将该注射泵切断电源停止使用并更换注射泵继续为患者行气管内滴药该事件未对患者造成不良影响但将我科护士岳美右手大拇指电灼伤范围约0202cm予以冷水冲洗见局部皮肤充血表皮未缺损,1由于该设备已使用11年处于超预期使用长期临床使用频繁插拔电源线电源线与设备连接处磨损破裂内部件裸露导致在使用过程中接触不良无法正常为设备供电报电压低2打火可能是由于操作人员在拔电源线时未先将连接插头端拔下触碰裸露电线造成短路现象
124361001202200227,其他,[CLS]无[SEP]使用过程中突然断电[SEP]202212101635在经微量输液泵给患者用药过程中突然断电首先排查病房是否断电经排查未断电于是更换微量泵电源线微量泵可正常使用[SEP],无,使用过程中突然断电,202212101635在经微量输液泵给患者用药过程中突然断电首先排查病房是否断电经排查未断电于是更换微量泵电源线微量泵可正常使用,产品原因（包括说明书等）,机器长时间使用出现电源线老化,无,[CLS]无[SEP]使用过程中突然断电[SEP]202212101635在经微量输液泵给患者用药过程中突然断电首先排查病房是否断电经排查未断电于是更换微量泵电源线微量泵可正常使用[SEP],使用过程中突然断电,202212101635在经微量输液泵给患者用药过程中突然断电首先排查病房是否断电经排查未断电于是更换微量泵电源线微量泵可正常使用,由于该设备已使用8年处于超预期使用状态长期临床使用频繁拉扯弯折电源线电源线内部电线断裂无法为设备供电
125371803202200539,严重伤害,[CLS]延长病人用药时间[SEP]注射泵报警[SEP]设备在肾脏病房使用过程中注射泵报警无法使用延长病人用药时间病人不满护士安慰病人同时上报医工部经工程师检测发现夹座损坏导致无法使用更换新的注射器夹座后恢复使用[SEP],延长病人用药时间,注射泵报警,设备在肾脏病房使用过程中注射泵报警无法使用延长病人用药时间病人不满护士安慰病人同时上报医工部经工程师检测发现夹座损坏导致无法使用更换新的注射器夹座后恢复使用,产品原因（包括说明书等）,发现夹座损坏,延长病人用药时间,[CLS]延长病人用药时间[SEP]注射泵报警[SEP]设备在肾脏病房使用过程中注射泵报警无法使用延长病人用药时间病人不满护士安慰病人同时上报医工部经工程师检测发现夹座损坏导致无法使用更换新的注射器夹座后恢复使用[SEP],注射泵报警,设备在肾脏病房使用过程中注射泵报警无法使用延长病人用药时间病人不满护士安慰病人同时上报医工部经工程师检测发现夹座损坏导致无法使用更换新的注射器夹座后恢复使用,院方上报的是严重伤害根据严重伤害的定义我公司认为应为其他分析是受外力磕碰推拉盒破损无法正常检测注射器尾部推杆是否安装到推拉盒上导致设备报警
125371104202200435,其他,[CLS]设备故障未累计患者[SEP]D0101_故障提示[SEP]2022年11月12日科室护理人员应用注射泵给予患者持续泵入溶栓药物时药物未输注完成注射泵报警显示离合未闭给予及时调整仍未好转给予更换仪器及时维修未对病人造成不良影响[SEP],设备故障未累计患者,D0101_故障提示,2022年11月12日科室护理人员应用注射泵给予患者持续泵入溶栓药物时药物未输注完成注射泵报警显示离合未闭给予及时调整仍未好转给予更换仪器及时维修未对病人造成不良影响,产品原因（包括说明书等）,2022年11月12日科室护理人员应用注射泵给予患者持续泵入溶栓药物时药物未输注完成注射泵报警显示离合未闭给予及时调整仍未好转给予更换仪器及时维修未对病人造成不良影响,设备故障未累计患者,[CLS]设备故障未累计患者[SEP]D0101_故障提示[SEP]2022年11月12日科室护理人员应用注射泵给予患者持续泵入溶栓药物时药物未输注完成注射泵报警显示离合未闭给予及时调整仍未好转给予更换仪器及时维修未对病人造成不良影响[SEP],D0101_故障提示,2022年11月12日科室护理人员应用注射泵给予患者持续泵入溶栓药物时药物未输注完成注射泵报警显示离合未闭给予及时调整仍未好转给予更换仪器及时维修未对病人造成不良影响,售后工程师拆机检查发现内部FPC线磨损分析可能是由于生产过程中内部FPC线未固定结实晃动FPC线与周围电路板摩擦导致磨损
140654500202201546,其他,[CLS]无[SEP]无法使用[SEP]临床正常使用[SEP],无,无法使用,临床正常使用,产品原因（包括说明书等）,注射泵压注射器压杆断裂无法使用注射器不再推药,无,[CLS]无[SEP]无法使用[SEP]临床正常使用[SEP],无法使用,临床正常使用,由于设备已使用10年处于超预期使用状态长期临床使用压柄导向柱材质老化开裂无法正常使用
112120613202200044,其他,[CLS]设定速度与实际泵入速度不一致[SEP]null[SEP]器械使用时间2022122使用目的控制液体滴速使用依据遵医嘱使用情况设定速度与实际泵入速度不一致出现的不良事件情况实际泵入速度设定速度对受害者影响无明显影响采取的治疗措施即刻更换注射泵器械联合使用情况CVC神静脉导管[SEP],设定速度与实际泵入速度不一致,null,器械使用时间2022122使用目的控制液体滴速使用依据遵医嘱使用情况设定速度与实际泵入速度不一致出现的不良事件情况实际泵入速度设定速度对受害者影响无明显影响采取的治疗措施即刻更换注射泵器械联合使用情况CVC神静脉导管,产品原因（包括说明书等）,null,设定速度与实际泵入速度不一致,[CLS]设定速度与实际泵入速度不一致[SEP]null[SEP]器械使用时间2022122使用目的控制液体滴速使用依据遵医嘱使用情况设定速度与实际泵入速度不一致出现的不良事件情况实际泵入速度设定速度对受害者影响无明显影响采取的治疗措施即刻更换注射泵器械联合使用情况CVC神静脉导管[SEP],null,器械使用时间2022122使用目的控制液体滴速使用依据遵医嘱使用情况设定速度与实际泵入速度不一致出现的不良事件情况实际泵入速度设定速度对受害者影响无明显影响采取的治疗措施即刻更换注射泵器械联合使用情况CVC神静脉导管,由于医院长期未进行注射器校准设备内存储的注射器参数与实际注射器参数不一致设备无法正常控制管路内液体流速导致实际流速小于设定流速
129441929202200488,其他,[CLS]null[SEP]输完液没有出现报警提示[SEP]2022年12月16日我院医护人员发现该输液泵注射完药液没有出现报警提示送到设备科进行检修[SEP],null,输完液没有出现报警提示,2022年12月16日我院医护人员发现该输液泵注射完药液没有出现报警提示送到设备科进行检修,"无法确定,产品原因（包括说明书等）",经检查发现是注射泵1通道喇叭损坏,null,[CLS]null[SEP]输完液没有出现报警提示[SEP]2022年12月16日我院医护人员发现该输液泵注射完药液没有出现报警提示送到设备科进行检修[SEP],输完液没有出现报警提示,2022年12月16日我院医护人员发现该输液泵注射完药液没有出现报警提示送到设备科进行检修,1经售后工程师拆机检查发现主道喇叭插头松动2初步分析可能是由于临床频繁搬动转运设备震动跌宕导致主道喇叭插头松动无法正常发声
116210700202200824,其他,[CLS]注射泵无法正常工作[SEP]null[SEP]推液装置内部电机出现故障[SEP],注射泵无法正常工作,null,推液装置内部电机出现故障,产品原因（包括说明书等）,null,注射泵无法正常工作,[CLS]注射泵无法正常工作[SEP]null[SEP]推液装置内部电机出现故障[SEP],null,推液装置内部电机出现故障,1经售后工程师拆机检查发现为电机故障造成的2由于该设备已使用5年处于超预期使用状态长期临床使用电机老化失灵无法正常工作设备提示系统故障1
116210500202200153,其他,[CLS]null[SEP]D080102_报警故障[SEP]2022年4月6日使用该注射泵操作过程中设备出现报警故障影响正常使用处理立即更换备用注射泵后使用正常未造成其他影响及时报修故障设备[SEP],null,D080102_报警故障,2022年4月6日使用该注射泵操作过程中设备出现报警故障影响正常使用处理立即更换备用注射泵后使用正常未造成其他影响及时报修故障设备,无法确定,事件发生可能与产品有关不排除其他因素影响,null,[CLS]null[SEP]D080102_报警故障[SEP]2022年4月6日使用该注射泵操作过程中设备出现报警故障影响正常使用处理立即更换备用注射泵后使用正常未造成其他影响及时报修故障设备[SEP],D080102_报警故障,2022年4月6日使用该注射泵操作过程中设备出现报警故障影响正常使用处理立即更换备用注射泵后使用正常未造成其他影响及时报修故障设备,1经售后工程师拆机检查发现内部压力传感器插头松动导致设备提示系统故障62初步分析可能是由于设备使用过程中频繁转运搬动导致设备震动跌宕导致压力传感器插头震动过程中脱落
128430600202200118,其他,[CLS]null[SEP]调节好滴速后按开启无反应[SEP]护士为患者输液治疗时调节好滴速后按开启无反应[SEP],null,调节好滴速后按开启无反应,护士为患者输液治疗时调节好滴速后按开启无反应,产品原因（包括说明书等）,null,null,[CLS]null[SEP]调节好滴速后按开启无反应[SEP]护士为患者输液治疗时调节好滴速后按开启无反应[SEP],调节好滴速后按开启无反应,护士为患者输液治疗时调节好滴速后按开启无反应,1经售后工程师拆机检查按键与主控板间隙内附着大量药液干粉导致按键接触不良2分析可能是临床使用过程中不慎有药液洒落未及时清理药液流入按键与主控板间隙内长期累积导致按键与主控板接触不良
128430600202200122,其他,[CLS]null[SEP]注射泵背后架子松脱无法固定[SEP]患者在输注药物治疗时注射泵背后的夹子突然松脱无法固定[SEP],null,注射泵背后架子松脱无法固定,患者在输注药物治疗时注射泵背后的夹子突然松脱无法固定,产品原因（包括说明书等）,null,null,[CLS]null[SEP]注射泵背后架子松脱无法固定[SEP]患者在输注药物治疗时注射泵背后的夹子突然松脱无法固定[SEP],注射泵背后架子松脱无法固定,患者在输注药物治疗时注射泵背后的夹子突然松脱无法固定,分析可能由以下两个原因造成1医院在使用过程中扭动螺丝不小心拧偏导致滑丝2长期拧动螺丝螺丝柱材质磨损导致滑丝
125371806202200491,其他,[CLS]null[SEP]针栓固定夹坏[SEP]准备给患者使用注射泵捏固定夹拉动推杆固定注射器时固定夹脱落[SEP],null,针栓固定夹坏,准备给患者使用注射泵捏固定夹拉动推杆固定注射器时固定夹脱落,"产品原因（包括说明书等）,无法确定",固定夹脱落是由于固定固定夹的螺丝孔断裂该种情况实有数设计缺陷造成搬运过程中固定夹磕碰造成损坏,null,[CLS]null[SEP]针栓固定夹坏[SEP]准备给患者使用注射泵捏固定夹拉动推杆固定注射器时固定夹脱落[SEP],针栓固定夹坏,准备给患者使用注射泵捏固定夹拉动推杆固定注射器时固定夹脱落,由于该设备已使用6年处于超预期使用状态长期临床使用前壳压柄导向柱材质老化开裂无法正常固定压柄位置
128431800202201142,其他,[CLS]无[SEP]null[SEP]注射泵不工作电源故障报警[SEP],无,null,注射泵不工作电源故障报警,产品原因（包括说明书等）,电源故障,无,[CLS]无[SEP]null[SEP]注射泵不工作电源故障报警[SEP],null,注射泵不工作电源故障报警,1经售后工程师拆机检查故障原因为内部电池插头松动造成设备报警电池电量耗尽2电池插头松动的原因初步分析可能是由于临床频繁搬动转运设备震动跌宕内部电池插头松动接触不良无法正常为设备供电导致报警
115152708202200035,其他,[CLS]由于及时发现未造成伤害[SEP]药物注射速度快于设定值[SEP]护士遵医嘱给予09氯化钠30ml15氯化钾3g以5mlh持续泵入2小时后护士发现注射泵运行中显示为正常泵速但注射器内药物剩余量显示氯化钾组药物已泵入20ml实际泵速高于调节泵速[SEP],由于及时发现未造成伤害,药物注射速度快于设定值,护士遵医嘱给予09氯化钠30ml15氯化钾3g以5mlh持续泵入2小时后护士发现注射泵运行中显示为正常泵速但注射器内药物剩余量显示氯化钾组药物已泵入20ml实际泵速高于调节泵速,"产品原因（包括说明书等）,无法确定",可能为机器的自身问题导致,由于及时发现未造成伤害,[CLS]由于及时发现未造成伤害[SEP]药物注射速度快于设定值[SEP]护士遵医嘱给予09氯化钠30ml15氯化钾3g以5mlh持续泵入2小时后护士发现注射泵运行中显示为正常泵速但注射器内药物剩余量显示氯化钾组药物已泵入20ml实际泵速高于调节泵速[SEP],药物注射速度快于设定值,护士遵医嘱给予09氯化钠30ml15氯化钾3g以5mlh持续泵入2小时后护士发现注射泵运行中显示为正常泵速但注射器内药物剩余量显示氯化钾组药物已泵入20ml实际泵速高于调节泵速,由于医院长期未进行注射器校准设备内存储的注射器参数与实际注射器参数不一致设备无法正常控制管内流速导致实际流速大于设定流速
128431800202201146,其他,[CLS]无[SEP]null[SEP]开机报警系统错误[SEP],无,null,开机报警系统错误,产品原因（包括说明书等）,开机报警系统错误机器故障自检通不过,无,[CLS]无[SEP]null[SEP]开机报警系统错误[SEP],null,开机报警系统错误,1拆机检查发现主从道连接线插头从插座上脱落2分析可能是临床搬动转运过程中设备受到外力磕碰震动跌宕导致插头脱落
128430600202200120,其他,[CLS]null[SEP]注射泵用来夹住注射器的夹子断裂[SEP]护士为患者治疗时注射泵用来夹住注射器的夹子断裂立即更换其他仪器继续治疗[SEP],null,注射泵用来夹住注射器的夹子断裂,护士为患者治疗时注射泵用来夹住注射器的夹子断裂立即更换其他仪器继续治疗,产品原因（包括说明书等）,null,null,[CLS]null[SEP]注射泵用来夹住注射器的夹子断裂[SEP]护士为患者治疗时注射泵用来夹住注射器的夹子断裂立即更换其他仪器继续治疗[SEP],注射泵用来夹住注射器的夹子断裂,护士为患者治疗时注射泵用来夹住注射器的夹子断裂立即更换其他仪器继续治疗,经过分析和实验我们发现使用ABS硬塑料内嵌金属预埋件材质制作的捏柄在经过数万次捏合后可能会出现开裂现象在ABS中增加适量玻纤再按相同工艺制作捏柄做对比实验没有出现开裂现象推测ABS硬塑料内嵌金属预埋件材质强度不够造成捏柄开裂
137610400202200652,严重伤害,[CLS]药物流速过大患者有异常感觉[SEP]药物推进速度过大[SEP]护士给患者使用注射泵注射药剂一段时间后患者感觉疼痛[SEP],药物流速过大患者有异常感觉,药物推进速度过大,护士给患者使用注射泵注射药剂一段时间后患者感觉疼痛,产品原因（包括说明书等）,电机控制系统出现异常导致流速过快,药物流速过大患者有异常感觉,[CLS]药物流速过大患者有异常感觉[SEP]药物推进速度过大[SEP]护士给患者使用注射泵注射药剂一段时间后患者感觉疼痛[SEP],药物推进速度过大,护士给患者使用注射泵注射药剂一段时间后患者感觉疼痛,院方上报的是严重伤害根据严重伤害的定义我公司认为应为其他由于该设备已使用超过5年处于超预期寿命使用状态长期临床使用电机老化无法正常通过计数控制流速导致流速不在误差允许范围内
125371703202200240,其他,[CLS]无[SEP]在使用过程中注射器固定夹手柄断裂[SEP]在使用过程中注射器固定夹手柄断裂分析应该是时间太久部件老化造成更换新的固定夹手柄后机器恢复正常使用[SEP],无,在使用过程中注射器固定夹手柄断裂,在使用过程中注射器固定夹手柄断裂分析应该是时间太久部件老化造成更换新的固定夹手柄后机器恢复正常使用,产品原因（包括说明书等）,在使用过程中注射器固定夹手柄断裂分析应该是时间太久部件老化造成,无,[CLS]无[SEP]在使用过程中注射器固定夹手柄断裂[SEP]在使用过程中注射器固定夹手柄断裂分析应该是时间太久部件老化造成更换新的固定夹手柄后机器恢复正常使用[SEP],在使用过程中注射器固定夹手柄断裂,在使用过程中注射器固定夹手柄断裂分析应该是时间太久部件老化造成更换新的固定夹手柄后机器恢复正常使用,由于该设备已使用6年处于超预期使用状态长期临床捏合捏柄导致捏柄老化开裂
139630102202200101,其他,[CLS]延误治疗时间[SEP]输液拉杆损坏不能正常推液[SEP]临床科室将注射泵送至计量室进行检定时工程师发现注射泵拉杆损坏不能对设备进行检定其流速是否精准等[SEP],延误治疗时间,输液拉杆损坏不能正常推液,临床科室将注射泵送至计量室进行检定时工程师发现注射泵拉杆损坏不能对设备进行检定其流速是否精准等,"产品原因（包括说明书等）,操作原因",null,延误治疗时间,[CLS]延误治疗时间[SEP]输液拉杆损坏不能正常推液[SEP]临床科室将注射泵送至计量室进行检定时工程师发现注射泵拉杆损坏不能对设备进行检定其流速是否精准等[SEP],输液拉杆损坏不能正常推液,临床科室将注射泵送至计量室进行检定时工程师发现注射泵拉杆损坏不能对设备进行检定其流速是否精准等,由于设备已使用11年处于超预期使用状态长期临床使用频繁捏合捏柄导致捏柄老化开裂
127420400202200418,其他,[CLS]治疗中断[SEP]使用中不能识别注射器规格[SEP]正常使用报错中断[SEP],治疗中断,使用中不能识别注射器规格,正常使用报错中断,产品原因（包括说明书等）,使用中无法识别注射器规格注射器压杆故障,治疗中断,[CLS]治疗中断[SEP]使用中不能识别注射器规格[SEP]正常使用报错中断[SEP],使用中不能识别注射器规格,正常使用报错中断,1经拆机检查发现内部传递检测信号的FPC线发生破损导致信号传递异常引发报警2由于该设备已使用9年处于超预期使用状态长期临床转运对设备震动跌宕导致FPC线与设备内结构摩擦破损
116211206202200058,其他,[CLS]影响药物泵入[SEP]故障报警[SEP]7月29日遵医嘱给予胰岛素泵入2ml1h半小时机器报警屏幕显示1mlh更换注射泵后正常[SEP],影响药物泵入,故障报警,7月29日遵医嘱给予胰岛素泵入2ml1h半小时机器报警屏幕显示1mlh更换注射泵后正常,无法确定,机械故障,影响药物泵入,[CLS]影响药物泵入[SEP]故障报警[SEP]7月29日遵医嘱给予胰岛素泵入2ml1h半小时机器报警屏幕显示1mlh更换注射泵后正常[SEP],故障报警,7月29日遵医嘱给予胰岛素泵入2ml1h半小时机器报警屏幕显示1mlh更换注射泵后正常,1售后工程师模拟医院临床操作十次未出现医院描述情况2初步分析可能是由于操作人员在设置预置量时未清除累积量导致实际注射液量未达到预期值设备显示累积量与预置量一致正常报警输液完成后以1mlh流速注射防止血液回流
125371101202200217,其他,[CLS]无[SEP]病人使用注射泵时有一路无法工作[SEP]2022年8月17日患者刘文广在我院使用注射泵过程中其中一路无法输液护士更换输液泵报设备科维修未对患者造成伤害[SEP],无,病人使用注射泵时有一路无法工作,2022年8月17日患者刘文广在我院使用注射泵过程中其中一路无法输液护士更换输液泵报设备科维修未对患者造成伤害,产品原因（包括说明书等）,电机故障,无,[CLS]无[SEP]病人使用注射泵时有一路无法工作[SEP]2022年8月17日患者刘文广在我院使用注射泵过程中其中一路无法输液护士更换输液泵报设备科维修未对患者造成伤害[SEP],病人使用注射泵时有一路无法工作,2022年8月17日患者刘文广在我院使用注射泵过程中其中一路无法输液护士更换输液泵报设备科维修未对患者造成伤害,1经拆机检查发现是主控板电机驱动板连接线插头松动实际电机未发生故障2由于该设备已使用10年处于超预期使用状态在临床转运环节震动跌宕导致设备内部线路晃动松动
125371803202200341,其他,[CLS]null[SEP]设备报错无法使用[SEP]2022822在血液科病房护士正常使用注射器时发现设备报错无法使用经工程师检测注射泵尾夹固定螺丝断裂致使尾夹传感器移位无法检测注射器注射泵尾夹脱落设备报错更换尾夹固定螺丝后故障修复[SEP],null,设备报错无法使用,2022822在血液科病房护士正常使用注射器时发现设备报错无法使用经工程师检测注射泵尾夹固定螺丝断裂致使尾夹传感器移位无法检测注射器注射泵尾夹脱落设备报错更换尾夹固定螺丝后故障修复,产品原因（包括说明书等）,注射泵尾夹固定螺丝断裂致使尾夹传感器移位无法检测注射器注射泵尾夹脱落,null,[CLS]null[SEP]设备报错无法使用[SEP]2022822在血液科病房护士正常使用注射器时发现设备报错无法使用经工程师检测注射泵尾夹固定螺丝断裂致使尾夹传感器移位无法检测注射器注射泵尾夹脱落设备报错更换尾夹固定螺丝后故障修复[SEP],设备报错无法使用,2022822在血液科病房护士正常使用注射器时发现设备报错无法使用经工程师检测注射泵尾夹固定螺丝断裂致使尾夹传感器移位无法检测注射器注射泵尾夹脱落设备报错更换尾夹固定螺丝后故障修复,经检查此设备推拉盒由硬塑料注塑而成长期使用可能出现疲劳损坏开裂固定螺丝松动导致无法固定识别注射器尾部设备报注射器未顶紧
122340103202201941,其他,[CLS]null[SEP]注射泵无法开机[SEP]使用过程中注射泵无法开机影响使用[SEP],null,注射泵无法开机,使用过程中注射泵无法开机影响使用,无法确定,null,null,[CLS]null[SEP]注射泵无法开机[SEP]使用过程中注射泵无法开机影响使用[SEP],注射泵无法开机,使用过程中注射泵无法开机影响使用,售后工程师拆机检查设备主控板与开机键缝隙内有大量药液干粉附着开机键接触不良按压不灵敏导致按开机键设备无反应无法正常开机
125371502202200269,其他,[CLS]延误患者及时治疗[SEP]固定夹座滑丝[SEP]2022年8月13日16时神经内三科医护人员在使用双道微量注射泵时发现固定夹座滑丝拧不下来立即停止使用设备并保修设备科[SEP],延误患者及时治疗,固定夹座滑丝,2022年8月13日16时神经内三科医护人员在使用双道微量注射泵时发现固定夹座滑丝拧不下来立即停止使用设备并保修设备科,产品原因（包括说明书等）,怀疑产品材质不好不耐用容易滑丝,延误患者及时治疗,[CLS]延误患者及时治疗[SEP]固定夹座滑丝[SEP]2022年8月13日16时神经内三科医护人员在使用双道微量注射泵时发现固定夹座滑丝拧不下来立即停止使用设备并保修设备科[SEP],固定夹座滑丝,2022年8月13日16时神经内三科医护人员在使用双道微量注射泵时发现固定夹座滑丝拧不下来立即停止使用设备并保修设备科,分析可能由以下两个原因造成1医院在使用过程中扭动螺丝不小心拧偏导致滑丝2长期拧动螺丝螺丝柱材质磨损导致滑丝
126411500202200455,其他,[CLS]null[SEP]机器信号不能传输[SEP]设备到院后设备科和科室开箱验收交呼吸重症室使用[SEP],null,机器信号不能传输,设备到院后设备科和科室开箱验收交呼吸重症室使用,无法确定,经检查连接主机的信号控制板故障,null,[CLS]null[SEP]机器信号不能传输[SEP]设备到院后设备科和科室开箱验收交呼吸重症室使用[SEP],机器信号不能传输,设备到院后设备科和科室开箱验收交呼吸重症室使用,1拆机检查发现主从道间通信线插头从插座上脱落2该设备已使用6年处于超预期使用状态长期临床转运搬动设备设备振动跌宕导致内部主从道间通信线插头松动脱落
125370112202200386,其他,[CLS]无[SEP]电源键不能正常使用微量泵不能开机[SEP]患者因1CRP术后2急性左心衰竭急性呼吸衰竭3冠状动脉粥样硬化心脏病急性心肌梗死陈旧性心肌梗死心律失常心源性休克于202209281100转入重症医学科于09301000应用注射泵泵入醒脑静促醒按开机键无反应考虑开机键故障[SEP],无,电源键不能正常使用微量泵不能开机,患者因1CRP术后2急性左心衰竭急性呼吸衰竭3冠状动脉粥样硬化心脏病急性心肌梗死陈旧性心肌梗死心律失常心源性休克于202209281100转入重症医学科于09301000应用注射泵泵入醒脑静促醒按开机键无反应考虑开机键故障,"产品原因（包括说明书等）,操作原因",按注射泵开机键无反应导致无法正常开机使用可能为长时间应用开机键接触不良,无,[CLS]无[SEP]电源键不能正常使用微量泵不能开机[SEP]患者因1CRP术后2急性左心衰竭急性呼吸衰竭3冠状动脉粥样硬化心脏病急性心肌梗死陈旧性心肌梗死心律失常心源性休克于202209281100转入重症医学科于09301000应用注射泵泵入醒脑静促醒按开机键无反应考虑开机键故障[SEP],电源键不能正常使用微量泵不能开机,患者因1CRP术后2急性左心衰竭急性呼吸衰竭3冠状动脉粥样硬化心脏病急性心肌梗死陈旧性心肌梗死心律失常心源性休克于202209281100转入重症医学科于09301000应用注射泵泵入醒脑静促醒按开机键无反应考虑开机键故障,由于该设备已使用9年处于超预期使用状态长期临床使用导致开机键老化无法正常使用
127420900202200116,严重伤害,[CLS]其他[SEP]注射泵输注速度比实际设置速度慢[SEP]2022年10月29日患者使用注射泵注时12小时注射量应为384ml实际仅输入12ml[SEP],其他,注射泵输注速度比实际设置速度慢,2022年10月29日患者使用注射泵注时12小时注射量应为384ml实际仅输入12ml,无法确定,注射泵经常出现此问题原因不确定计量不准确,其他,[CLS]其他[SEP]注射泵输注速度比实际设置速度慢[SEP]2022年10月29日患者使用注射泵注时12小时注射量应为384ml实际仅输入12ml[SEP],注射泵输注速度比实际设置速度慢,2022年10月29日患者使用注射泵注时12小时注射量应为384ml实际仅输入12ml,院方上报的是严重伤害根据严重伤害的定义我公司认为应为其他由于该设备已使用7年处于超预期使用状态设备频繁使用磨损老化校准后储存的注射器参数无法保证一定期限内与实际上泵注射器参数一致所以出现偶发流速不在控制范围内现象
116210700202200549,其他,[CLS]发现该设备无法正常工作[SEP]电池老化不能充电[SEP]事件陈述护士为患者用药使用注射泵时发现该设备无法正常工作[SEP],发现该设备无法正常工作,电池老化不能充电,事件陈述护士为患者用药使用注射泵时发现该设备无法正常工作,无法确定,电池老化不能充电,发现该设备无法正常工作,[CLS]发现该设备无法正常工作[SEP]电池老化不能充电[SEP]事件陈述护士为患者用药使用注射泵时发现该设备无法正常工作[SEP],电池老化不能充电,事件陈述护士为患者用药使用注射泵时发现该设备无法正常工作,注射泵配备的电池为可充电锂电池该电池属于消耗品随着使用年限的增加电池性能会衰减建议使用三年更换电池由于该设备已使用4年临床频繁使用对电池进行充放电导致电池老化无正常蓄电能力
125370712202200686,其他,[CLS]影响临床对患者的药物使用量的判断[SEP]注射泵显示屏不显示[SEP]我院于2021年购入的威高注射泵使用时间较短注射泵的下通道出现显示屏不显示故障耽误临床使用影响临床对患者用药量的判断[SEP],影响临床对患者的药物使用量的判断,注射泵显示屏不显示,我院于2021年购入的威高注射泵使用时间较短注射泵的下通道出现显示屏不显示故障耽误临床使用影响临床对患者用药量的判断,产品原因（包括说明书等）,产品质量问题,影响临床对患者的药物使用量的判断,[CLS]影响临床对患者的药物使用量的判断[SEP]注射泵显示屏不显示[SEP]我院于2021年购入的威高注射泵使用时间较短注射泵的下通道出现显示屏不显示故障耽误临床使用影响临床对患者用药量的判断[SEP],注射泵显示屏不显示,我院于2021年购入的威高注射泵使用时间较短注射泵的下通道出现显示屏不显示故障耽误临床使用影响临床对患者用药量的判断,拆机检查发现从道内部显示屏插头脱落初步分析可能是由于医院在临床转运搬动过程中设备振动跌宕导致内部显示屏插头松动脱落导致无法正常显示屏幕信息
125371803202200376,其他,[CLS]null[SEP]注射完毕没有提示音[SEP]202298在肾脏内科病房护士正常使用注射泵时在设定以速度模式注射后注射泵正常工作但没有注射完毕提示音未造成不良影响工程师检测后考虑为喇叭损坏损坏机器返厂维修更换注射泵使用[SEP],null,注射完毕没有提示音,202298在肾脏内科病房护士正常使用注射泵时在设定以速度模式注射后注射泵正常工作但没有注射完毕提示音未造成不良影响工程师检测后考虑为喇叭损坏损坏机器返厂维修更换注射泵使用,产品原因（包括说明书等）,考虑为喇叭损坏,null,[CLS]null[SEP]注射完毕没有提示音[SEP]202298在肾脏内科病房护士正常使用注射泵时在设定以速度模式注射后注射泵正常工作但没有注射完毕提示音未造成不良影响工程师检测后考虑为喇叭损坏损坏机器返厂维修更换注射泵使用[SEP],注射完毕没有提示音,202298在肾脏内科病房护士正常使用注射泵时在设定以速度模式注射后注射泵正常工作但没有注射完毕提示音未造成不良影响工程师检测后考虑为喇叭损坏损坏机器返厂维修更换注射泵使用,1拆机检查发现喇叭本身不发声判断是喇叭不良2可能是喇叭质量差异导致调查同批次产品没有出现类似故障属于偶发现象
116210203202200152,其他,[CLS]影响患者输液[SEP]一直鸣响屏幕显示礼盒未关闭[SEP]20221114日在用注射泵给患者输液时发现该设备一直鸣响屏幕显示离合未关闭遂更换设备故障设备送修[SEP],影响患者输液,一直鸣响屏幕显示礼盒未关闭,20221114日在用注射泵给患者输液时发现该设备一直鸣响屏幕显示离合未关闭遂更换设备故障设备送修,产品原因（包括说明书等）,设备故障导致,影响患者输液,[CLS]影响患者输液[SEP]一直鸣响屏幕显示礼盒未关闭[SEP]20221114日在用注射泵给患者输液时发现该设备一直鸣响屏幕显示离合未关闭遂更换设备故障设备送修[SEP],一直鸣响屏幕显示礼盒未关闭,20221114日在用注射泵给患者输液时发现该设备一直鸣响屏幕显示离合未关闭遂更换设备故障设备送修,售后工程师拆机检查发现内部FPC线磨损分析可能是由于生产过程中内部FPC线未固定结实晃动临床转运搬动过程中设备振动跌宕FPC线与周围电路板摩擦导致磨损
140654500202200589,其他,[CLS]null[SEP]注射器固定夹被撞断[SEP]正常使用[SEP],null,注射器固定夹被撞断,正常使用,产品原因（包括说明书等）,威高的注射泵偏重护士提拿不方便注射器固定夹的部分结构与前壳一体铸造且位置突出容易被碰撞撞断了就需要更换整个前壳换前壳也很麻烦原厂工程师更换前壳至少两个小时,null,[CLS]null[SEP]注射器固定夹被撞断[SEP]正常使用[SEP],注射器固定夹被撞断,正常使用,1由于该设备已使用10年处于超预期使用状态长期临床使用搬动磕碰导致压柄导向柱开裂2压柄导向柱为固定注射器器身件注射器需固定在设备外表面所以压柄导向柱会较设备本体突出3由于主要电路板及推拉盒均与前壳连接所以售后工程师更换前壳需对推拉盒等零部件进行重新安装用时较长
120320310202200265,其他,[CLS]null[SEP]前面板破损报异常[SEP]前面板破损报异常[SEP],null,前面板破损报异常,前面板破损报异常,操作原因,前面板破损报异常,null,[CLS]null[SEP]前面板破损报异常[SEP]前面板破损报异常[SEP],前面板破损报异常,前面板破损报异常,由于该设备已使用11年处于超预期使用状态长期临床使用压柄老化开裂无法正常固定注射器导致注射器脱落设备包注射器脱落报警提示
140654500202200590,其他,[CLS]null[SEP]注射器固定夹被撞断[SEP]正常使用[SEP],null,注射器固定夹被撞断,正常使用,产品原因（包括说明书等）,威高的注射泵偏重护士提拿不方便注射器固定夹的部分结构与前壳一体铸造且位置突出容易被碰撞撞断了就需要更换整个前壳换前壳也很麻烦原厂工程师更换前壳至少两个小时,null,[CLS]null[SEP]注射器固定夹被撞断[SEP]正常使用[SEP],注射器固定夹被撞断,正常使用,1由于该设备已使用10年处于超预期使用状态长期临床使用搬动磕碰导致压柄导向柱开裂2压柄导向柱为固定注射器器身件注射器需固定在设备外表面所以压柄导向柱会较设备本体突出3由于主要电路板及推拉盒均与前壳连接所以售后工程师更换前壳需对推拉盒等零部件进行重新安装用时较长
138620409202200321,其他,[CLS]null[SEP]泵夹子故障[SEP]操作人员开机后在固定注射器时发现固定夹故障[SEP],null,泵夹子故障,操作人员开机后在固定注射器时发现固定夹故障,"产品原因（包括说明书等）,无法确定",null,null,[CLS]null[SEP]泵夹子故障[SEP]操作人员开机后在固定注射器时发现固定夹故障[SEP],泵夹子故障,操作人员开机后在固定注射器时发现固定夹故障,由于该设备已使用6年处于超预期使用状态长期临床使用频繁捏合捏柄导致捏柄老化开裂无法正常固定注射器
116210700202200566,其他,[CLS]注射泵无法正常工作[SEP]null[SEP]注射泵无法正常工作[SEP],注射泵无法正常工作,null,注射泵无法正常工作,无法确定,null,注射泵无法正常工作,[CLS]注射泵无法正常工作[SEP]null[SEP]注射泵无法正常工作[SEP],null,注射泵无法正常工作,由于该设备已使用5年处于超预期使用状态长期临床转运搬动设备振动跌宕内部电源板插头松动接触不良导致偶发无法为设备供电现象
129442560202200683,其他,[CLS]冲断治疗耽误患者治疗时间[SEP]夹子断裂不能固定注射器[SEP]护士使用该注射泵给患者治疗时发现注射管有移动现象维修工程师检查发现夹子断裂不能正常固定注射管[SEP],冲断治疗耽误患者治疗时间,夹子断裂不能固定注射器,护士使用该注射泵给患者治疗时发现注射管有移动现象维修工程师检查发现夹子断裂不能正常固定注射管,产品原因（包括说明书等）,夹子故障,冲断治疗耽误患者治疗时间,[CLS]冲断治疗耽误患者治疗时间[SEP]夹子断裂不能固定注射器[SEP]护士使用该注射泵给患者治疗时发现注射管有移动现象维修工程师检查发现夹子断裂不能正常固定注射管[SEP],夹子断裂不能固定注射器,护士使用该注射泵给患者治疗时发现注射管有移动现象维修工程师检查发现夹子断裂不能正常固定注射管,经过分析和实验我们发现使用ABS硬塑料内嵌金属预埋件材质制作的捏柄在经过数万次捏合后可能会出现开裂现象在ABS中增加适量玻纤再按相同工艺制作捏柄做对比实验没有出现开裂现象推测ABS硬塑料内嵌金属预埋件材质强度不够造成捏柄开裂
122340103202204790,其他,[CLS]null[SEP]设备一通道一直显示离合未闭[SEP]设备一通道一直显示离合未闭[SEP],null,设备一通道一直显示离合未闭,设备一通道一直显示离合未闭,无法确定,null,null,[CLS]null[SEP]设备一通道一直显示离合未闭[SEP]设备一通道一直显示离合未闭[SEP],设备一通道一直显示离合未闭,设备一通道一直显示离合未闭,1售后工程师拆机检查发现内部FPC线脱落2初步分析可能是由于临床转运搬动设备振动跌宕导致内部FPC线振动脱落引发报警提示
115151103202200187,其他,[CLS]null[SEP]注射泵没有压力不能正常泵入药物还有药物回吸[SEP]20221027使用时发现注射泵没有压力不能正常泵入药物还有药物回吸及时报设备科维修[SEP],null,注射泵没有压力不能正常泵入药物还有药物回吸,20221027使用时发现注射泵没有压力不能正常泵入药物还有药物回吸及时报设备科维修,产品原因（包括说明书等）,设备故障,null,[CLS]null[SEP]注射泵没有压力不能正常泵入药物还有药物回吸[SEP]20221027使用时发现注射泵没有压力不能正常泵入药物还有药物回吸及时报设备科维修[SEP],注射泵没有压力不能正常泵入药物还有药物回吸,20221027使用时发现注射泵没有压力不能正常泵入药物还有药物回吸及时报设备科维修,售后工程师拆机检查发现设备内部FPC线插头脱落分析可能是由于临床长期转运搬动设备振动跌宕内部FPC线振动插头松动设备在运行过程中插头脱落导致报警提示
138620409202200328,其他,[CLS]无[SEP]D1207_机械故障[SEP]在使用过程中操作人员发现泵夹子固定不住处于滑丝状态未能收集到有效期[SEP],无,D1207_机械故障,在使用过程中操作人员发现泵夹子固定不住处于滑丝状态未能收集到有效期,无法确定,因经常使用致使螺纹磨损导致泵夹子滑丝,无,[CLS]无[SEP]D1207_机械故障[SEP]在使用过程中操作人员发现泵夹子固定不住处于滑丝状态未能收集到有效期[SEP],D1207_机械故障,在使用过程中操作人员发现泵夹子固定不住处于滑丝状态未能收集到有效期,分析可能是由于临床长期使用频繁用力扭动紧固夹螺丝导致螺丝滑丝无法正常固定设备
140654500202201350,其他,[CLS]null[SEP]该机针筒推进器固定夹易损坏缺失导致针筒活塞柄无法固定[SEP]按照说明书正常设置使用[SEP],null,该机针筒推进器固定夹易损坏缺失导致针筒活塞柄无法固定,按照说明书正常设置使用,产品原因（包括说明书等）,经检查该机针筒活塞柄固定夹经长期反复使用会导致塑料部件破裂,null,[CLS]null[SEP]该机针筒推进器固定夹易损坏缺失导致针筒活塞柄无法固定[SEP]按照说明书正常设置使用[SEP],该机针筒推进器固定夹易损坏缺失导致针筒活塞柄无法固定,按照说明书正常设置使用,由于该设备已使用9年处于超预期使用状态长期临床使用捏合捏柄捏柄老化开裂
140654500202200591,其他,[CLS]null[SEP]固定夹断裂[SEP]正常使用[SEP],null,固定夹断裂,正常使用,产品原因（包括说明书等）,威高的注射泵偏重护士提拿不方便注射器固定夹的部分结构与前壳一体铸造且位置突出容易被碰撞撞断了就需要更换整个前壳换前壳也很麻烦原厂工程师更换前壳至少两个小时,null,[CLS]null[SEP]固定夹断裂[SEP]正常使用[SEP],固定夹断裂,正常使用,1由于该设备已使用10年处于超预期使用状态长期临床使用搬动磕碰导致压柄导向柱开裂2压柄导向柱为固定注射器器身件注射器需固定在设备外表面所以压柄导向柱会较设备本体突出3由于主要电路板及推拉盒均与前壳连接所以售后工程师更换前壳需对推拉盒等零部件进行重新安装用时较长
129440531202200250,其他,[CLS]null[SEP]D0101_故障提示D010501_准备启动失效D0507_设备无输出[SEP]2022年11月16号开机准备中发现显示屏无法亮起立即停止使用未造成不良影响上报设备科注名牌未备注使用年限及日期[SEP],null,D0101_故障提示D010501_准备启动失效D0507_设备无输出,2022年11月16号开机准备中发现显示屏无法亮起立即停止使用未造成不良影响上报设备科注名牌未备注使用年限及日期,产品原因（包括说明书等）,初步分析显示器故障,null,[CLS]null[SEP]D0101_故障提示D010501_准备启动失效D0507_设备无输出[SEP]2022年11月16号开机准备中发现显示屏无法亮起立即停止使用未造成不良影响上报设备科注名牌未备注使用年限及日期[SEP],D0101_故障提示D010501_准备启动失效D0507_设备无输出,2022年11月16号开机准备中发现显示屏无法亮起立即停止使用未造成不良影响上报设备科注名牌未备注使用年限及日期,由于该设备已使用11年处于超预期使用状态长期临床使用显示屏内部线路老化失灵无法正常显示屏幕信息
125370406202200290,其他,[CLS]无[SEP]null[SEP]2022年8月31日在对注射泵进行维护时检测发现机器推杆损坏不能正常使用立即停止使用检测维修启用备用机器未造成不良影响[SEP],无,null,2022年8月31日在对注射泵进行维护时检测发现机器推杆损坏不能正常使用立即停止使用检测维修启用备用机器未造成不良影响,无法确定,设备故障,无,[CLS]无[SEP]null[SEP]2022年8月31日在对注射泵进行维护时检测发现机器推杆损坏不能正常使用立即停止使用检测维修启用备用机器未造成不良影响[SEP],null,2022年8月31日在对注射泵进行维护时检测发现机器推杆损坏不能正常使用立即停止使用检测维修启用备用机器未造成不良影响,由于该设备已使用9年处于超预期使用状态长期临床使用丝杆套筒老化开裂无法正常使用
122340103202203457,其他,[CLS]无[SEP]输液泵无法正常使用[SEP]在给病人使用时发现无法开关泵门[SEP],无,输液泵无法正常使用,在给病人使用时发现无法开关泵门,无法确定,null,无,[CLS]无[SEP]输液泵无法正常使用[SEP]在给病人使用时发现无法开关泵门[SEP],输液泵无法正常使用,在给病人使用时发现无法开关泵门,经售后工程师检查设备门连杆处有大量药液干粉附着未及时清理无法正常开合导致设备门无法正常开关门
119310400202200263,其他,[CLS]null[SEP]使用时显示系统故障6[SEP]使用时显示系统故障6[SEP],null,使用时显示系统故障6,使用时显示系统故障6,产品原因（包括说明书等）,null,null,[CLS]null[SEP]使用时显示系统故障6[SEP]使用时显示系统故障6[SEP],使用时显示系统故障6,使用时显示系统故障6,1经售后工程师拆机检查发现内部压力传感器插头松动导致设备提示系统故障62初步分析可能是由于设备使用过程中频繁转运搬动导致设备震动跌宕导致压力传感器插头震动过程中脱落
116210200202200246,其他,[CLS]无[SEP]D010301_操作失效[SEP]2022年9月27日开机后自检正常安上注射器后设定好参数开始运行不工作报警显示离合器未关闭发现上述情况后操作人员停止使用该设备更换其他设备并立即上报医学装备部维修[SEP],无,D010301_操作失效,2022年9月27日开机后自检正常安上注射器后设定好参数开始运行不工作报警显示离合器未关闭发现上述情况后操作人员停止使用该设备更换其他设备并立即上报医学装备部维修,产品原因（包括说明书等）,机器故障,无,[CLS]无[SEP]D010301_操作失效[SEP]2022年9月27日开机后自检正常安上注射器后设定好参数开始运行不工作报警显示离合器未关闭发现上述情况后操作人员停止使用该设备更换其他设备并立即上报医学装备部维修[SEP],D010301_操作失效,2022年9月27日开机后自检正常安上注射器后设定好参数开始运行不工作报警显示离合器未关闭发现上述情况后操作人员停止使用该设备更换其他设备并立即上报医学装备部维修,1经拆机检查发现是负责传递离合检测信号的FPC线松动造成检测信号中断发生报警2FPC线松动的原因初步分析可能是由于设备频繁转运搬动内部线路震动跌宕导致FPC线松动
127420400202200523,其他,[CLS]null[SEP]注射泵报警电池电量低无法使用[SEP]注射泵报警电池电量低无法使用[SEP],null,注射泵报警电池电量低无法使用,注射泵报警电池电量低无法使用,产品原因（包括说明书等）,拆开机器检查后发现电源板引脚脱焊导致电源板无输出机器用的是蓄电池待电池电量用完后机器报警电量过低,null,[CLS]null[SEP]注射泵报警电池电量低无法使用[SEP]注射泵报警电池电量低无法使用[SEP],注射泵报警电池电量低无法使用,注射泵报警电池电量低无法使用,由于该设备已使用9年处于超预期使用长期临床使用导致电源板引脚脱焊无法正常对设备进行供电
116211206202200076,其他,[CLS]速度有影响[SEP]注射泵速度无法调节[SEP]患者2型糖尿病酮症酸中毒遵医嘱给予胰岛素静脉泵入注射泵调节为2毫升每小时启动后30分钟机器报警屏幕显示1毫升每小时重启后仍出现上述情况更换注射泵后正常[SEP],速度有影响,注射泵速度无法调节,患者2型糖尿病酮症酸中毒遵医嘱给予胰岛素静脉泵入注射泵调节为2毫升每小时启动后30分钟机器报警屏幕显示1毫升每小时重启后仍出现上述情况更换注射泵后正常,无法确定,机器故障,速度有影响,[CLS]速度有影响[SEP]注射泵速度无法调节[SEP]患者2型糖尿病酮症酸中毒遵医嘱给予胰岛素静脉泵入注射泵调节为2毫升每小时启动后30分钟机器报警屏幕显示1毫升每小时重启后仍出现上述情况更换注射泵后正常[SEP],注射泵速度无法调节,患者2型糖尿病酮症酸中毒遵医嘱给予胰岛素静脉泵入注射泵调节为2毫升每小时启动后30分钟机器报警屏幕显示1毫升每小时重启后仍出现上述情况更换注射泵后正常,1由于使用前未进行累积量清除当累积量与预置量一致时设备报警输液完成设备以1mlh的KVO模式运行为正常现象2KVO模式为设备保证输液完成后静脉通常启用的保护模式
140654500202201396,其他,[CLS]null[SEP]注射器推头夹具断裂[SEP]给病人就行推注[SEP],null,注射器推头夹具断裂,给病人就行推注,产品原因（包括说明书等）,注射器夹具塑料材质断裂,null,[CLS]null[SEP]注射器推头夹具断裂[SEP]给病人就行推注[SEP],注射器推头夹具断裂,给病人就行推注,由于该设备已使用6年处于超预期使用状态长期临床使用频繁捏合捏柄导致捏柄材质老化开裂
120320310202200124,其他,[CLS]null[SEP]上联无法正常打药[SEP]上联无法正常打药[SEP],null,上联无法正常打药,上联无法正常打药,产品原因（包括说明书等）,null,null,[CLS]null[SEP]上联无法正常打药[SEP]上联无法正常打药[SEP],上联无法正常打药,上联无法正常打药,由于该设备已使用9年处于超预期使用状态长期临床使用频繁捏合捏柄导致捏柄材质老化开裂
120320310202200143,其他,[CLS]null[SEP]长拉杆断裂[SEP]长拉杆断裂[SEP],null,长拉杆断裂,长拉杆断裂,产品原因（包括说明书等）,长拉杆断裂,null,[CLS]null[SEP]长拉杆断裂[SEP]长拉杆断裂[SEP],长拉杆断裂,长拉杆断裂,由于该设备已使用9年处于超预期使用状态临床使用过程中药液洒落在丝杆套筒外壁未及时清理长期附着导致丝杆套筒材料腐蚀老化开裂
116210200202200358,其他,[CLS]无[SEP]D1305_异常声响[SEP]2022年9月29日护士按说明书使用注射泵使用过程中机器报警异响报警设备不工作停用更换其他设备报工程师维修经查为内置电池损坏且原厂无配件供应设备报废[SEP],无,D1305_异常声响,2022年9月29日护士按说明书使用注射泵使用过程中机器报警异响报警设备不工作停用更换其他设备报工程师维修经查为内置电池损坏且原厂无配件供应设备报废,产品原因（包括说明书等）,内置电池损坏,无,[CLS]无[SEP]D1305_异常声响[SEP]2022年9月29日护士按说明书使用注射泵使用过程中机器报警异响报警设备不工作停用更换其他设备报工程师维修经查为内置电池损坏且原厂无配件供应设备报废[SEP],D1305_异常声响,2022年9月29日护士按说明书使用注射泵使用过程中机器报警异响报警设备不工作停用更换其他设备报工程师维修经查为内置电池损坏且原厂无配件供应设备报废,由于该设备已使用9年处于超预期使用状态长期临床使用设备内电池老化无法正常储存电量所以在电池供电模式下报警电池电量耗尽
113130658202201211,严重伤害,[CLS]病人出现不适症状[SEP]速率过快[SEP]患者24床于海珠女39岁于100给予5葡萄糖500ml硫酸镁10g使用输液泵以70ml小时的速度给予静脉输注开始属室护士调试好速度后并观察23分钟输液泵输注速度正常在2010患者主诉心慌发憋护士发现墨菲式滴管速度较快立即给予调节输液泵速度降至60ml小时发现墨菲式滴管内液体直线速度立即给予停止更换输液泵密切观察患者额病情变化患者症状逐渐好转[SEP],病人出现不适症状,速率过快,患者24床于海珠女39岁于100给予5葡萄糖500ml硫酸镁10g使用输液泵以70ml小时的速度给予静脉输注开始属室护士调试好速度后并观察23分钟输液泵输注速度正常在2010患者主诉心慌发憋护士发现墨菲式滴管速度较快立即给予调节输液泵速度降至60ml小时发现墨菲式滴管内液体直线速度立即给予停止更换输液泵密切观察患者额病情变化患者症状逐渐好转,产品原因（包括说明书等）,质量问题,病人出现不适症状,[CLS]病人出现不适症状[SEP]速率过快[SEP]患者24床于海珠女39岁于100给予5葡萄糖500ml硫酸镁10g使用输液泵以70ml小时的速度给予静脉输注开始属室护士调试好速度后并观察23分钟输液泵输注速度正常在2010患者主诉心慌发憋护士发现墨菲式滴管速度较快立即给予调节输液泵速度降至60ml小时发现墨菲式滴管内液体直线速度立即给予停止更换输液泵密切观察患者额病情变化患者症状逐渐好转[SEP],速率过快,患者24床于海珠女39岁于100给予5葡萄糖500ml硫酸镁10g使用输液泵以70ml小时的速度给予静脉输注开始属室护士调试好速度后并观察23分钟输液泵输注速度正常在2010患者主诉心慌发憋护士发现墨菲式滴管速度较快立即给予调节输液泵速度降至60ml小时发现墨菲式滴管内液体直线速度立即给予停止更换输液泵密切观察患者额病情变化患者症状逐渐好转,院方上报的是严重伤害根据严重伤害的定义我公司认为应为其他初步分析流速不准的原因是操作人员在夹管时未完全将输液器管径夹入止液夹内液体正常流速一段时间后输液器管弹出止液夹液体不受止液夹控制由于重力自由下落导致实际流速大于设定流速
113130143202200531,其他,[CLS]给病人注射药物时无法使用延长患者等待时间[SEP]注射泵拉杆不能移动[SEP]当天1521分因需给病人完成取除下腔静脉滤器手术过程中需要注射药物辅助病人稳定情绪准备工作完成使用注射泵注射药物时发现拉杆无法移动重启设备故障也无法解决紧急更换其他备用设备完成治疗并上报设备处维修[SEP],给病人注射药物时无法使用延长患者等待时间,注射泵拉杆不能移动,当天1521分因需给病人完成取除下腔静脉滤器手术过程中需要注射药物辅助病人稳定情绪准备工作完成使用注射泵注射药物时发现拉杆无法移动重启设备故障也无法解决紧急更换其他备用设备完成治疗并上报设备处维修,产品原因（包括说明书等）,拉杆器械故障,给病人注射药物时无法使用延长患者等待时间,[CLS]给病人注射药物时无法使用延长患者等待时间[SEP]注射泵拉杆不能移动[SEP]当天1521分因需给病人完成取除下腔静脉滤器手术过程中需要注射药物辅助病人稳定情绪准备工作完成使用注射泵注射药物时发现拉杆无法移动重启设备故障也无法解决紧急更换其他备用设备完成治疗并上报设备处维修[SEP],注射泵拉杆不能移动,当天1521分因需给病人完成取除下腔静脉滤器手术过程中需要注射药物辅助病人稳定情绪准备工作完成使用注射泵注射药物时发现拉杆无法移动重启设备故障也无法解决紧急更换其他备用设备完成治疗并上报设备处维修,由于该设备已使用6年处于超预期使用状态临床使用时不慎药液洒落附着在丝杆套筒外壁未及时清理导致材质长期腐蚀老化开裂
125371707202200973,其他,[CLS]无[SEP]开机报警无法正常注射[SEP]2022年9月17日接科室报修一台微量注射泵工程师赶到科室发现推进夹损坏无法正常夹住注射器更滑推进夹后可以正常使用[SEP],无,开机报警无法正常注射,2022年9月17日接科室报修一台微量注射泵工程师赶到科室发现推进夹损坏无法正常夹住注射器更滑推进夹后可以正常使用,产品原因（包括说明书等）,推进夹损坏,无,[CLS]无[SEP]开机报警无法正常注射[SEP]2022年9月17日接科室报修一台微量注射泵工程师赶到科室发现推进夹损坏无法正常夹住注射器更滑推进夹后可以正常使用[SEP],开机报警无法正常注射,2022年9月17日接科室报修一台微量注射泵工程师赶到科室发现推进夹损坏无法正常夹住注射器更滑推进夹后可以正常使用,由于该设备已使用超过5年处于超预期使用状态长期临床使用频繁捏合捏柄导致捏柄老化开裂无法正常固定注射器
125370701202200459,其他,[CLS]无[SEP]注射泵显示屏出现系统错误4电压低未接交流电提醒[SEP]患者于20221008到我院急诊科就诊于当天下午1700给予应用微量注射泵控制生长抑素泵速时注射泵显示屏出现系统错误4电压低未接交流电提醒立即停用该设备并予以更换其他注射泵未对患者造成影响已向患者及家属做好解释工作取得患者理解后联系器械科工程师到场查看初步判断故障原因为注射泵系统自身故障线路连接的问题拆开机器将排线重新接插后警告消除现工程师正在进行维修后的测试还未恢复使用[SEP],无,注射泵显示屏出现系统错误4电压低未接交流电提醒,患者于20221008到我院急诊科就诊于当天下午1700给予应用微量注射泵控制生长抑素泵速时注射泵显示屏出现系统错误4电压低未接交流电提醒立即停用该设备并予以更换其他注射泵未对患者造成影响已向患者及家属做好解释工作取得患者理解后联系器械科工程师到场查看初步判断故障原因为注射泵系统自身故障线路连接的问题拆开机器将排线重新接插后警告消除现工程师正在进行维修后的测试还未恢复使用,产品原因（包括说明书等）,初步判断故障原因为注射泵系统自身故障线路连接的问题,无,[CLS]无[SEP]注射泵显示屏出现系统错误4电压低未接交流电提醒[SEP]患者于20221008到我院急诊科就诊于当天下午1700给予应用微量注射泵控制生长抑素泵速时注射泵显示屏出现系统错误4电压低未接交流电提醒立即停用该设备并予以更换其他注射泵未对患者造成影响已向患者及家属做好解释工作取得患者理解后联系器械科工程师到场查看初步判断故障原因为注射泵系统自身故障线路连接的问题拆开机器将排线重新接插后警告消除现工程师正在进行维修后的测试还未恢复使用[SEP],注射泵显示屏出现系统错误4电压低未接交流电提醒,患者于20221008到我院急诊科就诊于当天下午1700给予应用微量注射泵控制生长抑素泵速时注射泵显示屏出现系统错误4电压低未接交流电提醒立即停用该设备并予以更换其他注射泵未对患者造成影响已向患者及家属做好解释工作取得患者理解后联系器械科工程师到场查看初步判断故障原因为注射泵系统自身故障线路连接的问题拆开机器将排线重新接插后警告消除现工程师正在进行维修后的测试还未恢复使用,1未接交流电为电池模式开机下正常提示2由于医院上次电池模式使用后未进行充电电池电量低本次电池模式下开机提示电压低为正常提示3售后工程师拆机检查发现内部主从道连接线插头松动造成连接线松动的原因分析可能是由于长期进行转运搬动设备震动跌宕导致内部线路插头脱落
120320310202200126,其他,[CLS]无[SEP]长杆断裂[SEP]工作人员使用过程中发现长杆无法固定注射器[SEP],无,长杆断裂,工作人员使用过程中发现长杆无法固定注射器,产品原因（包括说明书等）,塑料长杆已经断裂,无,[CLS]无[SEP]长杆断裂[SEP]工作人员使用过程中发现长杆无法固定注射器[SEP],长杆断裂,工作人员使用过程中发现长杆无法固定注射器,由于该设备已使用9年处于超预期使用状态长期使用临床药液洒落丝杆套筒外壁未及时清理长期附着腐蚀丝杆套筒导致丝杆套筒开裂无法正常使用
125370604202200247,其他,[CLS]无[SEP]注射器固定夹损坏[SEP]2022106科室在使用该设备夹注射器时发现夹子根部断裂无法夹住注射器更换设备后保修设备科工程师到场后发现注射器根部断裂更换夹子后恢复正常使用未产生伤害[SEP],无,注射器固定夹损坏,2022106科室在使用该设备夹注射器时发现夹子根部断裂无法夹住注射器更换设备后保修设备科工程师到场后发现注射器根部断裂更换夹子后恢复正常使用未产生伤害,无法确定,夹子根部断裂,无,[CLS]无[SEP]注射器固定夹损坏[SEP]2022106科室在使用该设备夹注射器时发现夹子根部断裂无法夹住注射器更换设备后保修设备科工程师到场后发现注射器根部断裂更换夹子后恢复正常使用未产生伤害[SEP],注射器固定夹损坏,2022106科室在使用该设备夹注射器时发现夹子根部断裂无法夹住注射器更换设备后保修设备科工程师到场后发现注射器根部断裂更换夹子后恢复正常使用未产生伤害,经过疲劳测试我们发现使用ABS硬塑料内嵌金属预埋件材质制作的捏柄在经过数万次捏合后可能会出现开裂现象然后我们在ABS中增加适量玻纤再按相同工艺制作捏柄做对比实验没有出现开裂现象
125370712202200533,其他,[CLS]无[SEP]D1305_异常声响[SEP]当天科室开机使用操作人员发现设备喇叭异响影响使用随联系维修人员[SEP],无,D1305_异常声响,当天科室开机使用操作人员发现设备喇叭异响影响使用随联系维修人员,产品原因（包括说明书等）,电位执行器故障,无,[CLS]无[SEP]D1305_异常声响[SEP]当天科室开机使用操作人员发现设备喇叭异响影响使用随联系维修人员[SEP],D1305_异常声响,当天科室开机使用操作人员发现设备喇叭异响影响使用随联系维修人员,1经拆机检查发现造成报警声音异常的原因是喇叭异常2分析由于该设备已使用6年处于超预期使用状态长期频繁使用造成喇叭老化无法正常发出报警声音
125371703202200247,严重伤害,[CLS]易造成过量给药或过少给药的严重伤害风险[SEP]注射量不准[SEP]精准注射有时数值不准确重新校准后正常[SEP],易造成过量给药或过少给药的严重伤害风险,注射量不准,精准注射有时数值不准确重新校准后正常,产品原因（包括说明书等）,有时数值不准确,易造成过量给药或过少给药的严重伤害风险,[CLS]易造成过量给药或过少给药的严重伤害风险[SEP]注射量不准[SEP]精准注射有时数值不准确重新校准后正常[SEP],注射量不准,精准注射有时数值不准确重新校准后正常,由于医院长期未进行注射器校准导致设备内存储的注射器信息与实际注射器信息不一致造成流速超过误差允许的流速范围经过分析该不良事件不属于严重伤害应为其它
115152708202200022,其他,[CLS]由于及时发现未造成伤害[SEP]系统故障1[SEP]25日下午医护人员在患者进行注射泵输注一段时间后发现注射泵报系统故障一上报医学工程部十分钟后医工赶到现场检查参数设置管路情况均正常后参考说明书发现系偶发性系统故障只需重启注射泵后遵照说明书重启机器开机后系统自检也未发现问题此时可以正常使用之后病人继续使用但在使用一段时间后陆续又出现相同报警后联系厂家工程师依然建议重启解决多次尝试注射泵依然不定时出现相同报警后返厂检测维修[SEP],由于及时发现未造成伤害,系统故障1,25日下午医护人员在患者进行注射泵输注一段时间后发现注射泵报系统故障一上报医学工程部十分钟后医工赶到现场检查参数设置管路情况均正常后参考说明书发现系偶发性系统故障只需重启注射泵后遵照说明书重启机器开机后系统自检也未发现问题此时可以正常使用之后病人继续使用但在使用一段时间后陆续又出现相同报警后联系厂家工程师依然建议重启解决多次尝试注射泵依然不定时出现相同报警后返厂检测维修,产品原因（包括说明书等）,说明书提示系统故障1234为偶发性系统故障重新开机即可,由于及时发现未造成伤害,[CLS]由于及时发现未造成伤害[SEP]系统故障1[SEP]25日下午医护人员在患者进行注射泵输注一段时间后发现注射泵报系统故障一上报医学工程部十分钟后医工赶到现场检查参数设置管路情况均正常后参考说明书发现系偶发性系统故障只需重启注射泵后遵照说明书重启机器开机后系统自检也未发现问题此时可以正常使用之后病人继续使用但在使用一段时间后陆续又出现相同报警后联系厂家工程师依然建议重启解决多次尝试注射泵依然不定时出现相同报警后返厂检测维修[SEP],系统故障1,25日下午医护人员在患者进行注射泵输注一段时间后发现注射泵报系统故障一上报医学工程部十分钟后医工赶到现场检查参数设置管路情况均正常后参考说明书发现系偶发性系统故障只需重启注射泵后遵照说明书重启机器开机后系统自检也未发现问题此时可以正常使用之后病人继续使用但在使用一段时间后陆续又出现相同报警后联系厂家工程师依然建议重启解决多次尝试注射泵依然不定时出现相同报警后返厂检测维修,经售后工程师拆机检查故障原因为电机与电机驱动板连接线电机驱动板端松动接触不良造成偶发报警线束松动的原因分析可能是临床转运过程中设备震动跌宕导致线束松动
125371703202200239,其他,[CLS]无[SEP]设备开机后一直报警消毒液渗入主板内按键出现短路[SEP]设备开机后一直报警消毒液渗入主板内按键出现短路对设备进行拆卸主板清理按键进行重新焊接设备恢复正常使用[SEP],无,设备开机后一直报警消毒液渗入主板内按键出现短路,设备开机后一直报警消毒液渗入主板内按键出现短路对设备进行拆卸主板清理按键进行重新焊接设备恢复正常使用,产品原因（包括说明书等）,设备开机后一直报警消毒液渗入主板内按键出现短路,无,[CLS]无[SEP]设备开机后一直报警消毒液渗入主板内按键出现短路[SEP]设备开机后一直报警消毒液渗入主板内按键出现短路对设备进行拆卸主板清理按键进行重新焊接设备恢复正常使用[SEP],设备开机后一直报警消毒液渗入主板内按键出现短路,设备开机后一直报警消毒液渗入主板内按键出现短路对设备进行拆卸主板清理按键进行重新焊接设备恢复正常使用,由于操作人员将消毒液洒落在设备表面渗入主控板内按键处电路短路按键无法正常使用
125371410202200192,其他,[CLS]无[SEP]不运转[SEP]2022年5月20日内科ICU送修一台注射泵据该科室反映当日该科室进行日常设备维护保养时发现该设备不运转随即送修未对病人造成不良影响[SEP],无,不运转,2022年5月20日内科ICU送修一台注射泵据该科室反映当日该科室进行日常设备维护保养时发现该设备不运转随即送修未对病人造成不良影响,无法确定,前壳拉杆轴断裂,无,[CLS]无[SEP]不运转[SEP]2022年5月20日内科ICU送修一台注射泵据该科室反映当日该科室进行日常设备维护保养时发现该设备不运转随即送修未对病人造成不良影响[SEP],不运转,2022年5月20日内科ICU送修一台注射泵据该科室反映当日该科室进行日常设备维护保养时发现该设备不运转随即送修未对病人造成不良影响,由于该设备已使用11年处于超预期使用状态长期使用以及药液洒落未及时擦拭导致前壳压柄导向柱老化开裂无法正常抽拉压柄
125371703202200260,其他,[CLS]无[SEP]无报警声[SEP]声音听不到报警无声音[SEP],无,无报警声,声音听不到报警无声音,产品原因（包括说明书等）,喇叭坏,无,[CLS]无[SEP]无报警声[SEP]声音听不到报警无声音[SEP],无报警声,声音听不到报警无声音,由于该设备已使用6年处于超预期使用状态长期临床使用喇叭老化无法发生声音
124360412202200783,其他,[CLS]暂无[SEP]前壳推柄断裂[SEP]于20211020日科室在使用注射泵前发现注射泵故障前壳推柄断裂联系工程进行维修工程师更换前壳组件推柄转轴泵体组件后设备运行正常[SEP],暂无,前壳推柄断裂,于20211020日科室在使用注射泵前发现注射泵故障前壳推柄断裂联系工程进行维修工程师更换前壳组件推柄转轴泵体组件后设备运行正常,产品原因（包括说明书等）,设备老旧,暂无,[CLS]暂无[SEP]前壳推柄断裂[SEP]于20211020日科室在使用注射泵前发现注射泵故障前壳推柄断裂联系工程进行维修工程师更换前壳组件推柄转轴泵体组件后设备运行正常[SEP],前壳推柄断裂,于20211020日科室在使用注射泵前发现注射泵故障前壳推柄断裂联系工程进行维修工程师更换前壳组件推柄转轴泵体组件后设备运行正常,由于该设备已使用10年处于超预期使用状态长期临床使用偶发药液洒落在压柄表面导致压柄材质腐蚀老化开裂
125371817202200217,其他,[CLS]null[SEP]系统时间与北京时间不相符[SEP]2022年8月4日上午800神经内四科护士在进行设备维护保养时发现注射泵系统时间与北京时间不相符进行系统时间调节时发现无法调节存储立即停止使用并报设备科维修[SEP],null,系统时间与北京时间不相符,2022年8月4日上午800神经内四科护士在进行设备维护保养时发现注射泵系统时间与北京时间不相符进行系统时间调节时发现无法调节存储立即停止使用并报设备科维修,产品原因（包括说明书等）,系统时间与北京时间不相符,null,[CLS]null[SEP]系统时间与北京时间不相符[SEP]2022年8月4日上午800神经内四科护士在进行设备维护保养时发现注射泵系统时间与北京时间不相符进行系统时间调节时发现无法调节存储立即停止使用并报设备科维修[SEP],系统时间与北京时间不相符,2022年8月4日上午800神经内四科护士在进行设备维护保养时发现注射泵系统时间与北京时间不相符进行系统时间调节时发现无法调节存储立即停止使用并报设备科维修,设备时间由主板上的纽扣电池控制由于纽扣电池电量用完导致设备时间自动恢复成出厂设置时间且无法保存更新
125371703202200229,其他,[CLS]无[SEP]注射器夹持开关坏[SEP]在使用过程中发现注射器夹持开关坏[SEP],无,注射器夹持开关坏,在使用过程中发现注射器夹持开关坏,产品原因（包括说明书等）,在使用过程中发现注射器夹持开关坏,无,[CLS]无[SEP]注射器夹持开关坏[SEP]在使用过程中发现注射器夹持开关坏[SEP],注射器夹持开关坏,在使用过程中发现注射器夹持开关坏,1经过疲劳测试我们发现使用ABSPC内嵌金属预埋件材质制作的捏柄在经过数万次捏合后可能会出现开裂现象2将注塑材料改用尼龙玻纤再按相同工艺制作捏柄做对比实验没有出现开裂现象分析是ABSPC内嵌金属预埋件材质强度不够造成捏柄开裂
138620409202200223,严重伤害,[CLS]未能准确提高病人血压[SEP]注射泵推注计量与设定量不符[SEP]患者因记性心梗死来我院心内科住院治疗秘银血压低给予多巴胺药物推进注射升压治疗注射一段时间护士发现病人血压仍偏低检查注射情况发现实际输注量与设定输注量不符立即更换注射泵进行推注[SEP],未能准确提高病人血压,注射泵推注计量与设定量不符,患者因记性心梗死来我院心内科住院治疗秘银血压低给予多巴胺药物推进注射升压治疗注射一段时间护士发现病人血压仍偏低检查注射情况发现实际输注量与设定输注量不符立即更换注射泵进行推注,产品原因（包括说明书等）,产品推注药液计量不准确,未能准确提高病人血压,[CLS]未能准确提高病人血压[SEP]注射泵推注计量与设定量不符[SEP]患者因记性心梗死来我院心内科住院治疗秘银血压低给予多巴胺药物推进注射升压治疗注射一段时间护士发现病人血压仍偏低检查注射情况发现实际输注量与设定输注量不符立即更换注射泵进行推注[SEP],注射泵推注计量与设定量不符,患者因记性心梗死来我院心内科住院治疗秘银血压低给予多巴胺药物推进注射升压治疗注射一段时间护士发现病人血压仍偏低检查注射情况发现实际输注量与设定输注量不符立即更换注射泵进行推注,由于该设备长期未进行注射器校准导致设备内存储的注射器信息与实际上泵的注射器信息不符使得输注时设定流速与实际流速不一致经过分析该不良事件不属于严重伤害应为其它
116210900202200050,其他,[CLS]无报警因音不充电[SEP]null[SEP]在使用过程中无报警因音不充电[SEP],无报警因音不充电,null,在使用过程中无报警因音不充电,"无法确定,产品原因（包括说明书等）",null,无报警因音不充电,[CLS]无报警因音不充电[SEP]null[SEP]在使用过程中无报警因音不充电[SEP],null,在使用过程中无报警因音不充电,1经售后工程师拆机检查发现喇叭线束插头脱落造成报警无提示音造成喇叭插头脱落分析可能是长期使用在搬动和转运过程中设备震动跌倒内部线束松动插头脱落造成无法正常发出提示音2电池的使用寿命为3年随着使用年限的增加电池性能会衰减该产品已使用四年临床频繁充放电导致电池蓄电能力降低充电速度慢
116210900202200067,其他,[CLS]null[SEP]工作中显示异常2[SEP]工作中显示异常2[SEP],null,工作中显示异常2,工作中显示异常2,"无法确定,产品原因（包括说明书等）",null,null,[CLS]null[SEP]工作中显示异常2[SEP]工作中显示异常2[SEP],工作中显示异常2,工作中显示异常2,1经拆机检查发现设备运行模块有关长电位器行程传感器插头松动导致2由于设备在医院使用9年以上可能是设备转运过程中受到外力碰撞导致插头松动
125371101202200176,其他,[CLS]无[SEP]注射泵卡死无法正常注射[SEP]2022年7月20日患者刘培学因脑挫伤入院治疗在使用注射泵时发生堵塞注射泵不正常推药护士发现后立即更换注射泵未对患者造成不良影响[SEP],无,注射泵卡死无法正常注射,2022年7月20日患者刘培学因脑挫伤入院治疗在使用注射泵时发生堵塞注射泵不正常推药护士发现后立即更换注射泵未对患者造成不良影响,产品原因（包括说明书等）,内部螺杆卡死,无,[CLS]无[SEP]注射泵卡死无法正常注射[SEP]2022年7月20日患者刘培学因脑挫伤入院治疗在使用注射泵时发生堵塞注射泵不正常推药护士发现后立即更换注射泵未对患者造成不良影响[SEP],注射泵卡死无法正常注射,2022年7月20日患者刘培学因脑挫伤入院治疗在使用注射泵时发生堵塞注射泵不正常推药护士发现后立即更换注射泵未对患者造成不良影响,经售后工程师现场查看内部螺杆无卡死现象丝杆套筒外壁附着大量药液干粉导致在注射过程中与前壳内O型密封圈摩擦不顺滑对压力传感器产生的压强值超过中级阻塞阈值报阻塞报警停止注射工作
137610400202200345,其他,[CLS]无[SEP]流速过快[SEP]2022年8月23日上午10时护士给患者使用注射泵时一段时间后护士发现药剂注射过快停止使用及时更换[SEP],无,流速过快,2022年8月23日上午10时护士给患者使用注射泵时一段时间后护士发现药剂注射过快停止使用及时更换,无法确定,电机控制系统不稳定,无,[CLS]无[SEP]流速过快[SEP]2022年8月23日上午10时护士给患者使用注射泵时一段时间后护士发现药剂注射过快停止使用及时更换[SEP],流速过快,2022年8月23日上午10时护士给患者使用注射泵时一段时间后护士发现药剂注射过快停止使用及时更换,1售后工程师用医院使用注射器进行校准后模拟临床操作进行测试5次流速均在误差允许范围内2分析流速不准的原因为医院长期未进行注射器校准设备内存储的注射器参数与实际注射器参数不一致导致实际流速大于设定流速
125371806202200326,其他,[CLS]null[SEP]报警离合未必[SEP]注射泵开机后报错离合未必无法使用[SEP],null,报警离合未必,注射泵开机后报错离合未必无法使用,产品原因（包括说明书等）,null,null,[CLS]null[SEP]报警离合未必[SEP]注射泵开机后报错离合未必无法使用[SEP],报警离合未必,注射泵开机后报错离合未必无法使用,1经售后工城市拆机检查发现内部离合信号传递线束FPC线破损导致离合信号传递受阻引发报警2由于该设备已使用5年处于超预期使用状态长期临床使用导致FPC线老化破损无法正常进行信号传递
125371410202200172,其他,[CLS]无[SEP]前壳断裂[SEP]2022年7月5日内科ICU送修注射泵一台据该科室反映当日该科室进行日常设备维护保养时发现该设备无法正常启动随即送修未对病人造成不良影响[SEP],无,前壳断裂,2022年7月5日内科ICU送修注射泵一台据该科室反映当日该科室进行日常设备维护保养时发现该设备无法正常启动随即送修未对病人造成不良影响,无法确定,检修发现前壳拉杆处断裂,无,[CLS]无[SEP]前壳断裂[SEP]2022年7月5日内科ICU送修注射泵一台据该科室反映当日该科室进行日常设备维护保养时发现该设备无法正常启动随即送修未对病人造成不良影响[SEP],前壳断裂,2022年7月5日内科ICU送修注射泵一台据该科室反映当日该科室进行日常设备维护保养时发现该设备无法正常启动随即送修未对病人造成不良影响,由于该设备已使用11年处于超预期使用状态长期临床使用药液洒落腐蚀压柄导向套导致老化开裂
125371806202200327,其他,[CLS]null[SEP]报警离合未必[SEP]设备使用时报警离合未必[SEP],null,报警离合未必,设备使用时报警离合未必,产品原因（包括说明书等）,null,null,[CLS]null[SEP]报警离合未必[SEP]设备使用时报警离合未必[SEP],报警离合未必,设备使用时报警离合未必,1经售后工城市拆机检查发现内部离合信号传递线束FPC线插头松动导致离合信号传递受阻引发报警2初步分析可能是由于长期临床使用和转运过程中频繁搬动设备跌宕震动导致内部线路插头松动
122340103202201716,其他,[CLS]null[SEP]设备电源线断裂[SEP]设备电源线断裂[SEP],null,设备电源线断裂,设备电源线断裂,无法确定,null,null,[CLS]null[SEP]设备电源线断裂[SEP]设备电源线断裂[SEP],设备电源线断裂,设备电源线断裂,分析可能是长期临床使用电源线频繁弯折拉扯且该位置为电源线插入设备端口操作人员施力点插入端口时会对该位置进行按压摩擦导致外表皮破损
124361001202200068,其他,[CLS]无[SEP]药物泵入过程中出现不明原因报警[SEP]患者于心力衰竭于2022年8月8日入院治疗8月9日900使用注射泵治疗时注射泵出现反复不明原因报警于是立即更换其他注射泵并上报设备科[SEP],无,药物泵入过程中出现不明原因报警,患者于心力衰竭于2022年8月8日入院治疗8月9日900使用注射泵治疗时注射泵出现反复不明原因报警于是立即更换其他注射泵并上报设备科,"无法确定,产品原因（包括说明书等）",仪器故障,无,[CLS]无[SEP]药物泵入过程中出现不明原因报警[SEP]患者于心力衰竭于2022年8月8日入院治疗8月9日900使用注射泵治疗时注射泵出现反复不明原因报警于是立即更换其他注射泵并上报设备科[SEP],药物泵入过程中出现不明原因报警,患者于心力衰竭于2022年8月8日入院治疗8月9日900使用注射泵治疗时注射泵出现反复不明原因报警于是立即更换其他注射泵并上报设备科,1经过检测注射泵泵体压力值异常导致报警2压力值异常是由于该设备已使用7年处于超预期使用状态长期临床使用导致压力传感器老化检测压力值不准
120321432202200312,其他,[CLS]无[SEP]输液泵开机报警[SEP]输液泵开机时出现报警异常[SEP],无,输液泵开机报警,输液泵开机时出现报警异常,无法确定,输液泵长期使用配件老化,无,[CLS]无[SEP]输液泵开机报警[SEP]输液泵开机时出现报警异常[SEP],输液泵开机报警,输液泵开机时出现报警异常,1经过拆机检查发现压力传感器出现故障造成误报警2由于此台注射泵已在医院使用超过10年处于超预期使用状态压力传感器因老化而发生故障
125371410202200173,其他,[CLS]无[SEP]机身前壳断裂[SEP]2022年8月10日内十送修注射泵一台据该科室反映当日该科室进行日常设备维护保养时发现该设备无法正常启动随即送修未对病人造成不良影响[SEP],无,机身前壳断裂,2022年8月10日内十送修注射泵一台据该科室反映当日该科室进行日常设备维护保养时发现该设备无法正常启动随即送修未对病人造成不良影响,无法确定,拆修后发现该设备前壳拉杆处有断裂且已多次粘接重新粘接已无法达到使用强度要求,无,[CLS]无[SEP]机身前壳断裂[SEP]2022年8月10日内十送修注射泵一台据该科室反映当日该科室进行日常设备维护保养时发现该设备无法正常启动随即送修未对病人造成不良影响[SEP],机身前壳断裂,2022年8月10日内十送修注射泵一台据该科室反映当日该科室进行日常设备维护保养时发现该设备无法正常启动随即送修未对病人造成不良影响,由于该设备已使用9年处于超预期使用状态长期临床使用药液洒落腐蚀压柄导向套导致老化开裂
115152707202200088,其他,[CLS]null[SEP]上通道报警无声音[SEP]为患者药物注射注射完毕无报警音[SEP],null,上通道报警无声音,为患者药物注射注射完毕无报警音,产品原因（包括说明书等）,设备扬声器故障,null,[CLS]null[SEP]上通道报警无声音[SEP]为患者药物注射注射完毕无报警音[SEP],上通道报警无声音,为患者药物注射注射完毕无报警音,售后工程师拆机检查喇叭插头松动造成插头松动的原因分析可能是临床使用过程中频繁搬动转运设备跌宕震动内部喇叭插头松动导致无报警提示音
125371806202200342,其他,[CLS]null[SEP]开机后屏幕花屏[SEP]设备开机后发现屏幕花屏无法使用[SEP],null,开机后屏幕花屏,设备开机后发现屏幕花屏无法使用,产品原因（包括说明书等）,null,null,[CLS]null[SEP]开机后屏幕花屏[SEP]设备开机后发现屏幕花屏无法使用[SEP],开机后屏幕花屏,设备开机后发现屏幕花屏无法使用,1拆机检查发现连接屏幕的排线出现部分断裂导致电路不通畅屏幕不能正常显示2由于该设备已使用6年处于超预期使用状态排线超出设计使用寿命老化损坏
116210900202200054,其他,[CLS]null[SEP]夹子损坏[SEP]使用过程中注射器无法固定[SEP],null,夹子损坏,使用过程中注射器无法固定,"无法确定,产品原因（包括说明书等）",null,null,[CLS]null[SEP]夹子损坏[SEP]使用过程中注射器无法固定[SEP],夹子损坏,使用过程中注射器无法固定,由于该设备已使用6年处于超预期使用状态长期临床使用频繁捏合捏柄导致捏柄老化开裂无法正常使用
116210900202200052,其他,[CLS]null[SEP]夹子损坏[SEP]使用过程中无法固定注射器[SEP],null,夹子损坏,使用过程中无法固定注射器,"无法确定,产品原因（包括说明书等）",null,null,[CLS]null[SEP]夹子损坏[SEP]使用过程中无法固定注射器[SEP],夹子损坏,使用过程中无法固定注射器,由于该设备已使用6年处于超预期使用状态长期临床使用频繁捏合捏柄导致捏柄老化开裂无法正常使用
116210900202200053,其他,[CLS]null[SEP]夹子损坏[SEP]使用过程中注射器无法固定[SEP],null,夹子损坏,使用过程中注射器无法固定,"无法确定,产品原因（包括说明书等）",null,null,[CLS]null[SEP]夹子损坏[SEP]使用过程中注射器无法固定[SEP],夹子损坏,使用过程中注射器无法固定,1通过实验使用ABS硬塑料内嵌金属预埋件材质制作的捏柄在经过数万次疲劳寿命测试可能会出现开裂现象在ABS中增加适量玻纤再按相同工艺制作捏柄做对比实验没有出现开裂现象2考虑设备已在医院使用3年多推测应该是原先使用的ABS硬塑料内嵌金属预埋件材质强度不够造成捏柄开裂
140654500202201071,其他,[CLS]null[SEP]报错注射器识别错误2[SEP]病房病人进行输液注射器推头识别器有逻辑错误[SEP],null,报错注射器识别错误2,病房病人进行输液注射器推头识别器有逻辑错误,产品原因（包括说明书等）,经检查注射器推头识别器有逻辑错误安装注射器时设备回报错不安装注射器反而可正常使用识别逻辑颠倒错误了,null,[CLS]null[SEP]报错注射器识别错误2[SEP]病房病人进行输液注射器推头识别器有逻辑错误[SEP],报错注射器识别错误2,病房病人进行输液注射器推头识别器有逻辑错误,1经拆机检查发现故障发生的原因是传递该信号的FPC连接线磨损造成检测信号中断从而引发报警2由于该设备已使用5年处于超预期使用状态长期临床搬动和转运过程中设备颠簸震荡导致FPC线与内部线路摩擦破损
128430600202200043,严重伤害,[CLS]可能导致机体永久性损伤[SEP]注射泵给药速度错误设置为3mlh实际输入速度为50mlh[SEP]注射泵给药速度错误设置为3mlh实际输入速度为50mlh停止使用报维修中心检修[SEP],可能导致机体永久性损伤,注射泵给药速度错误设置为3mlh实际输入速度为50mlh,注射泵给药速度错误设置为3mlh实际输入速度为50mlh停止使用报维修中心检修,无法确定,null,可能导致机体永久性损伤,[CLS]可能导致机体永久性损伤[SEP]注射泵给药速度错误设置为3mlh实际输入速度为50mlh[SEP]注射泵给药速度错误设置为3mlh实际输入速度为50mlh停止使用报维修中心检修[SEP],注射泵给药速度错误设置为3mlh实际输入速度为50mlh,注射泵给药速度错误设置为3mlh实际输入速度为50mlh停止使用报维修中心检修,设备返厂后售后工程师用医院使用注射器平安对设备重新校准后进行5次流速为3mlh的测试精度全都在误差允许范围内确认故障原因是临床长期未进行注射器校准设备内存储的参数与实际注射器参数不符导致实际流速与设定流速不一致经过分析该不良事件不属于严重伤害应为其它
125370112202200278,其他,[CLS]无[SEP]注射泵返回键反应慢[SEP]2022年7月6日患者因塌方掩埋昏迷入院抢救治疗2022年7月21日1421患者脉搏血氧饱和度在96左右泵入多巴胺升压治疗注射泵使用过程中发现注射泵返回键反应慢立即更换注射泵为患者泵入药物未对患者治疗过程造成影响[SEP],无,注射泵返回键反应慢,2022年7月6日患者因塌方掩埋昏迷入院抢救治疗2022年7月21日1421患者脉搏血氧饱和度在96左右泵入多巴胺升压治疗注射泵使用过程中发现注射泵返回键反应慢立即更换注射泵为患者泵入药物未对患者治疗过程造成影响,产品原因（包括说明书等）,2022年7月21日使用注射泵为患者注射药物发现注射泵返回键反应慢,无,[CLS]无[SEP]注射泵返回键反应慢[SEP]2022年7月6日患者因塌方掩埋昏迷入院抢救治疗2022年7月21日1421患者脉搏血氧饱和度在96左右泵入多巴胺升压治疗注射泵使用过程中发现注射泵返回键反应慢立即更换注射泵为患者泵入药物未对患者治疗过程造成影响[SEP],注射泵返回键反应慢,2022年7月6日患者因塌方掩埋昏迷入院抢救治疗2022年7月21日1421患者脉搏血氧饱和度在96左右泵入多巴胺升压治疗注射泵使用过程中发现注射泵返回键反应慢立即更换注射泵为患者泵入药物未对患者治疗过程造成影响,拆机检查按键与主控板间隙附着药液干粉影响按键与主控板接触导致按键不灵敏由于该设备已使用10年处于超预期使用状态长期临床使用有药液进入按键与主控板间隙未清理导致药液风干堆积在间隙内
116210700202200114,其他,[CLS]null[SEP]设备主板损坏需返厂维修[SEP]上通道显示屏因白屏无法设置[SEP],null,设备主板损坏需返厂维修,上通道显示屏因白屏无法设置,无法确定,null,null,[CLS]null[SEP]设备主板损坏需返厂维修[SEP]上通道显示屏因白屏无法设置[SEP],设备主板损坏需返厂维修,上通道显示屏因白屏无法设置,初步分析可能是临床长期搬动和转运工程中设备震动跌宕导致内部显示屏插头松动接触不良导致显示屏白屏
125371817202200135,其他,[CLS]null[SEP]屏幕损坏[SEP]2022年6月13日上午900科室护士电话报修其注射泵故障无法使用设备科过人员立即赶往现场检查发现设备屏幕损坏立即停止使用并进行维修[SEP],null,屏幕损坏,2022年6月13日上午900科室护士电话报修其注射泵故障无法使用设备科过人员立即赶往现场检查发现设备屏幕损坏立即停止使用并进行维修,产品原因（包括说明书等）,屏幕损坏,null,[CLS]null[SEP]屏幕损坏[SEP]2022年6月13日上午900科室护士电话报修其注射泵故障无法使用设备科过人员立即赶往现场检查发现设备屏幕损坏立即停止使用并进行维修[SEP],屏幕损坏,2022年6月13日上午900科室护士电话报修其注射泵故障无法使用设备科过人员立即赶往现场检查发现设备屏幕损坏立即停止使用并进行维修,因为屏幕采用焊接方式与主控板连接分析是个别焊点存在虚焊情况长期使用后导致虚焊处信号传递不通从而引发白屏现象
125370709202200211,其他,[CLS]存在火灾风险[SEP]电源线短路[SEP]6月23号下午2点护士去病房巡视时发现31床正在使用中的微量泵电源线烧焦电源线已被烧坏并可闻到焦灼味道护士发现后立即关闭电源和输液泵并上报护士长[SEP],存在火灾风险,电源线短路,6月23号下午2点护士去病房巡视时发现31床正在使用中的微量泵电源线烧焦电源线已被烧坏并可闻到焦灼味道护士发现后立即关闭电源和输液泵并上报护士长,产品原因（包括说明书等）,产品电源线老化或设计不耐重复使用,存在火灾风险,[CLS]存在火灾风险[SEP]电源线短路[SEP]6月23号下午2点护士去病房巡视时发现31床正在使用中的微量泵电源线烧焦电源线已被烧坏并可闻到焦灼味道护士发现后立即关闭电源和输液泵并上报护士长[SEP],电源线短路,6月23号下午2点护士去病房巡视时发现31床正在使用中的微量泵电源线烧焦电源线已被烧坏并可闻到焦灼味道护士发现后立即关闭电源和输液泵并上报护士长,经检查电源线内部无电线故障且无线路老化现象初步分析可能是由于临床使用时将液体洒在电源线端口处导致电源线短路
125371808202200383,严重伤害,[CLS]更换药物时间比预期提前2小时可能造成患者凝血功能问题[SEP]患者使用注射泵持续8小时泵入抗凝溶栓药物更换药物时间比预期提前2小时[SEP]患者使用注射泵持续8小时泵入抗凝溶栓药物更换药物时间比预期提前2小时[SEP],更换药物时间比预期提前2小时可能造成患者凝血功能问题,患者使用注射泵持续8小时泵入抗凝溶栓药物更换药物时间比预期提前2小时,患者使用注射泵持续8小时泵入抗凝溶栓药物更换药物时间比预期提前2小时,"产品原因（包括说明书等）,操作原因,无法确定",患者使用注射泵持续8小时泵入抗凝溶栓药物更换药物时间比预期提前2小时,更换药物时间比预期提前2小时可能造成患者凝血功能问题,[CLS]更换药物时间比预期提前2小时可能造成患者凝血功能问题[SEP]患者使用注射泵持续8小时泵入抗凝溶栓药物更换药物时间比预期提前2小时[SEP]患者使用注射泵持续8小时泵入抗凝溶栓药物更换药物时间比预期提前2小时[SEP],患者使用注射泵持续8小时泵入抗凝溶栓药物更换药物时间比预期提前2小时,患者使用注射泵持续8小时泵入抗凝溶栓药物更换药物时间比预期提前2小时,由于该设备长期未进行注射器校准设备内存储的注射器参数与实际注射器参数不一致导致实际流速超过设定流速的误差允许范围经过分析该不良事件不属于严重伤害应为其它
129441000202200563,严重伤害,[CLS]血压升高患者自述头痛[SEP]注射泵微泵药物时卡机[SEP]注射泵微泵尼膜同注射液药物过程中卡机1小时后发现推泵轴卡住无法将药液送出未能及时报警手动处理确定血管是否通畅无堵塞后予多次推动泵轴重新固定注射器观察后无再发生此事故[SEP],血压升高患者自述头痛,注射泵微泵药物时卡机,注射泵微泵尼膜同注射液药物过程中卡机1小时后发现推泵轴卡住无法将药液送出未能及时报警手动处理确定血管是否通畅无堵塞后予多次推动泵轴重新固定注射器观察后无再发生此事故,产品原因（包括说明书等）,注射泵微泵注射液药物过程中推泵轴卡住未能及时报警,血压升高患者自述头痛,[CLS]血压升高患者自述头痛[SEP]注射泵微泵药物时卡机[SEP]注射泵微泵尼膜同注射液药物过程中卡机1小时后发现推泵轴卡住无法将药液送出未能及时报警手动处理确定血管是否通畅无堵塞后予多次推动泵轴重新固定注射器观察后无再发生此事故[SEP],注射泵微泵药物时卡机,注射泵微泵尼膜同注射液药物过程中卡机1小时后发现推泵轴卡住无法将药液送出未能及时报警手动处理确定血管是否通畅无堵塞后予多次推动泵轴重新固定注射器观察后无再发生此事故,1由于设备未进行维修处理医院继续使用半个月未再出现卡住现在初步分析卡住原因可能是在输液过程中患者不小心压住或者弯折注射器延长管导致设备注射药液受阻2设备未及时报阻塞报警的原因为院方将设备阻塞等级设置为中报警阈值为61kPa100kPa而患者接受的是微量注射注射速度十分缓慢且管路未完全堵住设备正常运行液体对管路的压力增速缓慢压力值达到报警阈值所需时间较长所以设备未能及时报警经过分析该不良事件不属于严重伤害应为其它
129291712202200161,严重伤害,[CLS]可能造成单位时间内输入过量药物引起患者内出血[SEP]D040505_流速不准[SEP]6月19日0924接检验科危急值示D二聚体468401ngml遵医嘱予09氯化钠注射液24ml低分子肝素钙注射液赛博利2500u以1mlh持续微泵泵注24小时1013左右护士配好药接上注射泵选择好注射器规格调好速度启动注射泵工作1800查房时发现注射器里药物本应该剩约16ml的液体只剩约5ml予告知护士长主管医生予停止泵注低分子肝素钙注射液组测患者生命体征正常继续密切观察患者生命体征病情变化设备停用登记上报设备科[SEP],可能造成单位时间内输入过量药物引起患者内出血,D040505_流速不准,6月19日0924接检验科危急值示D二聚体468401ngml遵医嘱予09氯化钠注射液24ml低分子肝素钙注射液赛博利2500u以1mlh持续微泵泵注24小时1013左右护士配好药接上注射泵选择好注射器规格调好速度启动注射泵工作1800查房时发现注射器里药物本应该剩约16ml的液体只剩约5ml予告知护士长主管医生予停止泵注低分子肝素钙注射液组测患者生命体征正常继续密切观察患者生命体征病情变化设备停用登记上报设备科,产品原因（包括说明书等）,近半年内有进行注射泵维护校准注射泵前两天也使用正常6月19日才出现此不良现象可能要进行系统的工装校准,可能造成单位时间内输入过量药物引起患者内出血,[CLS]可能造成单位时间内输入过量药物引起患者内出血[SEP]D040505_流速不准[SEP]6月19日0924接检验科危急值示D二聚体468401ngml遵医嘱予09氯化钠注射液24ml低分子肝素钙注射液赛博利2500u以1mlh持续微泵泵注24小时1013左右护士配好药接上注射泵选择好注射器规格调好速度启动注射泵工作1800查房时发现注射器里药物本应该剩约16ml的液体只剩约5ml予告知护士长主管医生予停止泵注低分子肝素钙注射液组测患者生命体征正常继续密切观察患者生命体征病情变化设备停用登记上报设备科[SEP],D040505_流速不准,6月19日0924接检验科危急值示D二聚体468401ngml遵医嘱予09氯化钠注射液24ml低分子肝素钙注射液赛博利2500u以1mlh持续微泵泵注24小时1013左右护士配好药接上注射泵选择好注射器规格调好速度启动注射泵工作1800查房时发现注射器里药物本应该剩约16ml的液体只剩约5ml予告知护士长主管医生予停止泵注低分子肝素钙注射液组测患者生命体征正常继续密切观察患者生命体征病情变化设备停用登记上报设备科,初步分析为操作人员在使用过程中注射器品牌选择错误上泵的注射器品牌与设备设定的注射器品牌不一致注射器实际参数与设备存储的注射器参数不一致导致实际流速大于设定流速经过分析该不良事件不属于严重伤害应为其它
115151010202200258,其他,[CLS]null[SEP]微量泵未报警[SEP]2022年7月4日23307月5日0330患儿薛祎然在使用微量注射泵持续小剂量泵入胰岛素降糖治疗过程中发现血糖下降不明显查找原因后发现留置针堵塞微量泵未报警立即为患儿重新建立静脉通路重新配置胰岛素组液体调高液体量及泵入速度更换注射泵继续泵入胰岛素降糖治疗[SEP],null,微量泵未报警,2022年7月4日23307月5日0330患儿薛祎然在使用微量注射泵持续小剂量泵入胰岛素降糖治疗过程中发现血糖下降不明显查找原因后发现留置针堵塞微量泵未报警立即为患儿重新建立静脉通路重新配置胰岛素组液体调高液体量及泵入速度更换注射泵继续泵入胰岛素降糖治疗,产品原因（包括说明书等）,null,null,[CLS]null[SEP]微量泵未报警[SEP]2022年7月4日23307月5日0330患儿薛祎然在使用微量注射泵持续小剂量泵入胰岛素降糖治疗过程中发现血糖下降不明显查找原因后发现留置针堵塞微量泵未报警立即为患儿重新建立静脉通路重新配置胰岛素组液体调高液体量及泵入速度更换注射泵继续泵入胰岛素降糖治疗[SEP],微量泵未报警,2022年7月4日23307月5日0330患儿薛祎然在使用微量注射泵持续小剂量泵入胰岛素降糖治疗过程中发现血糖下降不明显查找原因后发现留置针堵塞微量泵未报警立即为患儿重新建立静脉通路重新配置胰岛素组液体调高液体量及泵入速度更换注射泵继续泵入胰岛素降糖治疗,1设备阻塞等级为中在管路压力值达到61kPa100kPa设备报阻塞报警2故障发生时设备设定流速较低且管路未被全部堵住设备正常运行液体对管路的压力增速缓慢压力值达到报警阈值的时间较长所以阻塞报警延迟
113740457202200120,其他,[CLS]无[SEP]拉杆损坏[SEP]2022年7月26日科室在给病人进行注射治疗前开机检查发现注射泵拉杆损坏给病人更换备用机后上报设备科处理设备科工程师判断需要返厂更换拉杆返厂更换二道拉杆后设备恢复正常使用[SEP],无,拉杆损坏,2022年7月26日科室在给病人进行注射治疗前开机检查发现注射泵拉杆损坏给病人更换备用机后上报设备科处理设备科工程师判断需要返厂更换拉杆返厂更换二道拉杆后设备恢复正常使用,无法确定,设备科工程师判断需要返厂更换拉杆,无,[CLS]无[SEP]拉杆损坏[SEP]2022年7月26日科室在给病人进行注射治疗前开机检查发现注射泵拉杆损坏给病人更换备用机后上报设备科处理设备科工程师判断需要返厂更换拉杆返厂更换二道拉杆后设备恢复正常使用[SEP],拉杆损坏,2022年7月26日科室在给病人进行注射治疗前开机检查发现注射泵拉杆损坏给病人更换备用机后上报设备科处理设备科工程师判断需要返厂更换拉杆返厂更换二道拉杆后设备恢复正常使用,由于该设备已使用5年处于超预期使用状态长期临床使用频繁捏合捏柄导致捏柄老化开裂
115151010202200242,其他,[CLS]null[SEP]屏幕出现错误6[SEP]202267上午930时左右收到消化内科送来的一台注射泵表述开机运行后显示错误6导致无法正常工作经我科工程师检查后确认需要维修联系厂家并把机器返厂维修[SEP],null,屏幕出现错误6,202267上午930时左右收到消化内科送来的一台注射泵表述开机运行后显示错误6导致无法正常工作经我科工程师检查后确认需要维修联系厂家并把机器返厂维修,产品原因（包括说明书等）,null,null,[CLS]null[SEP]屏幕出现错误6[SEP]202267上午930时左右收到消化内科送来的一台注射泵表述开机运行后显示错误6导致无法正常工作经我科工程师检查后确认需要维修联系厂家并把机器返厂维修[SEP],屏幕出现错误6,202267上午930时左右收到消化内科送来的一台注射泵表述开机运行后显示错误6导致无法正常工作经我科工程师检查后确认需要维修联系厂家并把机器返厂维修,1经过检查发现设备压力值偏低拆机检查发现压力传感器插头松动导致压力值信号无法传输造成误报警2初步分析压力传感器插头松动的原因是长期临床搬动和转运过程中设备跌宕震动导致内部压力传感器插头松动
118230805202200012,其他,[CLS]null[SEP]无报警音[SEP]2022年6月23日在给患者使用注射泵输液完后机器本身未做报警提示在护士巡视时及时发现立即更换输液泵[SEP],null,无报警音,2022年6月23日在给患者使用注射泵输液完后机器本身未做报警提示在护士巡视时及时发现立即更换输液泵,无法确定,null,null,[CLS]null[SEP]无报警音[SEP]2022年6月23日在给患者使用注射泵输液完后机器本身未做报警提示在护士巡视时及时发现立即更换输液泵[SEP],无报警音,2022年6月23日在给患者使用注射泵输液完后机器本身未做报警提示在护士巡视时及时发现立即更换输液泵,1经拆机检查发现内部件喇叭插头松动无法正常提示报警音2初步分析喇叭插头松动的原因是长期临床搬动和转运过程中设备震动跌宕导致内部喇叭插头松动
116210500202200027,其他,[CLS]null[SEP]D01_操作运行异常[SEP]2022年6月6日使用该注射泵用于输液操作过程中出现运行卡顿异常情况影响正常使用处理立即更换产品后使用正常未造成其他影响报告故障信息[SEP],null,D01_操作运行异常,2022年6月6日使用该注射泵用于输液操作过程中出现运行卡顿异常情况影响正常使用处理立即更换产品后使用正常未造成其他影响报告故障信息,"产品原因（包括说明书等）,无法确定",事件发生考虑与组件损坏有关不排除其他因素导致可能,null,[CLS]null[SEP]D01_操作运行异常[SEP]2022年6月6日使用该注射泵用于输液操作过程中出现运行卡顿异常情况影响正常使用处理立即更换产品后使用正常未造成其他影响报告故障信息[SEP],D01_操作运行异常,2022年6月6日使用该注射泵用于输液操作过程中出现运行卡顿异常情况影响正常使用处理立即更换产品后使用正常未造成其他影响报告故障信息,1经过检查发现设备压力值偏低处于持续为0的状态拆机检查发现压力传感器插头松动导致压力值信号无法传输造成误报警2初步分析压力传感器插头松动的原因分析是设备已在医院使用10年超出预期使用寿命长期临床搬动和转运过程中设备跌宕震动导致内部压力传感器插头松动
116210700202200113,其他,[CLS]电池老化不能充电[SEP]null[SEP]电池老化不能充电[SEP],电池老化不能充电,null,电池老化不能充电,无法确定,null,电池老化不能充电,[CLS]电池老化不能充电[SEP]null[SEP]电池老化不能充电[SEP],null,电池老化不能充电,电池的使用寿命为3年该设备在医院已使用超过4年临床长期频繁对电池进行充电使用加快电池的老化速度
127420400202200313,其他,[CLS]null[SEP]机器显示电池电量低无法开机工作[SEP]机器显示电池电量低无法开机工作[SEP],null,机器显示电池电量低无法开机工作,机器显示电池电量低无法开机工作,产品原因（包括说明书等）,测量后发现电源线损坏导致一直使用电池工作在电池电量耗尽后又无法为其充电至其出现电池电量低导致机器无法工作,null,[CLS]null[SEP]机器显示电池电量低无法开机工作[SEP]机器显示电池电量低无法开机工作[SEP],机器显示电池电量低无法开机工作,机器显示电池电量低无法开机工作,由于该设备已使用9年处于超预期使用状态临床使用时频繁拉扯弯折电源线导致电源线内部电线接触不良无法正常使用
129291712202200123,其他,[CLS]无[SEP]输液速度不准确[SEP]2022年5月10日在肿瘤一区患者刘秀甜因血压低医嘱NS36ml多巴胺140mg以5mlh持续泵入1613左右护士配好药接上注射泵选择好注射器规格调好速度启动注射泵工作1713巡查时原本应该剩45ml的液体只剩38ml护士发现后马上告知护士长和医生进行检查患者测血压10160mmHg无其他不适遵医属予暂停使用继续观察血压值登记上报设备科[SEP],无,输液速度不准确,2022年5月10日在肿瘤一区患者刘秀甜因血压低医嘱NS36ml多巴胺140mg以5mlh持续泵入1613左右护士配好药接上注射泵选择好注射器规格调好速度启动注射泵工作1713巡查时原本应该剩45ml的液体只剩38ml护士发现后马上告知护士长和医生进行检查患者测血压10160mmHg无其他不适遵医属予暂停使用继续观察血压值登记上报设备科,产品原因（包括说明书等）,注射泵是三个月前厂家校准维护过的先用洪达注射器对设备重新校准后进行流速测试精度还是有一定的误差,无,[CLS]无[SEP]输液速度不准确[SEP]2022年5月10日在肿瘤一区患者刘秀甜因血压低医嘱NS36ml多巴胺140mg以5mlh持续泵入1613左右护士配好药接上注射泵选择好注射器规格调好速度启动注射泵工作1713巡查时原本应该剩45ml的液体只剩38ml护士发现后马上告知护士长和医生进行检查患者测血压10160mmHg无其他不适遵医属予暂停使用继续观察血压值登记上报设备科[SEP],输液速度不准确,2022年5月10日在肿瘤一区患者刘秀甜因血压低医嘱NS36ml多巴胺140mg以5mlh持续泵入1613左右护士配好药接上注射泵选择好注射器规格调好速度启动注射泵工作1713巡查时原本应该剩45ml的液体只剩38ml护士发现后马上告知护士长和医生进行检查患者测血压10160mmHg无其他不适遵医属予暂停使用继续观察血压值登记上报设备科,由于医院使用及转运过程中设备经过跌宕震动长电位器插头松动无法正常检测推注行程造成实际流速与设定流速不符
128431800202200241,其他,[CLS]无[SEP]null[SEP]显示注射错误[SEP],无,null,显示注射错误,产品原因（包括说明书等）,null,无,[CLS]无[SEP]null[SEP]显示注射错误[SEP],null,显示注射错误,为保证注射精度以及注射安全设备对不同规格注射器设定不同的可允许注射速度范围若设定注射速度不在上泵注射器规格允许范围内设备启动安全保护措施报速度错误并且不进行注射工作
133511037202200063,其他,[CLS]无[SEP]微量输液泵在使用过程中断电同时导致电源跳闸[SEP]2022530病人在正常治疗过程中注射泵突然断电并导致电源跳闸立即停止使用该泵并更换其他注射泵进行治疗并立即上报医学装备部未对患者造成明显伤害[SEP],无,微量输液泵在使用过程中断电同时导致电源跳闸,2022530病人在正常治疗过程中注射泵突然断电并导致电源跳闸立即停止使用该泵并更换其他注射泵进行治疗并立即上报医学装备部未对患者造成明显伤害,产品原因（包括说明书等）,为线路老化导致的断电无法使用从而导致电源跳闸,无,[CLS]无[SEP]微量输液泵在使用过程中断电同时导致电源跳闸[SEP]2022530病人在正常治疗过程中注射泵突然断电并导致电源跳闸立即停止使用该泵并更换其他注射泵进行治疗并立即上报医学装备部未对患者造成明显伤害[SEP],微量输液泵在使用过程中断电同时导致电源跳闸,2022530病人在正常治疗过程中注射泵突然断电并导致电源跳闸立即停止使用该泵并更换其他注射泵进行治疗并立即上报医学装备部未对患者造成明显伤害,由于该设备已使用9年处于超预期使用状态长期使用主控板老化接入电源后发生短路现象
133511037202200062,其他,[CLS]无[SEP]输液泵在使用过程中线路短路导致电源跳匝[SEP]2022518病人在注射泵泵入药液途中注射泵突然死机无法正常使用同时线路短路导致电源跳闸立即停止使用该注射泵并更换注射泵治疗未造成不良后果同时上报医学装备部有效期不详[SEP],无,输液泵在使用过程中线路短路导致电源跳匝,2022518病人在注射泵泵入药液途中注射泵突然死机无法正常使用同时线路短路导致电源跳闸立即停止使用该注射泵并更换注射泵治疗未造成不良后果同时上报医学装备部有效期不详,产品原因（包括说明书等）,该注射泵发生故障问题为线路老化导致的无法使用从而导致电源跳闸,无,[CLS]无[SEP]输液泵在使用过程中线路短路导致电源跳匝[SEP]2022518病人在注射泵泵入药液途中注射泵突然死机无法正常使用同时线路短路导致电源跳闸立即停止使用该注射泵并更换注射泵治疗未造成不良后果同时上报医学装备部有效期不详[SEP],输液泵在使用过程中线路短路导致电源跳匝,2022518病人在注射泵泵入药液途中注射泵突然死机无法正常使用同时线路短路导致电源跳闸立即停止使用该注射泵并更换注射泵治疗未造成不良后果同时上报医学装备部有效期不详,由于设备电源线端口处有液体造成设备短路
127420400202200274,其他,[CLS]null[SEP]运行中仪器报警异常2[SEP]运行中仪器报警异常2[SEP],null,运行中仪器报警异常2,运行中仪器报警异常2,产品原因（包括说明书等）,控制电路检测到异常信号,null,[CLS]null[SEP]运行中仪器报警异常2[SEP]运行中仪器报警异常2[SEP],运行中仪器报警异常2,运行中仪器报警异常2,由于设备已在医院使用7年属于超预期使用状态长期临床转运设备震动跌宕导致内部压力传感器线束松动触发异常5报警
125370712202200315,其他,[CLS]null[SEP]D0101_故障提示[SEP]应用微量泵泵入药物时发现器械显示系统故障1无法正常泵入药物[SEP],null,D0101_故障提示,应用微量泵泵入药物时发现器械显示系统故障1无法正常泵入药物,产品原因（包括说明书等）,null,null,[CLS]null[SEP]D0101_故障提示[SEP]应用微量泵泵入药物时发现器械显示系统故障1无法正常泵入药物[SEP],D0101_故障提示,应用微量泵泵入药物时发现器械显示系统故障1无法正常泵入药物,1经拆机检查发现是主控板电机驱动板线束插头松动导致报警2造成插头松动的原因是由于产品在运输环节震动跌落等外力以及在使用期间转运过程中发生碰撞导致插头松动
125371104202200184,其他,[CLS]不良事件发生但未累及患者[SEP]D0102_意外停机[SEP]2022年4月20日患者在手术过程中使用注射泵突然停机报警系统故障04无法继续使用护理人员立即更换其他注射泵手术正常进行未对患者造成不良影响手术完成后将故障设备送至维修组维修工程师维修后判断为内部数据排线松动导致重新连接并紧固后开机设备运行正常[SEP],不良事件发生但未累及患者,D0102_意外停机,2022年4月20日患者在手术过程中使用注射泵突然停机报警系统故障04无法继续使用护理人员立即更换其他注射泵手术正常进行未对患者造成不良影响手术完成后将故障设备送至维修组维修工程师维修后判断为内部数据排线松动导致重新连接并紧固后开机设备运行正常,产品原因（包括说明书等）,使用注射泵突然停机报警系统故障04无法继续使用工程师维修后判断为内部数据排线松动导致重新连接并紧固后开机设备运行正常,不良事件发生但未累及患者,[CLS]不良事件发生但未累及患者[SEP]D0102_意外停机[SEP]2022年4月20日患者在手术过程中使用注射泵突然停机报警系统故障04无法继续使用护理人员立即更换其他注射泵手术正常进行未对患者造成不良影响手术完成后将故障设备送至维修组维修工程师维修后判断为内部数据排线松动导致重新连接并紧固后开机设备运行正常[SEP],D0102_意外停机,2022年4月20日患者在手术过程中使用注射泵突然停机报警系统故障04无法继续使用护理人员立即更换其他注射泵手术正常进行未对患者造成不良影响手术完成后将故障设备送至维修组维修工程师维修后判断为内部数据排线松动导致重新连接并紧固后开机设备运行正常,1拆机检查发现主从道间连接线插头从插座上脱落2分析是设备受到外力磕碰导致插头脱落
121330607202200047,其他,[CLS]null[SEP]D0102_意外停机[SEP]正常使用过程中微泵中途停止注射[SEP],null,D0102_意外停机,正常使用过程中微泵中途停止注射,产品原因（包括说明书等）,可能设备存在故障,null,[CLS]null[SEP]D0102_意外停机[SEP]正常使用过程中微泵中途停止注射[SEP],D0102_意外停机,正常使用过程中微泵中途停止注射,经售后工程师现场查看丝杆套筒外壁附着大量药液干粉导致在注射过程中与前壳内O型密封圈摩擦不顺滑对压力传感器产生的压强值超过中级阻塞阈值报阻塞报警停止注射工作
137610400202200260,其他,[CLS]无[SEP]报系统故障[SEP]6月27日上午830左右护士给患者用上注射泵之后的半个小时注射泵报系统故障停止使用及时更换[SEP],无,报系统故障,6月27日上午830左右护士给患者用上注射泵之后的半个小时注射泵报系统故障停止使用及时更换,无法确定,系统故障暂时不清楚原因,无,[CLS]无[SEP]报系统故障[SEP]6月27日上午830左右护士给患者用上注射泵之后的半个小时注射泵报系统故障停止使用及时更换[SEP],报系统故障,6月27日上午830左右护士给患者用上注射泵之后的半个小时注射泵报系统故障停止使用及时更换,1经拆机检查发现是主控板电机驱动板连接线插头松动导致报警2造成插头松动的原因是由于产品在运输环节震动跌落等外力以及在使用期间转运过程中发生碰撞导致插头松动
140652801202200049,其他,[CLS]null[SEP]D010501_准备启动失效[SEP]科室在使用前发现注射泵无法识别注射器经设备科检查后联系厂家[SEP],null,D010501_准备启动失效,科室在使用前发现注射泵无法识别注射器经设备科检查后联系厂家,产品原因（包括说明书等）,传感器故障,null,[CLS]null[SEP]D010501_准备启动失效[SEP]科室在使用前发现注射泵无法识别注射器经设备科检查后联系厂家[SEP],D010501_准备启动失效,科室在使用前发现注射泵无法识别注射器经设备科检查后联系厂家,分析原因是由于该台机器在医院长期使用转运过程中发生震动或磕碰造成短电位器螺丝松动导致无法识别注射器规格无法正常启动
125371700202200299,其他,[CLS]无[SEP]螺丝突然滑脱[SEP]2022年613日8时左右在给患者使用微量泵泵药时微量泵固定螺丝突然滑脱立即更换微量泵做好患者的安抚工作未给患者造成伤害[SEP],无,螺丝突然滑脱,2022年613日8时左右在给患者使用微量泵泵药时微量泵固定螺丝突然滑脱立即更换微量泵做好患者的安抚工作未给患者造成伤害,产品原因（包括说明书等）,机器老化,无,[CLS]无[SEP]螺丝突然滑脱[SEP]2022年613日8时左右在给患者使用微量泵泵药时微量泵固定螺丝突然滑脱立即更换微量泵做好患者的安抚工作未给患者造成伤害[SEP],螺丝突然滑脱,2022年613日8时左右在给患者使用微量泵泵药时微量泵固定螺丝突然滑脱立即更换微量泵做好患者的安抚工作未给患者造成伤害,由于该设备已使用11年处于超预期使用状态临床频繁扭动紧固夹螺丝导致螺纹钝化滑丝
125371410202200134,其他,[CLS]无[SEP]该设备报异常2[SEP]2022年6月19日介入室送修注射泵一台据该科室反映当日该科室进行日常设备维护保养时发现该设备报异常2随即送修未对病人造成不良影响[SEP],无,该设备报异常2,2022年6月19日介入室送修注射泵一台据该科室反映当日该科室进行日常设备维护保养时发现该设备报异常2随即送修未对病人造成不良影响,无法确定,null,无,[CLS]无[SEP]该设备报异常2[SEP]2022年6月19日介入室送修注射泵一台据该科室反映当日该科室进行日常设备维护保养时发现该设备报异常2随即送修未对病人造成不良影响[SEP],该设备报异常2,2022年6月19日介入室送修注射泵一台据该科室反映当日该科室进行日常设备维护保养时发现该设备报异常2随即送修未对病人造成不良影响,1经拆机检查发现与设备运行模块有关的长电位器行程传感器插头松动导致2由于设备在医院使用7年可能是设备转运过程中受到外力碰撞导致长电位器插头松动
125370112202200191,其他,[CLS]无[SEP]微量泵复位键无效[SEP]患者因间断胸闷喘憋3月余再发并加重10天于202205261236入院诊断为1扩张性心肌病慢性心功能不全心功能Ⅳ级2心律失常完全性左束支传导阻滞频发室性早搏3肺炎4肺动脉高压于05261325应用威高注射泵给予泵入左西孟旦改善心功能设置泵速时复位键按压无效不能调整泵速考虑复位键损坏立即给予更换其他注射泵后调整好泵速泵入药物未对患者造成不良影响[SEP],无,微量泵复位键无效,患者因间断胸闷喘憋3月余再发并加重10天于202205261236入院诊断为1扩张性心肌病慢性心功能不全心功能Ⅳ级2心律失常完全性左束支传导阻滞频发室性早搏3肺炎4肺动脉高压于05261325应用威高注射泵给予泵入左西孟旦改善心功能设置泵速时复位键按压无效不能调整泵速考虑复位键损坏立即给予更换其他注射泵后调整好泵速泵入药物未对患者造成不良影响,产品原因（包括说明书等）,应用威高注射泵给予泵入左西孟旦改善心功能设置泵速时复位键按压无效不能调整泵速考虑复位键损坏,无,[CLS]无[SEP]微量泵复位键无效[SEP]患者因间断胸闷喘憋3月余再发并加重10天于202205261236入院诊断为1扩张性心肌病慢性心功能不全心功能Ⅳ级2心律失常完全性左束支传导阻滞频发室性早搏3肺炎4肺动脉高压于05261325应用威高注射泵给予泵入左西孟旦改善心功能设置泵速时复位键按压无效不能调整泵速考虑复位键损坏立即给予更换其他注射泵后调整好泵速泵入药物未对患者造成不良影响[SEP],微量泵复位键无效,患者因间断胸闷喘憋3月余再发并加重10天于202205261236入院诊断为1扩张性心肌病慢性心功能不全心功能Ⅳ级2心律失常完全性左束支传导阻滞频发室性早搏3肺炎4肺动脉高压于05261325应用威高注射泵给予泵入左西孟旦改善心功能设置泵速时复位键按压无效不能调整泵速考虑复位键损坏立即给予更换其他注射泵后调整好泵速泵入药物未对患者造成不良影响,由于该设备已使用9年处于超预期使用状态长期临床频繁按键导致清除键老化失灵按压无效
125371704202200076,其他,[CLS]无[SEP]交流电指示灯不亮报错电压低一通道按压夹子损坏[SEP]2022年3月17日于重症监护室医务人员在操作该设备时发现该设备接交流电后交流指示灯不亮并报错电压低一通道按压夹子损坏及时报修立即更换备用机无患者造成伤害[SEP],无,交流电指示灯不亮报错电压低一通道按压夹子损坏,2022年3月17日于重症监护室医务人员在操作该设备时发现该设备接交流电后交流指示灯不亮并报错电压低一通道按压夹子损坏及时报修立即更换备用机无患者造成伤害,产品原因（包括说明书等）,产品质量缺陷,无,[CLS]无[SEP]交流电指示灯不亮报错电压低一通道按压夹子损坏[SEP]2022年3月17日于重症监护室医务人员在操作该设备时发现该设备接交流电后交流指示灯不亮并报错电压低一通道按压夹子损坏及时报修立即更换备用机无患者造成伤害[SEP],交流电指示灯不亮报错电压低一通道按压夹子损坏,2022年3月17日于重症监护室医务人员在操作该设备时发现该设备接交流电后交流指示灯不亮并报错电压低一通道按压夹子损坏及时报修立即更换备用机无患者造成伤害,由于该设备已使用10年处于超预期使用状态长期临床使用电源板老化无法正常进行供电捏柄由于频繁捏合老化开裂
140652811202200104,其他,[CLS]设备故障导致科室注射泵短缺给工作人员带来不便[SEP]内部拉杆底盘碎裂[SEP]于2022年5月25日下午重症医学科护士向设备科报修注射泵拉杆无法使用设备科工程师取回维修室拆机发现内部拉杆底盘碎裂已无法维修[SEP],设备故障导致科室注射泵短缺给工作人员带来不便,内部拉杆底盘碎裂,于2022年5月25日下午重症医学科护士向设备科报修注射泵拉杆无法使用设备科工程师取回维修室拆机发现内部拉杆底盘碎裂已无法维修,无法确定,设备老化导致设备零件碎裂,设备故障导致科室注射泵短缺给工作人员带来不便,[CLS]设备故障导致科室注射泵短缺给工作人员带来不便[SEP]内部拉杆底盘碎裂[SEP]于2022年5月25日下午重症医学科护士向设备科报修注射泵拉杆无法使用设备科工程师取回维修室拆机发现内部拉杆底盘碎裂已无法维修[SEP],内部拉杆底盘碎裂,于2022年5月25日下午重症医学科护士向设备科报修注射泵拉杆无法使用设备科工程师取回维修室拆机发现内部拉杆底盘碎裂已无法维修,由于该设备已使用8年处于超预期使用状态长期临床使用导致前壳压柄导向柱处老化开裂
114140106202100200,其他,[CLS]无[SEP]D040505_流速不准[SEP]20210405在对患者任振科进行注射液体治疗时发现所使用注射泵滴速不准立即更换注射泵并上报器械科[SEP],无,D040505_流速不准,20210405在对患者任振科进行注射液体治疗时发现所使用注射泵滴速不准立即更换注射泵并上报器械科,产品原因（包括说明书等）,null,无,[CLS]无[SEP]D040505_流速不准[SEP]20210405在对患者任振科进行注射液体治疗时发现所使用注射泵滴速不准立即更换注射泵并上报器械科[SEP],D040505_流速不准,20210405在对患者任振科进行注射液体治疗时发现所使用注射泵滴速不准立即更换注射泵并上报器械科,经售后工程师与操作人员沟通该设备长期未进行注射器校准设备内存储的参数与实际注射器参数不符导致流速小于设定流速
125370101202200081,其他,[CLS]null[SEP]注射泵显示器不显示无法正常工作[SEP]202205051021我院麻醉师在调试使用注射泵时注射泵显示器不显示无法正常工作随即立即更换设备报修设备科工作人员现场查看发现电源线接触不良后给予更换电源线开机设备正常使用未造成不良影响后上报医疗器械不良事件[SEP],null,注射泵显示器不显示无法正常工作,202205051021我院麻醉师在调试使用注射泵时注射泵显示器不显示无法正常工作随即立即更换设备报修设备科工作人员现场查看发现电源线接触不良后给予更换电源线开机设备正常使用未造成不良影响后上报医疗器械不良事件,产品原因（包括说明书等）,经设备科工作人员现场查看发现系电源线接触不良导致故障,null,[CLS]null[SEP]注射泵显示器不显示无法正常工作[SEP]202205051021我院麻醉师在调试使用注射泵时注射泵显示器不显示无法正常工作随即立即更换设备报修设备科工作人员现场查看发现电源线接触不良后给予更换电源线开机设备正常使用未造成不良影响后上报医疗器械不良事件[SEP],注射泵显示器不显示无法正常工作,202205051021我院麻醉师在调试使用注射泵时注射泵显示器不显示无法正常工作随即立即更换设备报修设备科工作人员现场查看发现电源线接触不良后给予更换电源线开机设备正常使用未造成不良影响后上报医疗器械不良事件,经检查电源线外观未见破损分析是由于临床使用频繁拉扯弯折内部电线断裂导致电源线接触不良
115151010202200143,其他,[CLS]null[SEP]输液速度[SEP]患者因冠心病入院于2022年5月4日0903遵医嘱给予患者09氯化钠30毫升加注射用硝酸异山梨酯10毫克以30微克每分钟的速度注射泵静脉泵入患者诉无不适告知患者及家属注射泵使用过程中的注意事项患者及家属表示理解1000巡视患者硝酸异山梨酯组液静脉泵入完毕查看注射泵设置速度无误累积量为6毫升患者及家属表示未私自调节注射泵参数询问患者诉无不适测量体温36度脉搏60次分钟呼吸20次分钟血压12080毫米汞柱告知医生嘱观察患者家属表示理解未追究1003护士将注射泵撤回治疗室测试1103注射泵泵入完毕累积量仍为6毫升注射泵报修[SEP],null,输液速度,患者因冠心病入院于2022年5月4日0903遵医嘱给予患者09氯化钠30毫升加注射用硝酸异山梨酯10毫克以30微克每分钟的速度注射泵静脉泵入患者诉无不适告知患者及家属注射泵使用过程中的注意事项患者及家属表示理解1000巡视患者硝酸异山梨酯组液静脉泵入完毕查看注射泵设置速度无误累积量为6毫升患者及家属表示未私自调节注射泵参数询问患者诉无不适测量体温36度脉搏60次分钟呼吸20次分钟血压12080毫米汞柱告知医生嘱观察患者家属表示理解未追究1003护士将注射泵撤回治疗室测试1103注射泵泵入完毕累积量仍为6毫升注射泵报修,产品原因（包括说明书等）,null,null,[CLS]null[SEP]输液速度[SEP]患者因冠心病入院于2022年5月4日0903遵医嘱给予患者09氯化钠30毫升加注射用硝酸异山梨酯10毫克以30微克每分钟的速度注射泵静脉泵入患者诉无不适告知患者及家属注射泵使用过程中的注意事项患者及家属表示理解1000巡视患者硝酸异山梨酯组液静脉泵入完毕查看注射泵设置速度无误累积量为6毫升患者及家属表示未私自调节注射泵参数询问患者诉无不适测量体温36度脉搏60次分钟呼吸20次分钟血压12080毫米汞柱告知医生嘱观察患者家属表示理解未追究1003护士将注射泵撤回治疗室测试1103注射泵泵入完毕累积量仍为6毫升注射泵报修[SEP],输液速度,患者因冠心病入院于2022年5月4日0903遵医嘱给予患者09氯化钠30毫升加注射用硝酸异山梨酯10毫克以30微克每分钟的速度注射泵静脉泵入患者诉无不适告知患者及家属注射泵使用过程中的注意事项患者及家属表示理解1000巡视患者硝酸异山梨酯组液静脉泵入完毕查看注射泵设置速度无误累积量为6毫升患者及家属表示未私自调节注射泵参数询问患者诉无不适测量体温36度脉搏60次分钟呼吸20次分钟血压12080毫米汞柱告知医生嘱观察患者家属表示理解未追究1003护士将注射泵撤回治疗室测试1103注射泵泵入完毕累积量仍为6毫升注射泵报修,由于各品牌注射器参数不一致设备设定的洁瑞牌注射器参数与洪达牌注射器参数不一致导致流速不准
125370512202200242,其他,[CLS]设备完成调试后无反应无法使用[SEP]在使用时对注射泵进行数据调节完成后按确认键无反应[SEP]在使用时对注射泵进行数据调节完成后按确认键无反应[SEP],设备完成调试后无反应无法使用,在使用时对注射泵进行数据调节完成后按确认键无反应,在使用时对注射泵进行数据调节完成后按确认键无反应,无法确定,在使用时对注射泵进行数据调节完成后按确认键无反应,设备完成调试后无反应无法使用,[CLS]设备完成调试后无反应无法使用[SEP]在使用时对注射泵进行数据调节完成后按确认键无反应[SEP]在使用时对注射泵进行数据调节完成后按确认键无反应[SEP],在使用时对注射泵进行数据调节完成后按确认键无反应,在使用时对注射泵进行数据调节完成后按确认键无反应,经售后工程师拆机检查发现设备主控板进液药液干粉附着在确认键处导致接触不良无反应
125371703202200136,其他,[CLS]无[SEP]屏幕无显示[SEP]2022年5月5日呼吸内一科医护人员使用注射泵为患者治疗时开机后屏幕无显示更换设备继续为患者治疗[SEP],无,屏幕无显示,2022年5月5日呼吸内一科医护人员使用注射泵为患者治疗时开机后屏幕无显示更换设备继续为患者治疗,产品原因（包括说明书等）,电路板块故障,无,[CLS]无[SEP]屏幕无显示[SEP]2022年5月5日呼吸内一科医护人员使用注射泵为患者治疗时开机后屏幕无显示更换设备继续为患者治疗[SEP],屏幕无显示,2022年5月5日呼吸内一科医护人员使用注射泵为患者治疗时开机后屏幕无显示更换设备继续为患者治疗,设备返厂经拆机检查发现电路板老化无法正常为设备供电导致屏幕不显示由于该设备已使用6年处于超预期使用状态长期频繁使用导致电路板老化
140650105202200101,其他,[CLS]未造成任何人员伤害[SEP]注射泵通电不工作[SEP]正常使用后注射泵不工作[SEP],未造成任何人员伤害,注射泵通电不工作,正常使用后注射泵不工作,产品原因（包括说明书等）,内部电路板损坏,未造成任何人员伤害,[CLS]未造成任何人员伤害[SEP]注射泵通电不工作[SEP]正常使用后注射泵不工作[SEP],注射泵通电不工作,正常使用后注射泵不工作,由于电路板插头松动无法正常为设备供电导致开机屏幕不显示造成插头松动的原因分析可能是由于该设备已使用9年处于超预期使用状态长期临床使用和转运过程中设备进行震动磕碰造成电路板插头松动
129291712202200071,严重伤害,[CLS]可能造成单位时间内输入过量药物引起患者严重伤害[SEP]设置注射时间与实际注射完成时间不符[SEP]2022年4月29日1400护士按医嘱给患者严志全泵注09氯化钠氨茶碱组液以5mlh泵入本要10小时才注射完毕的液体1小时就泵入完毕护士发现后马上告知护士长和医生进行患者检查患者生命体征平稳无其他不适遵医嘱给予继续观察停用机器上报设备科进行设备检修[SEP],可能造成单位时间内输入过量药物引起患者严重伤害,设置注射时间与实际注射完成时间不符,2022年4月29日1400护士按医嘱给患者严志全泵注09氯化钠氨茶碱组液以5mlh泵入本要10小时才注射完毕的液体1小时就泵入完毕护士发现后马上告知护士长和医生进行患者检查患者生命体征平稳无其他不适遵医嘱给予继续观察停用机器上报设备科进行设备检修,产品原因（包括说明书等）,护士正常操作可能是产品的内部微处理器或者控制板块有问题,可能造成单位时间内输入过量药物引起患者严重伤害,[CLS]可能造成单位时间内输入过量药物引起患者严重伤害[SEP]设置注射时间与实际注射完成时间不符[SEP]2022年4月29日1400护士按医嘱给患者严志全泵注09氯化钠氨茶碱组液以5mlh泵入本要10小时才注射完毕的液体1小时就泵入完毕护士发现后马上告知护士长和医生进行患者检查患者生命体征平稳无其他不适遵医嘱给予继续观察停用机器上报设备科进行设备检修[SEP],设置注射时间与实际注射完成时间不符,2022年4月29日1400护士按医嘱给患者严志全泵注09氯化钠氨茶碱组液以5mlh泵入本要10小时才注射完毕的液体1小时就泵入完毕护士发现后马上告知护士长和医生进行患者检查患者生命体征平稳无其他不适遵医嘱给予继续观察停用机器上报设备科进行设备检修,该设备于2022年5月12日返厂后售后工程师用洪达注射器对设备重新校准后进行5次预置量为60ml流速为5mlh的测试精度全都在误差允许范围内确认故障原因是临床长期未进行注射器校准设备内存储的参数与实际注射器参数不符导致实际流速与设定流速不一致经过分析该不良事件不属于严重伤害应为其它
138621301202200031,其他,[CLS]注射泵泵入时报警导致患者无法及时治疗[SEP]注射泵泵入时报警设备报错代码异常2[SEP]20220421患者在泵入血管活性药物20分钟左右时设备突然出现报警报错代码异常2执行护士立即检查并重启注射泵还是报错排除人为操作不当立即上报相关科室未给患者造成伤害[SEP],注射泵泵入时报警导致患者无法及时治疗,注射泵泵入时报警设备报错代码异常2,20220421患者在泵入血管活性药物20分钟左右时设备突然出现报警报错代码异常2执行护士立即检查并重启注射泵还是报错排除人为操作不当立即上报相关科室未给患者造成伤害,产品原因（包括说明书等）,可能由于注射泵使用时间较长导致拉杆电位器故障,注射泵泵入时报警导致患者无法及时治疗,[CLS]注射泵泵入时报警导致患者无法及时治疗[SEP]注射泵泵入时报警设备报错代码异常2[SEP]20220421患者在泵入血管活性药物20分钟左右时设备突然出现报警报错代码异常2执行护士立即检查并重启注射泵还是报错排除人为操作不当立即上报相关科室未给患者造成伤害[SEP],注射泵泵入时报警设备报错代码异常2,20220421患者在泵入血管活性药物20分钟左右时设备突然出现报警报错代码异常2执行护士立即检查并重启注射泵还是报错排除人为操作不当立即上报相关科室未给患者造成伤害,1经拆机检查发现设备运行模块有关长电位器行程传感器插头松动导致异常报警2由于设备在医院使用8年以上可能是设备转运过程中受到外力碰撞导致插头松动
125370909202200203,其他,[CLS]null[SEP]不能有效固定在输液架上[SEP]患者需要使用注射泵螺丝松动不能稳定固定在输液架上[SEP],null,不能有效固定在输液架上,患者需要使用注射泵螺丝松动不能稳定固定在输液架上,无法确定,null,null,[CLS]null[SEP]不能有效固定在输液架上[SEP]患者需要使用注射泵螺丝松动不能稳定固定在输液架上[SEP],不能有效固定在输液架上,患者需要使用注射泵螺丝松动不能稳定固定在输液架上,由于该设备已使用12年处于超预期使用状态长期临床使用频繁旋转紧固夹导致紧固夹滑丝不能将设备稳定固定在输液架上
125371700202200222,严重伤害,[CLS]可能对患者造成永久性伤害[SEP]泵速过快[SEP]于2022年4月20日1000发现7床曹婷之女注射泵上的营养液短时间内泵入过多为患者测血糖正常更换注射泵后用生理盐水测试此注射泵速度比设定时间快通知设备科维修设备科工作人员建议报废[SEP],可能对患者造成永久性伤害,泵速过快,于2022年4月20日1000发现7床曹婷之女注射泵上的营养液短时间内泵入过多为患者测血糖正常更换注射泵后用生理盐水测试此注射泵速度比设定时间快通知设备科维修设备科工作人员建议报废,产品原因（包括说明书等）,机器老化,可能对患者造成永久性伤害,[CLS]可能对患者造成永久性伤害[SEP]泵速过快[SEP]于2022年4月20日1000发现7床曹婷之女注射泵上的营养液短时间内泵入过多为患者测血糖正常更换注射泵后用生理盐水测试此注射泵速度比设定时间快通知设备科维修设备科工作人员建议报废[SEP],泵速过快,于2022年4月20日1000发现7床曹婷之女注射泵上的营养液短时间内泵入过多为患者测血糖正常更换注射泵后用生理盐水测试此注射泵速度比设定时间快通知设备科维修设备科工作人员建议报废,经过调查该不良事件未对患者造成伤害不属于严重伤害应为其他该设备已使用10年处于超寿命期使用状态且医院长期未进行校准维护设备内储存的注射器参数与实际注射器参数不一致导致实际流速大于设定流速
120321432202200107,其他,[CLS]无[SEP]注射泵上道识别器损坏[SEP]注射泵开机时发现识别器无法正常使用[SEP],无,注射泵上道识别器损坏,注射泵开机时发现识别器无法正常使用,无法确定,注射泵长期使用识别器损坏,无,[CLS]无[SEP]注射泵上道识别器损坏[SEP]注射泵开机时发现识别器无法正常使用[SEP],注射泵上道识别器损坏,注射泵开机时发现识别器无法正常使用,由于设备在医院已使用9年属于超预期使用状态长期临床使用频繁旋转收缩压柄导致压柄老化断裂
125370509202200094,其他,[CLS]null[SEP]丝杆无法正常推动注射器[SEP]重症监护室使用注射泵时注射泵通道一无法注射更换新注射泵并报修维修科经检查发现是由于丝杆无法正常使用造成的已返厂维修[SEP],null,丝杆无法正常推动注射器,重症监护室使用注射泵时注射泵通道一无法注射更换新注射泵并报修维修科经检查发现是由于丝杆无法正常使用造成的已返厂维修,产品原因（包括说明书等）,丝杆不明原因损坏,null,[CLS]null[SEP]丝杆无法正常推动注射器[SEP]重症监护室使用注射泵时注射泵通道一无法注射更换新注射泵并报修维修科经检查发现是由于丝杆无法正常使用造成的已返厂维修[SEP],丝杆无法正常推动注射器,重症监护室使用注射泵时注射泵通道一无法注射更换新注射泵并报修维修科经检查发现是由于丝杆无法正常使用造成的已返厂维修,由于该设备已使用5年处于超预期使用状态长期临床使用以及不慎液体附着腐蚀导致丝杆套筒老化开裂无法正常使用
125371410202200074,其他,[CLS]无[SEP]不进液[SEP]2022年3月15日外科ICU送修一注射泵台据该科室反映当日该科室进行日常设备维护保养时发现该设备开机不进液随即送修未对病人造成不良影响[SEP],无,不进液,2022年3月15日外科ICU送修一注射泵台据该科室反映当日该科室进行日常设备维护保养时发现该设备开机不进液随即送修未对病人造成不良影响,无法确定,null,无,[CLS]无[SEP]不进液[SEP]2022年3月15日外科ICU送修一注射泵台据该科室反映当日该科室进行日常设备维护保养时发现该设备开机不进液随即送修未对病人造成不良影响[SEP],不进液,2022年3月15日外科ICU送修一注射泵台据该科室反映当日该科室进行日常设备维护保养时发现该设备开机不进液随即送修未对病人造成不良影响,经拆机检查发现推拉盒内压钮弹簧位置发生偏移无法准确感应注射器是否安装到位导致启动无法正常推注液体造成压钮弹簧位置发生偏移由于该设备已使用8年处于超预期使用状态长期临床转运过程中磕碰导致位置发生偏移
125371502202200099,其他,[CLS]延误患者及时治疗[SEP]设备报警E06[SEP]2022年3月31日使用设备为患者进行静脉输注药物时设备有一通道报警E06立即替换设备并联系设备科进行维修[SEP],延误患者及时治疗,设备报警E06,2022年3月31日使用设备为患者进行静脉输注药物时设备有一通道报警E06立即替换设备并联系设备科进行维修,产品原因（包括说明书等）,null,延误患者及时治疗,[CLS]延误患者及时治疗[SEP]设备报警E06[SEP]2022年3月31日使用设备为患者进行静脉输注药物时设备有一通道报警E06立即替换设备并联系设备科进行维修[SEP],设备报警E06,2022年3月31日使用设备为患者进行静脉输注药物时设备有一通道报警E06立即替换设备并联系设备科进行维修,经拆机检查发现压力传感器插头松动初步分析可能是由于临床转运过程中设备磕碰跌宕压力传感器插头松动设备检测的压力值不在正常范围内触发系统故障6报警
125371703202200037,其他,[CLS]无[SEP]无法推注液体[SEP]2022年2月15日新生儿科医护人员使用注射泵为患者注射液体连接注射器后发现设备无法推注液体更换设备后报修[SEP],无,无法推注液体,2022年2月15日新生儿科医护人员使用注射泵为患者注射液体连接注射器后发现设备无法推注液体更换设备后报修,产品原因（包括说明书等）,系统故障,无,[CLS]无[SEP]无法推注液体[SEP]2022年2月15日新生儿科医护人员使用注射泵为患者注射液体连接注射器后发现设备无法推注液体更换设备后报修[SEP],无法推注液体,2022年2月15日新生儿科医护人员使用注射泵为患者注射液体连接注射器后发现设备无法推注液体更换设备后报修,1经拆机检查发现设备运行模块有关长电位器行程传感器插头松动导致接触不良偶发故障2由于设备已使用6年在转运过程中受到外力碰撞导致插头松动接触不良
140654500202200624,其他,[CLS]无[SEP]固定杆断裂[SEP]注射泵固定杆断裂[SEP],无,固定杆断裂,注射泵固定杆断裂,产品原因（包括说明书等）,注射泵固定杆断裂无法使用检修后发现该泵无法单独更换固定杆需要将前壳一同更换,无,[CLS]无[SEP]固定杆断裂[SEP]注射泵固定杆断裂[SEP],固定杆断裂,注射泵固定杆断裂,由于该设备已使用8年处于超预期使用状态经售后工程师与医院沟通操作人员长期临床使用经常未拉倒最远端旋转压柄导致压柄导向柱频繁受到左右的压力开裂
125370612202200099,其他,[CLS]无[SEP]注射泵使用时显示正常工作状态不泵入药液[SEP]患者于2022年3月31日右下肢深静脉血栓形成入院4月7日上午9时微量泵泵入生理盐水20毫升加尿激酶20万单位以25毫升小时的速度泵入显示正常工作状态半小时后护士查看发现泵入液体注射器刻度与开始泵入时一致并未泵入液体且显示正常工作状态中途未有人操作仪器立即更换注射泵患者有点情绪工作人员安抚无伤害[SEP],无,注射泵使用时显示正常工作状态不泵入药液,患者于2022年3月31日右下肢深静脉血栓形成入院4月7日上午9时微量泵泵入生理盐水20毫升加尿激酶20万单位以25毫升小时的速度泵入显示正常工作状态半小时后护士查看发现泵入液体注射器刻度与开始泵入时一致并未泵入液体且显示正常工作状态中途未有人操作仪器立即更换注射泵患者有点情绪工作人员安抚无伤害,产品原因（包括说明书等）,产品质量原因,无,[CLS]无[SEP]注射泵使用时显示正常工作状态不泵入药液[SEP]患者于2022年3月31日右下肢深静脉血栓形成入院4月7日上午9时微量泵泵入生理盐水20毫升加尿激酶20万单位以25毫升小时的速度泵入显示正常工作状态半小时后护士查看发现泵入液体注射器刻度与开始泵入时一致并未泵入液体且显示正常工作状态中途未有人操作仪器立即更换注射泵患者有点情绪工作人员安抚无伤害[SEP],注射泵使用时显示正常工作状态不泵入药液,患者于2022年3月31日右下肢深静脉血栓形成入院4月7日上午9时微量泵泵入生理盐水20毫升加尿激酶20万单位以25毫升小时的速度泵入显示正常工作状态半小时后护士查看发现泵入液体注射器刻度与开始泵入时一致并未泵入液体且显示正常工作状态中途未有人操作仪器立即更换注射泵患者有点情绪工作人员安抚无伤害,经拆机检查发现为丝母磨损导致无法控制丝杆运动无法正常推注液体由于该设备已使用5年处于超预期使用状态长期临床使用丝母频繁咬合丝杆导致磨损
125370500202200149,其他,[CLS]null[SEP]注射泵无提示音[SEP]202233为治疗患者使用注射泵进行药物注射在正常使用中无异常在注射结束时无声音报警导致护士未能及时发现注射完成[SEP],null,注射泵无提示音,202233为治疗患者使用注射泵进行药物注射在正常使用中无异常在注射结束时无声音报警导致护士未能及时发现注射完成,产品原因（包括说明书等）,上报设备科工程师经检修发现机器内喇叭损坏,null,[CLS]null[SEP]注射泵无提示音[SEP]202233为治疗患者使用注射泵进行药物注射在正常使用中无异常在注射结束时无声音报警导致护士未能及时发现注射完成[SEP],注射泵无提示音,202233为治疗患者使用注射泵进行药物注射在正常使用中无异常在注射结束时无声音报警导致护士未能及时发现注射完成,经拆机发现喇叭连接线焊点脱落导致信号无法传递所以喇叭不能正常发声喇叭连接线焊点脱落的原因可能是由于长期临床转运过程中设备受到磕碰等外力作用导致焊点松动脱落
125371703202200107,其他,[CLS]无[SEP]注射器固定夹损坏[SEP]2022年4月11日神经外科医护人员使用注射泵为患者注射液体放置输液器时发现固定夹损坏无法使用立即更换设备继续为患者治疗[SEP],无,注射器固定夹损坏,2022年4月11日神经外科医护人员使用注射泵为患者注射液体放置输液器时发现固定夹损坏无法使用立即更换设备继续为患者治疗,产品原因（包括说明书等）,原因不明,无,[CLS]无[SEP]注射器固定夹损坏[SEP]2022年4月11日神经外科医护人员使用注射泵为患者注射液体放置输液器时发现固定夹损坏无法使用立即更换设备继续为患者治疗[SEP],注射器固定夹损坏,2022年4月11日神经外科医护人员使用注射泵为患者注射液体放置输液器时发现固定夹损坏无法使用立即更换设备继续为患者治疗,由于该设备已使用5年处于超预期使用状态临床长期频繁捏合捏柄导致捏柄老化开裂
125371802202200076,其他,[CLS]null[SEP]注射泵按键及报警无声音[SEP]202203090900责任护士为患者更换连接管时发现注射泵无报警及按键声音立即给予更换注射泵并悬挂故障牌通知器械科前来维修未给患者造成不良后果[SEP],null,注射泵按键及报警无声音,202203090900责任护士为患者更换连接管时发现注射泵无报警及按键声音立即给予更换注射泵并悬挂故障牌通知器械科前来维修未给患者造成不良后果,产品原因（包括说明书等）,可能器械质量问题,null,[CLS]null[SEP]注射泵按键及报警无声音[SEP]202203090900责任护士为患者更换连接管时发现注射泵无报警及按键声音立即给予更换注射泵并悬挂故障牌通知器械科前来维修未给患者造成不良后果[SEP],注射泵按键及报警无声音,202203090900责任护士为患者更换连接管时发现注射泵无报警及按键声音立即给予更换注射泵并悬挂故障牌通知器械科前来维修未给患者造成不良后果,经拆机检查发现喇叭插头脱落造成插头脱落的原因分析可能是由于临床转运过程中设备磕碰震动导致插头松动脱落
137610400202200093,其他,[CLS]无[SEP]异常2[SEP]2022年3月29日在给患者进行静脉注射药物时注射泵报异常2代码立刻予以更换并上报医疗设备管理科[SEP],无,异常2,2022年3月29日在给患者进行静脉注射药物时注射泵报异常2代码立刻予以更换并上报医疗设备管理科,产品原因（包括说明书等）,多考虑1产品本身存在缺陷2操作人员未按产品说明书对产品进行维护和保养,无,[CLS]无[SEP]异常2[SEP]2022年3月29日在给患者进行静脉注射药物时注射泵报异常2代码立刻予以更换并上报医疗设备管理科[SEP],异常2,2022年3月29日在给患者进行静脉注射药物时注射泵报异常2代码立刻予以更换并上报医疗设备管理科,经拆机检查发现为长电位器线束松动造成松动的原因可能是在临床使用和转运过程中设备震动磕碰导致内部长电位器线束松动
125370711202200090,其他,[CLS]给病人静推西地兰时微量泵出现故障经多次调试还是不能正常运行立即从内一科借用微量泵使用未给对病人造成伤害[SEP]微量泵出现故障经多次调试还是不能正常运行[SEP]202246日给患者静推西地兰时微量泵出现故障经多次调试还是不能正常运行立即从其他科室借用微量泵使用未给对病人造成伤害[SEP],给病人静推西地兰时微量泵出现故障经多次调试还是不能正常运行立即从内一科借用微量泵使用未给对病人造成伤害,微量泵出现故障经多次调试还是不能正常运行,202246日给患者静推西地兰时微量泵出现故障经多次调试还是不能正常运行立即从其他科室借用微量泵使用未给对病人造成伤害,产品原因（包括说明书等）,产品质量问题,给病人静推西地兰时微量泵出现故障经多次调试还是不能正常运行立即从内一科借用微量泵使用未给对病人造成伤害,[CLS]给病人静推西地兰时微量泵出现故障经多次调试还是不能正常运行立即从内一科借用微量泵使用未给对病人造成伤害[SEP]微量泵出现故障经多次调试还是不能正常运行[SEP]202246日给患者静推西地兰时微量泵出现故障经多次调试还是不能正常运行立即从其他科室借用微量泵使用未给对病人造成伤害[SEP],微量泵出现故障经多次调试还是不能正常运行,202246日给患者静推西地兰时微量泵出现故障经多次调试还是不能正常运行立即从其他科室借用微量泵使用未给对病人造成伤害,1经拆机检查发现是负责传递离合检测信号的FPC线松动造成检测信号中断发生报警2FPC线松动的原因分析可能是临床转运过程中设备磕碰震荡导致的
125371802202200080,其他,[CLS]null[SEP]开机后显示系统故障4[SEP]202203090840责任护士准备好泵入药物为患者连接注射泵时注射泵开机显示系统故障4立即给予更换注射泵并悬挂故障牌通知器械科前来维修未给患者造成不良后果[SEP],null,开机后显示系统故障4,202203090840责任护士准备好泵入药物为患者连接注射泵时注射泵开机显示系统故障4立即给予更换注射泵并悬挂故障牌通知器械科前来维修未给患者造成不良后果,产品原因（包括说明书等）,可能与机器有关,null,[CLS]null[SEP]开机后显示系统故障4[SEP]202203090840责任护士准备好泵入药物为患者连接注射泵时注射泵开机显示系统故障4立即给予更换注射泵并悬挂故障牌通知器械科前来维修未给患者造成不良后果[SEP],开机后显示系统故障4,202203090840责任护士准备好泵入药物为患者连接注射泵时注射泵开机显示系统故障4立即给予更换注射泵并悬挂故障牌通知器械科前来维修未给患者造成不良后果,1拆机检查发现主从道间通信线插头从插座上脱落2分析可能是由于临床转运过程中设备受外力磕碰导致主从道连接线插头松动脱落
125371703202200109,其他,[CLS]无[SEP]注射杆损坏[SEP]2022年4月11日急诊科使用注射泵为患者治疗时发现注射泵无法使用更换设备继续为患者治疗[SEP],无,注射杆损坏,2022年4月11日急诊科使用注射泵为患者治疗时发现注射泵无法使用更换设备继续为患者治疗,产品原因（包括说明书等）,注射杆故障,无,[CLS]无[SEP]注射杆损坏[SEP]2022年4月11日急诊科使用注射泵为患者治疗时发现注射泵无法使用更换设备继续为患者治疗[SEP],注射杆损坏,2022年4月11日急诊科使用注射泵为患者治疗时发现注射泵无法使用更换设备继续为患者治疗,由于该设备已使用超过十年处于超预期使用状态长期临床使用丝杆套筒老化导致开裂
125371502202200066,其他,[CLS]输注泵药物不足导致药物疗效不够反应引起患者未及时治疗[SEP]注射器未顶紧报警[SEP]2022年3月27日15点神经内三科护士在使用注射泵进行药物常规输注时发现注射到还剩10ml左右时就报警无法再次输注立即停止设备使用对患者造成延误治疗科室立刻报修设备科[SEP],输注泵药物不足导致药物疗效不够反应引起患者未及时治疗,注射器未顶紧报警,2022年3月27日15点神经内三科护士在使用注射泵进行药物常规输注时发现注射到还剩10ml左右时就报警无法再次输注立即停止设备使用对患者造成延误治疗科室立刻报修设备科,产品原因（包括说明书等）,怀疑产品质量缺陷输注到一定位置就报警停止推杆容易损坏无法识别正确位置,输注泵药物不足导致药物疗效不够反应引起患者未及时治疗,[CLS]输注泵药物不足导致药物疗效不够反应引起患者未及时治疗[SEP]注射器未顶紧报警[SEP]2022年3月27日15点神经内三科护士在使用注射泵进行药物常规输注时发现注射到还剩10ml左右时就报警无法再次输注立即停止设备使用对患者造成延误治疗科室立刻报修设备科[SEP],注射器未顶紧报警,2022年3月27日15点神经内三科护士在使用注射泵进行药物常规输注时发现注射到还剩10ml左右时就报警无法再次输注立即停止设备使用对患者造成延误治疗科室立刻报修设备科,1经拆机检查发现内部传递检测信号的FPC线线束插头处松动导致信号传递异常引发报警2造成插头松动的原因分析是由于产品在使用期间转运过程中发生碰撞导致插头松动
116211206202200014,其他,[CLS]停止运行[SEP]断电后不能正常运行[SEP]患者去卫生间时拔电源后注射泵不能正常运行立即更换注射泵后正常使用[SEP],停止运行,断电后不能正常运行,患者去卫生间时拔电源后注射泵不能正常运行立即更换注射泵后正常使用,产品原因（包括说明书等）,注射泵存在质量问题,停止运行,[CLS]停止运行[SEP]断电后不能正常运行[SEP]患者去卫生间时拔电源后注射泵不能正常运行立即更换注射泵后正常使用[SEP],断电后不能正常运行,患者去卫生间时拔电源后注射泵不能正常运行立即更换注射泵后正常使用,注射泵配备的电池为可充电锂电池该电池属于消耗品随着使用年限的增加电池性能会衰减由于设备已经使用8年处于超预期使用状态电池蓄电能力降低所以在未接交流电情况下电池电量不足以满足设备正常运行导致关机
125370112202200056,其他,[CLS]药物无法泵入[SEP]微量泵不工作[SEP]患者因1右外囊颞叶区脑出血2继发性脑室出血3呼吸衰竭4高血压病5慢性阻塞性肺疾病于20220301有脑外科转入重症医学科根据医嘱给予泵入醒脑静药物于202203100900设置50mlh给予泵入于0910发现药物未减少考虑微量泵入不工作随即更换微量泵后药物正常泵入未对患者造成不良影响[SEP],药物无法泵入,微量泵不工作,患者因1右外囊颞叶区脑出血2继发性脑室出血3呼吸衰竭4高血压病5慢性阻塞性肺疾病于20220301有脑外科转入重症医学科根据医嘱给予泵入醒脑静药物于202203100900设置50mlh给予泵入于0910发现药物未减少考虑微量泵入不工作随即更换微量泵后药物正常泵入未对患者造成不良影响,产品原因（包括说明书等）,202203100900设置50mlh给予泵入于0910发现药物未减少可能是微量泵本身存在损坏造成其不能正常泵出药物,药物无法泵入,[CLS]药物无法泵入[SEP]微量泵不工作[SEP]患者因1右外囊颞叶区脑出血2继发性脑室出血3呼吸衰竭4高血压病5慢性阻塞性肺疾病于20220301有脑外科转入重症医学科根据医嘱给予泵入醒脑静药物于202203100900设置50mlh给予泵入于0910发现药物未减少考虑微量泵入不工作随即更换微量泵后药物正常泵入未对患者造成不良影响[SEP],微量泵不工作,患者因1右外囊颞叶区脑出血2继发性脑室出血3呼吸衰竭4高血压病5慢性阻塞性肺疾病于20220301有脑外科转入重症医学科根据医嘱给予泵入醒脑静药物于202203100900设置50mlh给予泵入于0910发现药物未减少考虑微量泵入不工作随即更换微量泵后药物正常泵入未对患者造成不良影响,由于使用的注射器未进行校准注射器参数与机器保存参数不一致导致不识别注射器规格型号无法启动运行
115152707202200011,其他,[CLS]null[SEP]卡注射器卡子断裂无法使用[SEP]我院新生儿科为患儿药物注射使用微量注射泵使用时注射器卡子断裂无法使用只能更换注射泵[SEP],null,卡注射器卡子断裂无法使用,我院新生儿科为患儿药物注射使用微量注射泵使用时注射器卡子断裂无法使用只能更换注射泵,"产品原因（包括说明书等）,操作原因",正常操作卡子易断裂,null,[CLS]null[SEP]卡注射器卡子断裂无法使用[SEP]我院新生儿科为患儿药物注射使用微量注射泵使用时注射器卡子断裂无法使用只能更换注射泵[SEP],卡注射器卡子断裂无法使用,我院新生儿科为患儿药物注射使用微量注射泵使用时注射器卡子断裂无法使用只能更换注射泵,经过分析和实验我们发现使用ABS硬塑料内嵌金属预埋件材质制作的捏柄在经过数万次捏合后可能会出现开裂现象在ABS中增加适量玻纤再按相同工艺制作捏柄做对比实验没有出现开裂现象推测ABS硬塑料内嵌金属预埋件材质强度不够造成捏柄开裂
125370604202200032,其他,[CLS]无[SEP]注射泵注射器固定卡口夹损坏[SEP]2022224设备科在进行设备保养维护时发现注射泵夹子损坏立即给予更换注射泵夹子后恢复正常未用到患者身上因此未产生不良伤害[SEP],无,注射泵注射器固定卡口夹损坏,2022224设备科在进行设备保养维护时发现注射泵夹子损坏立即给予更换注射泵夹子后恢复正常未用到患者身上因此未产生不良伤害,无法确定,夹子为塑料材质且需经常按压导致夹子根部开裂,无,[CLS]无[SEP]注射泵注射器固定卡口夹损坏[SEP]2022224设备科在进行设备保养维护时发现注射泵夹子损坏立即给予更换注射泵夹子后恢复正常未用到患者身上因此未产生不良伤害[SEP],注射泵注射器固定卡口夹损坏,2022224设备科在进行设备保养维护时发现注射泵夹子损坏立即给予更换注射泵夹子后恢复正常未用到患者身上因此未产生不良伤害,由于该设备已使用7年处于超预期使用状态长期临床使用导致捏柄老化开裂
127420400202200030,其他,[CLS]null[SEP]开机显示完成[SEP]刚开机显示完成[SEP],null,开机显示完成,刚开机显示完成,产品原因（包括说明书等）,机内数据线脱落,null,[CLS]null[SEP]开机显示完成[SEP]刚开机显示完成[SEP],开机显示完成,刚开机显示完成,注射泵配备的电池为可充电锂电池该电池属于消耗品随着使用年限的增加电池性能会衰减由于设备已使用8年处于超预期使用状态电池蓄电能力降低所以未连接交流电时会出现电量不足自动关机
116211206202200009,其他,[CLS]注射泵速度调至3mlh10秒后自动调至1mlh[SEP]速度无法调节[SEP]2月19日患者冠心病心绞痛高血压房颤遵医嘱给予药物泵入注射泵调至3mlh启动后10秒机器报警屏幕显示速度为1mlh重新启动仍出现上述情况更换注射泵后正常[SEP],注射泵速度调至3mlh10秒后自动调至1mlh,速度无法调节,2月19日患者冠心病心绞痛高血压房颤遵医嘱给予药物泵入注射泵调至3mlh启动后10秒机器报警屏幕显示速度为1mlh重新启动仍出现上述情况更换注射泵后正常,无法确定,机械故障,注射泵速度调至3mlh10秒后自动调至1mlh,[CLS]注射泵速度调至3mlh10秒后自动调至1mlh[SEP]速度无法调节[SEP]2月19日患者冠心病心绞痛高血压房颤遵医嘱给予药物泵入注射泵调至3mlh启动后10秒机器报警屏幕显示速度为1mlh重新启动仍出现上述情况更换注射泵后正常[SEP],速度无法调节,2月19日患者冠心病心绞痛高血压房颤遵医嘱给予药物泵入注射泵调至3mlh启动后10秒机器报警屏幕显示速度为1mlh重新启动仍出现上述情况更换注射泵后正常,经售后工程师与医院沟通由于操作人员使用前未清零累积量导致设备启动前累积量与预置量相同设备报输液完成以KVO流速运行属于正常现象
125370604202200033,其他,[CLS]无[SEP]注射泵推杆损坏[SEP]2022221设备科在进行维护保养时发现注射泵推动杆无动作未产生伤害经设备科检修发现推动杆损坏立即给予返厂维修更换推动杆后恢复正常使用未使用至患者身上未造成不良伤害[SEP],无,注射泵推杆损坏,2022221设备科在进行维护保养时发现注射泵推动杆无动作未产生伤害经设备科检修发现推动杆损坏立即给予返厂维修更换推动杆后恢复正常使用未使用至患者身上未造成不良伤害,无法确定,推动杆老化损坏,无,[CLS]无[SEP]注射泵推杆损坏[SEP]2022221设备科在进行维护保养时发现注射泵推动杆无动作未产生伤害经设备科检修发现推动杆损坏立即给予返厂维修更换推动杆后恢复正常使用未使用至患者身上未造成不良伤害[SEP],注射泵推杆损坏,2022221设备科在进行维护保养时发现注射泵推动杆无动作未产生伤害经设备科检修发现推动杆损坏立即给予返厂维修更换推动杆后恢复正常使用未使用至患者身上未造成不良伤害,由于设备已使用超过8年处于超预期使用状态长期频繁使用捏柄导致该部件损坏
125371100202200080,其他,[CLS]无[SEP]注射器夹持部位断裂[SEP]2022年2月21日在使用注射泵为患者输注药物时发生注射器夹持部位断裂故障立即停止使用更换另外的注射泵为患者完成输注未对患者造成伤害通知设备科维修[SEP],无,注射器夹持部位断裂,2022年2月21日在使用注射泵为患者输注药物时发生注射器夹持部位断裂故障立即停止使用更换另外的注射泵为患者完成输注未对患者造成伤害通知设备科维修,产品原因（包括说明书等）,注射器夹持部位断裂,无,[CLS]无[SEP]注射器夹持部位断裂[SEP]2022年2月21日在使用注射泵为患者输注药物时发生注射器夹持部位断裂故障立即停止使用更换另外的注射泵为患者完成输注未对患者造成伤害通知设备科维修[SEP],注射器夹持部位断裂,2022年2月21日在使用注射泵为患者输注药物时发生注射器夹持部位断裂故障立即停止使用更换另外的注射泵为患者完成输注未对患者造成伤害通知设备科维修,由于设备已使用超过6年处于超预期使用状态长期频繁使用捏柄导致该部件磨损断裂
125370604202200029,其他,[CLS]无[SEP]注射泵注射器固定卡口夹损坏[SEP]2022年2月18日内二科在维护注射泵时发现注射器卡口损坏立即更换注射泵并上报设备科经设备科检查发现注射器固定卡扣老化断裂更换卡扣后恢复正常使用未造成不良伤害[SEP],无,注射泵注射器固定卡口夹损坏,2022年2月18日内二科在维护注射泵时发现注射器卡口损坏立即更换注射泵并上报设备科经设备科检查发现注射器固定卡扣老化断裂更换卡扣后恢复正常使用未造成不良伤害,无法确定,2022年2月18日科室在维护注射泵时发现注射器卡口损坏未对患者造成伤害经设备科检查发现注射器固定卡扣老化断裂更换卡扣后恢复正常使用,无,[CLS]无[SEP]注射泵注射器固定卡口夹损坏[SEP]2022年2月18日内二科在维护注射泵时发现注射器卡口损坏立即更换注射泵并上报设备科经设备科检查发现注射器固定卡扣老化断裂更换卡扣后恢复正常使用未造成不良伤害[SEP],注射泵注射器固定卡口夹损坏,2022年2月18日内二科在维护注射泵时发现注射器卡口损坏立即更换注射泵并上报设备科经设备科检查发现注射器固定卡扣老化断裂更换卡扣后恢复正常使用未造成不良伤害,由于设备已使用超过7年处于超预期使用状态长期频繁使用捏柄导致该部件磨损断裂
125371806202200067,其他,[CLS]null[SEP]注射器针栓固定手柄断裂[SEP]给患者使用注射泵时调节针栓手柄时手柄断裂[SEP],null,注射器针栓固定手柄断裂,给患者使用注射泵时调节针栓手柄时手柄断裂,产品原因（包括说明书等）,注射泵存在设计缺陷容易造成针栓固定手柄磕碰,null,[CLS]null[SEP]注射器针栓固定手柄断裂[SEP]给患者使用注射泵时调节针栓手柄时手柄断裂[SEP],注射器针栓固定手柄断裂,给患者使用注射泵时调节针栓手柄时手柄断裂,由于该设备已使用6年处于超预期使用状态长期临床使用频繁按压捏柄导致捏柄老化断裂
125370910202200060,其他,[CLS]无[SEP]使用时夹上注射器设置注射速率时按确认键无反应[SEP]使用时夹上注射器设置注射速率时按确认键无反应[SEP],无,使用时夹上注射器设置注射速率时按确认键无反应,使用时夹上注射器设置注射速率时按确认键无反应,产品原因（包括说明书等）,多次按确认键触点碳化接触不良,无,[CLS]无[SEP]使用时夹上注射器设置注射速率时按确认键无反应[SEP]使用时夹上注射器设置注射速率时按确认键无反应[SEP],使用时夹上注射器设置注射速率时按确认键无反应,使用时夹上注射器设置注射速率时按确认键无反应,经拆机检查发现设备主控板进液药液干粉附着在确认键处导致接触不良无反应
125371410202200033,其他,[CLS]无[SEP]设备开机后无法启动[SEP]2022年3月1日内十送修一台注射泵据该科室反映当日该科室进行日常设备维护保养时发现该设备开机后无法启动随即送修未对病人造成不良影响[SEP],无,设备开机后无法启动,2022年3月1日内十送修一台注射泵据该科室反映当日该科室进行日常设备维护保养时发现该设备开机后无法启动随即送修未对病人造成不良影响,无法确定,null,无,[CLS]无[SEP]设备开机后无法启动[SEP]2022年3月1日内十送修一台注射泵据该科室反映当日该科室进行日常设备维护保养时发现该设备开机后无法启动随即送修未对病人造成不良影响[SEP],设备开机后无法启动,2022年3月1日内十送修一台注射泵据该科室反映当日该科室进行日常设备维护保养时发现该设备开机后无法启动随即送修未对病人造成不良影响,由于设备在医院已使用8年属于超预期寿命使用状态前壳压柄结构因长期频繁使用老化开裂
116210200202200040,其他,[CLS]无[SEP]D010301_操作失效[SEP]2021年12月3日该机器开机正常安装完注射器设置完参数后按启动键设备无反应不工作更换其他设备[SEP],无,D010301_操作失效,2021年12月3日该机器开机正常安装完注射器设置完参数后按启动键设备无反应不工作更换其他设备,产品原因（包括说明书等）,可能为产品故障,无,[CLS]无[SEP]D010301_操作失效[SEP]2021年12月3日该机器开机正常安装完注射器设置完参数后按启动键设备无反应不工作更换其他设备[SEP],D010301_操作失效,2021年12月3日该机器开机正常安装完注射器设置完参数后按启动键设备无反应不工作更换其他设备,经拆机检查发现设备主控板进液药液干粉附着在启动键处导致接触不良无反应
129440531202200014,严重伤害,[CLS]影响使用[SEP]D010301_操作失效D020203_定位失效[SEP]2022年2月15日我院内一区的一台威高注射泵护士在准备使用时发现设备一直报警无法启动工作科室及时通知设备科处理[SEP],影响使用,D010301_操作失效D020203_定位失效,2022年2月15日我院内一区的一台威高注射泵护士在准备使用时发现设备一直报警无法启动工作科室及时通知设备科处理,产品原因（包括说明书等）,经设备科人员检查发现设备一直报警注射器未顶紧无法消除此设备安装未满一年年前刚返厂维修现又故障产品质量与售后太差,影响使用,[CLS]影响使用[SEP]D010301_操作失效D020203_定位失效[SEP]2022年2月15日我院内一区的一台威高注射泵护士在准备使用时发现设备一直报警无法启动工作科室及时通知设备科处理[SEP],D010301_操作失效D020203_定位失效,2022年2月15日我院内一区的一台威高注射泵护士在准备使用时发现设备一直报警无法启动工作科室及时通知设备科处理,1经返厂拆机检查发现内部传递检测信号的FPC线线束插头处松动导致信号传递异常引发报警2造成插头松动的原因分析是由于产品在售后工程师维修后寄回医院运输环节震动等外力以及在使用期间转运过程中发生碰撞导致插头松动经过分析我公司认为该不良事件不属于严重伤害应为其他
125371703202200036,其他,[CLS]无[SEP]无法注射液体[SEP]2022年2月15日新生儿科医护人员使用注射泵为患者注射液体连接注射器后发现无法推注液体更换设备继续为患者治疗[SEP],无,无法注射液体,2022年2月15日新生儿科医护人员使用注射泵为患者注射液体连接注射器后发现无法推注液体更换设备继续为患者治疗,产品原因（包括说明书等）,系统故障,无,[CLS]无[SEP]无法注射液体[SEP]2022年2月15日新生儿科医护人员使用注射泵为患者注射液体连接注射器后发现无法推注液体更换设备继续为患者治疗[SEP],无法注射液体,2022年2月15日新生儿科医护人员使用注射泵为患者注射液体连接注射器后发现无法推注液体更换设备继续为患者治疗,1经拆机检查发现设备运行模块有关长电位器行程传感器插头松动导致2由于设备已使用10年在转运过程中受到外力碰撞导致插头松动
125371803202200020,其他,[CLS]null[SEP]电池报警[SEP]2022117在神经外科使用注射泵时发现报警科室及时更换备用输液泵未对病人造成不良影响[SEP],null,电池报警,2022117在神经外科使用注射泵时发现报警科室及时更换备用输液泵未对病人造成不良影响,产品原因（包括说明书等）,电池损坏,null,[CLS]null[SEP]电池报警[SEP]2022117在神经外科使用注射泵时发现报警科室及时更换备用输液泵未对病人造成不良影响[SEP],电池报警,2022117在神经外科使用注射泵时发现报警科室及时更换备用输液泵未对病人造成不良影响,由于医院上次电池模式使用后未进行充电导致设备电池储存电量低医院在电池模式下使用设备设备报电压低为正常现象
138620409202200011,其他,[CLS]无[SEP]阻塞报警[SEP]护理人员在使用过程中发现注射泵报阻塞报警[SEP],无,阻塞报警,护理人员在使用过程中发现注射泵报阻塞报警,无法确定,初步推断为输液管打折受压或血块阻塞静脉通路进血端血管压力过大,无,[CLS]无[SEP]阻塞报警[SEP]护理人员在使用过程中发现注射泵报阻塞报警[SEP],阻塞报警,护理人员在使用过程中发现注射泵报阻塞报警,经售后工程师与医院沟通设备阻塞等级为低级报警时医院检查为血块阻塞通路导致管路内压力超过设定的阈值设备提示阻塞报警提醒操作人员干预属于正常现象
140654500202200282,其他,[CLS]null[SEP]D1016_电路故障D1022_电器件问题[SEP]使用连接交流电源时仪器后端电源接口处闪爆[SEP],null,D1016_电路故障D1022_电器件问题,使用连接交流电源时仪器后端电源接口处闪爆,产品原因（包括说明书等）,检查检测仪器发现仪器电源板故障短路,null,[CLS]null[SEP]D1016_电路故障D1022_电器件问题[SEP]使用连接交流电源时仪器后端电源接口处闪爆[SEP],D1016_电路故障D1022_电器件问题,使用连接交流电源时仪器后端电源接口处闪爆,经售后人员与医院沟通医院使用设备时电源线设备接口端处有药液附着未及时清理导致电源线连接交流电后线路短路无法正常开机
115151010202200035,其他,[CLS]null[SEP]注射泵显示注射完成但注射器内仍有药物[SEP]为患者使用该注射泵治疗治疗完毕机器显示注射完毕但注射器内仍残留2ml液体联系设备科维修[SEP],null,注射泵显示注射完成但注射器内仍有药物,为患者使用该注射泵治疗治疗完毕机器显示注射完毕但注射器内仍残留2ml液体联系设备科维修,产品原因（包括说明书等）,null,null,[CLS]null[SEP]注射泵显示注射完成但注射器内仍有药物[SEP]为患者使用该注射泵治疗治疗完毕机器显示注射完毕但注射器内仍残留2ml液体联系设备科维修[SEP],注射泵显示注射完成但注射器内仍有药物,为患者使用该注射泵治疗治疗完毕机器显示注射完毕但注射器内仍残留2ml液体联系设备科维修,经售后工程师与医院沟通医院长期未进行设备维护导致设备内储存的注射器参数与实际参数不符造成流速不准
125371703202200045,其他,[CLS]null[SEP]设备速率不准[SEP]在使用过程中发现速率不准进行校准后正常使用[SEP],null,设备速率不准,在使用过程中发现速率不准进行校准后正常使用,产品原因（包括说明书等）,速率不准,null,[CLS]null[SEP]设备速率不准[SEP]在使用过程中发现速率不准进行校准后正常使用[SEP],设备速率不准,在使用过程中发现速率不准进行校准后正常使用,经售后工程师与医院沟通医院长期未进行设备维护导致设备内储存的注射器参数与实际参数不符造成流速不准
125370701202200049,其他,[CLS]无[SEP]微量注射泵开机报警提示信息系统故障4[SEP]患者于2022年02月12日因急性心力衰竭到我院急诊科就诊02月19日0840应用注射泵为患者定速泵入药液开机后注射泵报警屏幕显示系统故障4重启机器后报警未消除立即予更换注射泵继续为患者输注药液未对患者造成影响及时向患者及家属做好解释工作取得理解联系器械科工程师前来检修目前机器处于待修状态[SEP],无,微量注射泵开机报警提示信息系统故障4,患者于2022年02月12日因急性心力衰竭到我院急诊科就诊02月19日0840应用注射泵为患者定速泵入药液开机后注射泵报警屏幕显示系统故障4重启机器后报警未消除立即予更换注射泵继续为患者输注药液未对患者造成影响及时向患者及家属做好解释工作取得理解联系器械科工程师前来检修目前机器处于待修状态,产品原因（包括说明书等）,通过咨询厂家工程师得知系统故障4表示注射泵通信故障,无,[CLS]无[SEP]微量注射泵开机报警提示信息系统故障4[SEP]患者于2022年02月12日因急性心力衰竭到我院急诊科就诊02月19日0840应用注射泵为患者定速泵入药液开机后注射泵报警屏幕显示系统故障4重启机器后报警未消除立即予更换注射泵继续为患者输注药液未对患者造成影响及时向患者及家属做好解释工作取得理解联系器械科工程师前来检修目前机器处于待修状态[SEP],微量注射泵开机报警提示信息系统故障4,患者于2022年02月12日因急性心力衰竭到我院急诊科就诊02月19日0840应用注射泵为患者定速泵入药液开机后注射泵报警屏幕显示系统故障4重启机器后报警未消除立即予更换注射泵继续为患者输注药液未对患者造成影响及时向患者及家属做好解释工作取得理解联系器械科工程师前来检修目前机器处于待修状态,1拆机检查发现主从道间通信线插头从插座上脱落2分析可能是由于临床转运过程中设备受外力磕碰导致主从道连接线插头松动脱落
117221230202200043,其他,[CLS]无伤害[SEP]机器异常报警[SEP]机器异常报警重启否仍报警[SEP],无伤害,机器异常报警,机器异常报警重启否仍报警,产品原因（包括说明书等）,null,无伤害,[CLS]无伤害[SEP]机器异常报警[SEP]机器异常报警重启否仍报警[SEP],机器异常报警,机器异常报警重启否仍报警,由于该设备已使用7年处于超预期使用状态临床长期使用电池老化蓄电能降低开机电量低导致报电压低
140650110202200015,其他,[CLS]无法正常使用影响患者治疗疗效[SEP]设备异常停机报警[SEP]值班护士发现设备经常无故停机并报警报警内容注射器未夹紧更换注射器后故障依旧随即更换备用设备并报修对病人未造成影响[SEP],无法正常使用影响患者治疗疗效,设备异常停机报警,值班护士发现设备经常无故停机并报警报警内容注射器未夹紧更换注射器后故障依旧随即更换备用设备并报修对病人未造成影响,产品原因（包括说明书等）,注射器传感器排线故障导致无法正确识别注射器,无法正常使用影响患者治疗疗效,[CLS]无法正常使用影响患者治疗疗效[SEP]设备异常停机报警[SEP]值班护士发现设备经常无故停机并报警报警内容注射器未夹紧更换注射器后故障依旧随即更换备用设备并报修对病人未造成影响[SEP],设备异常停机报警,值班护士发现设备经常无故停机并报警报警内容注射器未夹紧更换注射器后故障依旧随即更换备用设备并报修对病人未造成影响,1经拆机检查发现内部传递检测信号的FPC线线束插头处松动导致信号传递异常引发报警2造成插头松动的原因分析是由于产品在运输环节震动跌落等外力以及在使用期间转运过程中发生碰撞导致插头松动
140650110202200017,其他,[CLS]无法正常使用[SEP]按键板失灵无法开机[SEP]护士在使用设备时发现设备无法开机后通知工程师维修[SEP],无法正常使用,按键板失灵无法开机,护士在使用设备时发现设备无法开机后通知工程师维修,无法确定,薄膜按键板失灵导致无法开机,无法正常使用,[CLS]无法正常使用[SEP]按键板失灵无法开机[SEP]护士在使用设备时发现设备无法开机后通知工程师维修[SEP],按键板失灵无法开机,护士在使用设备时发现设备无法开机后通知工程师维修,由于该设备已使用8年处于超预期使用状态临床长期使用频繁进行按键操作主控板上开机键按键机械性老化导致按键帽与按键间缝隙变大接触不良导致开机键不灵敏
140652801202200005,其他,[CLS]M1953_阻塞[SEP]D020207_推进困难[SEP]科室在使用时发现注射器夹断裂无法固定注射器影响科室正常使用[SEP],M1953_阻塞,D020207_推进困难,科室在使用时发现注射器夹断裂无法固定注射器影响科室正常使用,产品原因（包括说明书等）,null,M1953_阻塞,[CLS]M1953_阻塞[SEP]D020207_推进困难[SEP]科室在使用时发现注射器夹断裂无法固定注射器影响科室正常使用[SEP],D020207_推进困难,科室在使用时发现注射器夹断裂无法固定注射器影响科室正常使用,经过分析和实验我们发现使用ABS硬塑料内嵌金属预埋件材质制作的捏柄在经过数万次捏合后可能会出现开裂现象在ABS中增加适量玻纤再按相同工艺制作捏柄做对比实验没有出现开裂现象推测ABS硬塑料内嵌金属预埋件材质强度不够造成捏柄开裂
140652811202200016,其他,[CLS]设备无法使用导致耽误治疗[SEP]拉杆断裂[SEP]于2022年1月21日儿科护士报修说注射泵拉杆断裂设备科工程师把注射泵取回维修室正在维修[SEP],设备无法使用导致耽误治疗,拉杆断裂,于2022年1月21日儿科护士报修说注射泵拉杆断裂设备科工程师把注射泵取回维修室正在维修,无法确定,设备使用年限过长使用频繁导致设备故障,设备无法使用导致耽误治疗,[CLS]设备无法使用导致耽误治疗[SEP]拉杆断裂[SEP]于2022年1月21日儿科护士报修说注射泵拉杆断裂设备科工程师把注射泵取回维修室正在维修[SEP],拉杆断裂,于2022年1月21日儿科护士报修说注射泵拉杆断裂设备科工程师把注射泵取回维修室正在维修,由于该设备已使用7年处于超预期使用状态长期临床频繁使用捏柄反复受到按压导致磨损开裂
140652811202200004,其他,[CLS]注射泵固定不好可能导致砸到病人身上[SEP]输液架固定夹滑丝[SEP]于2022年1月4日CCU护士准备使用注射泵给患者注射药物时发现注射泵在输液架上的位置松动可能会导致注射泵掉下来砸到病人身上所以立即停止使用向设备科报修设备科工程师发现输液架固定夹滑丝通过维修注射泵能固定好了排除了安全隐患[SEP],注射泵固定不好可能导致砸到病人身上,输液架固定夹滑丝,于2022年1月4日CCU护士准备使用注射泵给患者注射药物时发现注射泵在输液架上的位置松动可能会导致注射泵掉下来砸到病人身上所以立即停止使用向设备科报修设备科工程师发现输液架固定夹滑丝通过维修注射泵能固定好了排除了安全隐患,无法确定,设备使用频繁导致固定夹滑丝,注射泵固定不好可能导致砸到病人身上,[CLS]注射泵固定不好可能导致砸到病人身上[SEP]输液架固定夹滑丝[SEP]于2022年1月4日CCU护士准备使用注射泵给患者注射药物时发现注射泵在输液架上的位置松动可能会导致注射泵掉下来砸到病人身上所以立即停止使用向设备科报修设备科工程师发现输液架固定夹滑丝通过维修注射泵能固定好了排除了安全隐患[SEP],输液架固定夹滑丝,于2022年1月4日CCU护士准备使用注射泵给患者注射药物时发现注射泵在输液架上的位置松动可能会导致注射泵掉下来砸到病人身上所以立即停止使用向设备科报修设备科工程师发现输液架固定夹滑丝通过维修注射泵能固定好了排除了安全隐患,由于设备已使用七年处于超预期寿命使用状态频繁使用导致螺孔内的螺纹磨损不能与螺杆起到咬合的效果
125371802202200013,其他,[CLS]null[SEP]输液夹子关闭后机器不报警[SEP]2022113为患者使用注射泵降压治疗患者做检查时关闭延长管输液夹子但机器忘记关闭机器处于正常运作状态2小时后才报警药液未减少[SEP],null,输液夹子关闭后机器不报警,2022113为患者使用注射泵降压治疗患者做检查时关闭延长管输液夹子但机器忘记关闭机器处于正常运作状态2小时后才报警药液未减少,产品原因（包括说明书等）,堵塞报警功能失灵,null,[CLS]null[SEP]输液夹子关闭后机器不报警[SEP]2022113为患者使用注射泵降压治疗患者做检查时关闭延长管输液夹子但机器忘记关闭机器处于正常运作状态2小时后才报警药液未减少[SEP],输液夹子关闭后机器不报警,2022113为患者使用注射泵降压治疗患者做检查时关闭延长管输液夹子但机器忘记关闭机器处于正常运作状态2小时后才报警药液未减少,1售后工程师与医院沟通设备阻塞等级为中在管路压力值达到61kPa100kPa设备报阻塞报警2故障发生时设备设定流速较低关闭延长管输液夹后设备正常运行液体对管路的压力增速缓慢压力值达到报警阈值的时间较长所以阻塞报警延迟
125371803202200013,其他,[CLS]null[SEP]使用时报错传感器故障[SEP]2021年12月28日在血液病房使用注射泵时报故障无法使用及时更换备用泵未对病人造成不良影响[SEP],null,使用时报错传感器故障,2021年12月28日在血液病房使用注射泵时报故障无法使用及时更换备用泵未对病人造成不良影响,产品原因（包括说明书等）,传感器损坏,null,[CLS]null[SEP]使用时报错传感器故障[SEP]2021年12月28日在血液病房使用注射泵时报故障无法使用及时更换备用泵未对病人造成不良影响[SEP],使用时报错传感器故障,2021年12月28日在血液病房使用注射泵时报故障无法使用及时更换备用泵未对病人造成不良影响,由于该设备已使用8年处于超预期使用状态长期临床频繁使用导致压力传感器线路老化造成误报警
125370512202200032,其他,[CLS]影响病人注射[SEP]2022120注射泵在使用时出现暂停后发生报警[SEP]2022120注射泵在使用时出现暂停后发生报警[SEP],影响病人注射,2022120注射泵在使用时出现暂停后发生报警,2022120注射泵在使用时出现暂停后发生报警,"产品原因（包括说明书等）,无法确定",2022120注射泵在使用时出现暂停后发生报警,影响病人注射,[CLS]影响病人注射[SEP]2022120注射泵在使用时出现暂停后发生报警[SEP]2022120注射泵在使用时出现暂停后发生报警[SEP],2022120注射泵在使用时出现暂停后发生报警,2022120注射泵在使用时出现暂停后发生报警,经售后工程师与医院沟通分析可能是由于注射器延长线弯折引起的报警更换注射器设备正常运行此报警为正常现象
125371801202100571,其他,[CLS]null[SEP]无法识别输液器[SEP]在使用过程中发现无法识别输液器报修设备科[SEP],null,无法识别输液器,在使用过程中发现无法识别输液器报修设备科,产品原因（包括说明书等）,注射泵感应问题或者与注射器不相匹配,null,[CLS]null[SEP]无法识别输液器[SEP]在使用过程中发现无法识别输液器报修设备科[SEP],无法识别输液器,在使用过程中发现无法识别输液器报修设备科,经售后工程师与医院进行沟通医院使用的注射器品牌为新华医院在使用该品牌注射器前未对该品牌注射器进行校准导致设备内存储的参数与实际使用的注射器参数不一致设备无法识别注射器
125371802202100348,其他,[CLS]null[SEP]系统故障4[SEP]2021127遵医嘱给予患者静脉泵入降压药时注射泵接通电源后显示系统故障4立即更换注射泵继续为患者治疗[SEP],null,系统故障4,2021127遵医嘱给予患者静脉泵入降压药时注射泵接通电源后显示系统故障4立即更换注射泵继续为患者治疗,产品原因（包括说明书等）,注射泵系统故障,null,[CLS]null[SEP]系统故障4[SEP]2021127遵医嘱给予患者静脉泵入降压药时注射泵接通电源后显示系统故障4立即更换注射泵继续为患者治疗[SEP],系统故障4,2021127遵医嘱给予患者静脉泵入降压药时注射泵接通电源后显示系统故障4立即更换注射泵继续为患者治疗,1拆机检查发现主从道间连接线插头从插座上脱落2怀疑是设备受到外力磕碰导致插头脱落
125371806202100509,其他,[CLS]null[SEP]报警指示灯闪烁但蜂鸣器不响[SEP]在进行设备巡检过程中发现报警灯闪烁但蜂鸣器不响[SEP],null,报警指示灯闪烁但蜂鸣器不响,在进行设备巡检过程中发现报警灯闪烁但蜂鸣器不响,产品原因（包括说明书等）,蜂鸣器坏,null,[CLS]null[SEP]报警指示灯闪烁但蜂鸣器不响[SEP]在进行设备巡检过程中发现报警灯闪烁但蜂鸣器不响[SEP],报警指示灯闪烁但蜂鸣器不响,在进行设备巡检过程中发现报警灯闪烁但蜂鸣器不响,经拆机发现设备内进液导致主控板线路短路设备无法正常开机
125371806202100545,其他,[CLS]null[SEP]一通道确认键失灵[SEP]准备给患者使用该设备时开机设定参数无法确认[SEP],null,一通道确认键失灵,准备给患者使用该设备时开机设定参数无法确认,产品原因（包括说明书等）,null,null,[CLS]null[SEP]一通道确认键失灵[SEP]准备给患者使用该设备时开机设定参数无法确认[SEP],一通道确认键失灵,准备给患者使用该设备时开机设定参数无法确认,经拆机发现该设备进液导致确认键按键失灵
125371803202100521,其他,[CLS]null[SEP]注射泵报警[SEP]2021年12月8日在我院血液科护士正常使用注射泵时尾夹传感器报警送修医工部反复检测后发现传感器损坏更换尾夹传感器后可正常使用没有对病人造成不良后果[SEP],null,注射泵报警,2021年12月8日在我院血液科护士正常使用注射泵时尾夹传感器报警送修医工部反复检测后发现传感器损坏更换尾夹传感器后可正常使用没有对病人造成不良后果,产品原因（包括说明书等）,传感器损坏,null,[CLS]null[SEP]注射泵报警[SEP]2021年12月8日在我院血液科护士正常使用注射泵时尾夹传感器报警送修医工部反复检测后发现传感器损坏更换尾夹传感器后可正常使用没有对病人造成不良后果[SEP],注射泵报警,2021年12月8日在我院血液科护士正常使用注射泵时尾夹传感器报警送修医工部反复检测后发现传感器损坏更换尾夹传感器后可正常使用没有对病人造成不良后果,售后工程师与设备科沟通后得知该设备曾经不慎摔过导致推拉盒断裂
120321432202200005,其他,[CLS]无[SEP]输液泵按键损坏无法正常启动[SEP]输液泵报修维修组无法正常使用按键损坏[SEP],无,输液泵按键损坏无法正常启动,输液泵报修维修组无法正常使用按键损坏,无法确定,注射泵长期使用按键损坏,无,[CLS]无[SEP]输液泵按键损坏无法正常启动[SEP]输液泵报修维修组无法正常使用按键损坏[SEP],输液泵按键损坏无法正常启动,输液泵报修维修组无法正常使用按键损坏,由于该设备已使用9年处于超预期使用状态临床使用按键频率高1键和确认键按键老化与主控板有空隙导致按键不灵敏
125371703202100284,其他,[CLS]无[SEP]无法开机[SEP]2021年12月18日呼吸一科预使用注射泵时发现注射泵无法开机随即报修[SEP],无,无法开机,2021年12月18日呼吸一科预使用注射泵时发现注射泵无法开机随即报修,无法确定,主板老化,无,[CLS]无[SEP]无法开机[SEP]2021年12月18日呼吸一科预使用注射泵时发现注射泵无法开机随即报修[SEP],无法开机,2021年12月18日呼吸一科预使用注射泵时发现注射泵无法开机随即报修,由于设备已在科室使用5年处于超预期使用状态设备老化导致电源板电源模块焊接引脚松动使电源接触不良无法开机
117221230202200006,其他,[CLS]无伤害[SEP]机器异常报警[SEP]机器异常报警[SEP],无伤害,机器异常报警,机器异常报警,产品原因（包括说明书等）,null,无伤害,[CLS]无伤害[SEP]机器异常报警[SEP]机器异常报警[SEP],机器异常报警,机器异常报警,由于该设备已使用6年处于超预期使用状态长期临床搬动和转运过程中设备震荡导致FPC线摩擦导致破损
138620409202100815,其他,[CLS]无[SEP]电池低电压报警[SEP]在使用过程中出现低电压报警该设备无法查询有效期[SEP],无,电池低电压报警,在使用过程中出现低电压报警该设备无法查询有效期,无法确定,电池故障致电池充电无效,无,[CLS]无[SEP]电池低电压报警[SEP]在使用过程中出现低电压报警该设备无法查询有效期[SEP],电池低电压报警,在使用过程中出现低电压报警该设备无法查询有效期,由于该设备已使用5年处于超预期使用状态设备老化导致电源板电源模块焊接引脚松动使电池无法充电
138620409202100814,其他,[CLS]无[SEP]电池低电压报警[SEP]在使用过程中出现电池低电压报警该设备无法查询有效期[SEP],无,电池低电压报警,在使用过程中出现电池低电压报警该设备无法查询有效期,无法确定,电池充电无效需更换电池,无,[CLS]无[SEP]电池低电压报警[SEP]在使用过程中出现电池低电压报警该设备无法查询有效期[SEP],电池低电压报警,在使用过程中出现电池低电压报警该设备无法查询有效期,由于该设备已使用5年处于超预期使用状态设备老化导致电源板电源模块焊接引脚松动使电池无法充电
138620409202100813,其他,[CLS]无[SEP]输液泵在使用过程中提示堵塞报警[SEP]科室在使用过程中出现堵塞报警该设备无法查询有效期[SEP],无,输液泵在使用过程中提示堵塞报警,科室在使用过程中出现堵塞报警该设备无法查询有效期,无法确定,因为输液器调节阀未开或者管路打折针头或输液管堵塞,无,[CLS]无[SEP]输液泵在使用过程中提示堵塞报警[SEP]科室在使用过程中出现堵塞报警该设备无法查询有效期[SEP],输液泵在使用过程中提示堵塞报警,科室在使用过程中出现堵塞报警该设备无法查询有效期,由于该设备已使用10年处于超预期使用状态长期使用导致设备内部压力值出现偏差引发报警
140654500202101113,其他,[CLS]无法给药[SEP]1通道推杆夹断[SEP]为了给病人精准用药护士依据大夫医嘱为病人使用注射泵精准给药在安装注射器时发现1通道推杆夹无法打开为不影响患者用药护士及时更换备用注射泵并将故障问题上报医疗器械中心[SEP],无法给药,1通道推杆夹断,为了给病人精准用药护士依据大夫医嘱为病人使用注射泵精准给药在安装注射器时发现1通道推杆夹无法打开为不影响患者用药护士及时更换备用注射泵并将故障问题上报医疗器械中心,产品原因（包括说明书等）,推杆夹使用频率高又是高分子材料制品故常会出现断裂故障,无法给药,[CLS]无法给药[SEP]1通道推杆夹断[SEP]为了给病人精准用药护士依据大夫医嘱为病人使用注射泵精准给药在安装注射器时发现1通道推杆夹无法打开为不影响患者用药护士及时更换备用注射泵并将故障问题上报医疗器械中心[SEP],1通道推杆夹断,为了给病人精准用药护士依据大夫医嘱为病人使用注射泵精准给药在安装注射器时发现1通道推杆夹无法打开为不影响患者用药护士及时更换备用注射泵并将故障问题上报医疗器械中心,由于设备已在医院使用6年属于超预期使用状态设备长期使用频繁开合左右夹导致摆齿轮开裂导致部件回弹无法到位使注射器推杆尾部的注射器夹不能正常打开
121330607202100131,其他,[CLS]无法正常注射[SEP]D27_产品质量问题[SEP]微泵正常通电后无法启动拔掉电源单靠电池未启动接上电源仍无反应[SEP],无法正常注射,D27_产品质量问题,微泵正常通电后无法启动拔掉电源单靠电池未启动接上电源仍无反应,产品原因（包括说明书等）,微量注射泵机器出现故障可能内部元件损坏,无法正常注射,[CLS]无法正常注射[SEP]D27_产品质量问题[SEP]微泵正常通电后无法启动拔掉电源单靠电池未启动接上电源仍无反应[SEP],D27_产品质量问题,微泵正常通电后无法启动拔掉电源单靠电池未启动接上电源仍无反应,由于该设备已使用5年处于超预期使用状态电池性能下降蓄电能力降低医院未定期进行充电保养导致电池电量低电池模式下无法正常开机长期的临床使用频繁对电源线进行弯折拉扯导致电源线内部电线断裂接触不良所以交流电供电模式下无法正常开机
115151010202100393,其他,[CLS]null[SEP]注射器推杆老化[SEP]设备在使用过程中逐渐发现注射器推杆有明显的老化现象产生较为明显的裂痕[SEP],null,注射器推杆老化,设备在使用过程中逐渐发现注射器推杆有明显的老化现象产生较为明显的裂痕,产品原因（包括说明书等）,工程师分析设备推杆出现严重裂痕属于材质问题有比较明显的碎裂且同样故障现象有多起,null,[CLS]null[SEP]注射器推杆老化[SEP]设备在使用过程中逐渐发现注射器推杆有明显的老化现象产生较为明显的裂痕[SEP],注射器推杆老化,设备在使用过程中逐渐发现注射器推杆有明显的老化现象产生较为明显的裂痕,由于设备已使用9年处于超预期使用状态空心轴外表面经常与药液接触长期受到药液污染影响加速套管老化开裂
115151010202100392,其他,[CLS]null[SEP]注射器压板头老化碎裂[SEP]设备在使用过程中逐渐发现注射器压板头有明显的老化现象产生较为明显的裂痕[SEP],null,注射器压板头老化碎裂,设备在使用过程中逐渐发现注射器压板头有明显的老化现象产生较为明显的裂痕,产品原因（包括说明书等）,经工程师分析设备属于设备材质问题经比对同期购买的其他品牌的输注泵并未发现如此严重材质的老化现象目前该类设备已经影响正常使用,null,[CLS]null[SEP]注射器压板头老化碎裂[SEP]设备在使用过程中逐渐发现注射器压板头有明显的老化现象产生较为明显的裂痕[SEP],注射器压板头老化碎裂,设备在使用过程中逐渐发现注射器压板头有明显的老化现象产生较为明显的裂痕,由于该设备已使用9年处于超预期使用状态长期临床频繁使用导致压柄处老化开裂经过分析和实验我们发现使用ABS硬塑料内嵌金属预埋件材质制作的压柄在经过数万次试验后可能会出现开裂现象在ABS中增加适量玻纤再按相同工艺制作捏柄做对比实验没有出现开裂现象推测ABS硬塑料内嵌金属预埋件材质强度不够造成压柄开裂
129442560202101028,其他,[CLS]null[SEP]传送杆断裂[SEP]护士使用该注射泵为患者输液时发现注射管松动检查后看到传送杆断裂不能注射[SEP],null,传送杆断裂,护士使用该注射泵为患者输液时发现注射管松动检查后看到传送杆断裂不能注射,产品原因（包括说明书等）,null,null,[CLS]null[SEP]传送杆断裂[SEP]护士使用该注射泵为患者输液时发现注射管松动检查后看到传送杆断裂不能注射[SEP],传送杆断裂,护士使用该注射泵为患者输液时发现注射管松动检查后看到传送杆断裂不能注射,由于设备在医院已使用9年属于超预期寿命使用状态前壳压柄结构因长期频繁使用老化开裂
116210608202100134,其他,[CLS]null[SEP]D0407_输注不足[SEP]使用中发现输注速度不对检查泵运行情况询问操作员发现为操作失误[SEP],null,D0407_输注不足,使用中发现输注速度不对检查泵运行情况询问操作员发现为操作失误,无法确定,null,null,[CLS]null[SEP]D0407_输注不足[SEP]使用中发现输注速度不对检查泵运行情况询问操作员发现为操作失误[SEP],D0407_输注不足,使用中发现输注速度不对检查泵运行情况询问操作员发现为操作失误,经售后工程师与医护人员沟通由于医护人员使用注射器品牌与设备设定的注射器品牌不一致导致使用时设备参数与使用注射器不一致导致流速不准
137610400202100591,其他,[CLS]无[SEP]注射器夹子损坏[SEP]2021年11月8日使用前检查发现设备损坏联系工程师维修[SEP],无,注射器夹子损坏,2021年11月8日使用前检查发现设备损坏联系工程师维修,无法确定,设备故障,无,[CLS]无[SEP]注射器夹子损坏[SEP]2021年11月8日使用前检查发现设备损坏联系工程师维修[SEP],注射器夹子损坏,2021年11月8日使用前检查发现设备损坏联系工程师维修,由于该设备已使用超过7年处于超预期使用状态长期频繁使用加速老化导致捏柄损坏
129291712202100616,其他,[CLS]null[SEP]注射泵显示离合未闭[SEP]于2021年12月10日1000分周喜加患者需用注射泵控制替加环素药物的流速操作微量泵时发生微量泵屏幕显示离合未闭操作过程未有不妥立即暂停该微量泵操作及时更换其他微量泵使用并告知设备科处理未给患者造成影响[SEP],null,注射泵显示离合未闭,于2021年12月10日1000分周喜加患者需用注射泵控制替加环素药物的流速操作微量泵时发生微量泵屏幕显示离合未闭操作过程未有不妥立即暂停该微量泵操作及时更换其他微量泵使用并告知设备科处理未给患者造成影响,产品原因（包括说明书等）,屏幕显示离合未闭,null,[CLS]null[SEP]注射泵显示离合未闭[SEP]于2021年12月10日1000分周喜加患者需用注射泵控制替加环素药物的流速操作微量泵时发生微量泵屏幕显示离合未闭操作过程未有不妥立即暂停该微量泵操作及时更换其他微量泵使用并告知设备科处理未给患者造成影响[SEP],注射泵显示离合未闭,于2021年12月10日1000分周喜加患者需用注射泵控制替加环素药物的流速操作微量泵时发生微量泵屏幕显示离合未闭操作过程未有不妥立即暂停该微量泵操作及时更换其他微量泵使用并告知设备科处理未给患者造成影响,经返厂拆机检查发现设备内部FPC线损坏FPC线的功能之一是负责传递离合检测信号损坏后造成检测信号中断发生报警报警后设备不能注射药物无法正常使用
116210200202100284,其他,[CLS]无[SEP]D0101_故障提示[SEP]2021年11月16日患者使用注射泵过程中机器报警显示2号报警为传感器报警更换其他设备[SEP],无,D0101_故障提示,2021年11月16日患者使用注射泵过程中机器报警显示2号报警为传感器报警更换其他设备,产品原因（包括说明书等）,传感器过脏导致,无,[CLS]无[SEP]D0101_故障提示[SEP]2021年11月16日患者使用注射泵过程中机器报警显示2号报警为传感器报警更换其他设备[SEP],D0101_故障提示,2021年11月16日患者使用注射泵过程中机器报警显示2号报警为传感器报警更换其他设备,1经拆机检查发现是主控板电源板线束插头松动导致报警2造成插头松动的原因可能是在使用期间转运过程中发生碰撞导致插头松动
116210200202100281,其他,[CLS]无[SEP]D101203_充电失效[SEP]2021年9月17日在输液泵使用过程中机器报警电池无电电池线断充不了电更换其他设备[SEP],无,D101203_充电失效,2021年9月17日在输液泵使用过程中机器报警电池无电电池线断充不了电更换其他设备,产品原因（包括说明书等）,电池线断充不了电,无,[CLS]无[SEP]D101203_充电失效[SEP]2021年9月17日在输液泵使用过程中机器报警电池无电电池线断充不了电更换其他设备[SEP],D101203_充电失效,2021年9月17日在输液泵使用过程中机器报警电池无电电池线断充不了电更换其他设备,由于该设备已使用9年处于超预期使用状态长期临床使用频繁拉扯弯折电源线导致电源线断裂无法充电
128431800202100746,其他,[CLS]胸闷[SEP]泵入实际速度快于设置速度[SEP]患者静脉泵入硝酸异山梨酯时当班护士设置泵入速度为4ml小时泵入15分钟后患者诉胸闷等不适护士查看患者监测P80次分SPO299BP11572mmHg查看静脉泵发现硝酸异山梨酯已泵入5ml立即停止静脉泵[SEP],胸闷,泵入实际速度快于设置速度,患者静脉泵入硝酸异山梨酯时当班护士设置泵入速度为4ml小时泵入15分钟后患者诉胸闷等不适护士查看患者监测P80次分SPO299BP11572mmHg查看静脉泵发现硝酸异山梨酯已泵入5ml立即停止静脉泵,产品原因（包括说明书等）,null,胸闷,[CLS]胸闷[SEP]泵入实际速度快于设置速度[SEP]患者静脉泵入硝酸异山梨酯时当班护士设置泵入速度为4ml小时泵入15分钟后患者诉胸闷等不适护士查看患者监测P80次分SPO299BP11572mmHg查看静脉泵发现硝酸异山梨酯已泵入5ml立即停止静脉泵[SEP],泵入实际速度快于设置速度,患者静脉泵入硝酸异山梨酯时当班护士设置泵入速度为4ml小时泵入15分钟后患者诉胸闷等不适护士查看患者监测P80次分SPO299BP11572mmHg查看静脉泵发现硝酸异山梨酯已泵入5ml立即停止静脉泵,由于该设备已使用3年医院长期未进行注射器校准注射器参数与设备内保存参数不一致导致流速过快
116210200202100325,其他,[CLS]无[SEP]D0305_松动连接[SEP]2021年12月7日设备正常开机后固定不住注射器无法进行下一步工作更换其他设备通知工程师维修[SEP],无,D0305_松动连接,2021年12月7日设备正常开机后固定不住注射器无法进行下一步工作更换其他设备通知工程师维修,产品原因（包括说明书等）,可能为产品质量问题,无,[CLS]无[SEP]D0305_松动连接[SEP]2021年12月7日设备正常开机后固定不住注射器无法进行下一步工作更换其他设备通知工程师维修[SEP],D0305_松动连接,2021年12月7日设备正常开机后固定不住注射器无法进行下一步工作更换其他设备通知工程师维修,由于设备在医院已使用8年属于超预期寿命使用状态前壳压柄结构因长期频繁使用老化开裂
116210200202100322,其他,[CLS]无[SEP]D0305_松动连接[SEP]2021年12月15日术前检查时发现注射泵无法夹紧注射器更换另一台注射泵后正常使用[SEP],无,D0305_松动连接,2021年12月15日术前检查时发现注射泵无法夹紧注射器更换另一台注射泵后正常使用,产品原因（包括说明书等）,可能为产品质量问题,无,[CLS]无[SEP]D0305_松动连接[SEP]2021年12月15日术前检查时发现注射泵无法夹紧注射器更换另一台注射泵后正常使用[SEP],D0305_松动连接,2021年12月15日术前检查时发现注射泵无法夹紧注射器更换另一台注射泵后正常使用,经拆机发现捏柄处进药液干粉导致捏柄张开不顺畅影响注射器的安装使注射泵不能正常使用
125371500202100518,其他,[CLS]null[SEP]D040304_容量精度问题[SEP]注射时间不准[SEP],null,D040304_容量精度问题,注射时间不准,产品原因（包括说明书等）,注射时间不准需校正,null,[CLS]null[SEP]D040304_容量精度问题[SEP]注射时间不准[SEP],D040304_容量精度问题,注射时间不准,经调查由于设备已使用3年医院未定期进行注射器校准导致设备内保存注射器参数与注射器实际参数有偏差导致流速过快
116210608202100108,其他,[CLS]null[SEP]D040505_流速不准[SEP]使用中发现A通道注射速度偏快[SEP],null,D040505_流速不准,使用中发现A通道注射速度偏快,无法确定,null,null,[CLS]null[SEP]D040505_流速不准[SEP]使用中发现A通道注射速度偏快[SEP],D040505_流速不准,使用中发现A通道注射速度偏快,由于该设备使用超过5年处于超预期使用医院长时间未进行注射器校准使用注射器参数与设定存储的注射器参数不一致导致流速快
123350300202101738,其他,[CLS]推注泵的无法卡住注射器[SEP]无法正常使用[SEP]推杆无法使用推注泵无法卡住注射器[SEP],推注泵的无法卡住注射器,无法正常使用,推杆无法使用推注泵无法卡住注射器,无法确定,产品设计上的问题推杆部分出现多次类似的状况而无法使用,推注泵的无法卡住注射器,[CLS]推注泵的无法卡住注射器[SEP]无法正常使用[SEP]推杆无法使用推注泵无法卡住注射器[SEP],无法正常使用,推杆无法使用推注泵无法卡住注射器,由于该设备已使用5年处于超预期使用状态长期临床使用捏柄老化导致无法固定注射器
113130658202101285,其他,[CLS]无[SEP]泵入重酒石酸去甲肾上腺素注射液完毕无报警音[SEP]20211014患者资料姓名梁涛利泵入重酒石酸去甲肾上腺素注射液完毕无报警音床旁护士及时发现应用其他注射泵给予更换药物继续泵入未造成不良后果[SEP],无,泵入重酒石酸去甲肾上腺素注射液完毕无报警音,20211014患者资料姓名梁涛利泵入重酒石酸去甲肾上腺素注射液完毕无报警音床旁护士及时发现应用其他注射泵给予更换药物继续泵入未造成不良后果,产品原因（包括说明书等）,质量问题注射完毕无报警系统故障,无,[CLS]无[SEP]泵入重酒石酸去甲肾上腺素注射液完毕无报警音[SEP]20211014患者资料姓名梁涛利泵入重酒石酸去甲肾上腺素注射液完毕无报警音床旁护士及时发现应用其他注射泵给予更换药物继续泵入未造成不良后果[SEP],泵入重酒石酸去甲肾上腺素注射液完毕无报警音,20211014患者资料姓名梁涛利泵入重酒石酸去甲肾上腺素注射液完毕无报警音床旁护士及时发现应用其他注射泵给予更换药物继续泵入未造成不良后果,1工程师拆机检查发现喇叭连接线插座松动2造成插座松动的原因可能是由于在使用期间转运过程中发生碰撞导致插座松动
125371410202100289,其他,[CLS]无[SEP]无法开机[SEP]2021年9月25日内科ICU送修注射泵一台据该科室反映当日该科室进行日常设备维护保养时发现该设备无法通电随即送修未对病人造成不良影响[SEP],无,无法开机,2021年9月25日内科ICU送修注射泵一台据该科室反映当日该科室进行日常设备维护保养时发现该设备无法通电随即送修未对病人造成不良影响,无法确定,null,无,[CLS]无[SEP]无法开机[SEP]2021年9月25日内科ICU送修注射泵一台据该科室反映当日该科室进行日常设备维护保养时发现该设备无法通电随即送修未对病人造成不良影响[SEP],无法开机,2021年9月25日内科ICU送修注射泵一台据该科室反映当日该科室进行日常设备维护保养时发现该设备无法通电随即送修未对病人造成不良影响,经返厂拆机检查设备电源板焊盘脱落导致设备无法正常通电由于该设备已使用近10年处于超预期使用状态临床操作及转运过程中设备震动磕碰导致电源板焊盘脱落
124361000202100134,其他,[CLS]双通道中的一号无法启动[SEP]不能全部使用[SEP]该设备使用时发现一号通道无法启动报修未造成不良影响[SEP],双通道中的一号无法启动,不能全部使用,该设备使用时发现一号通道无法启动报修未造成不良影响,产品原因（包括说明书等）,null,双通道中的一号无法启动,[CLS]双通道中的一号无法启动[SEP]不能全部使用[SEP]该设备使用时发现一号通道无法启动报修未造成不良影响[SEP],不能全部使用,该设备使用时发现一号通道无法启动报修未造成不良影响,由于该设备已使用超过9年处于超预期使用状态临床长期频繁使用导致捏柄老化断裂
125371703202100250,其他,[CLS]无[SEP]不充电[SEP]2021年11月5日急诊室打电话报修一台注射泵无法充电工程师检查后发现需要更换配件随即返厂处理[SEP],无,不充电,2021年11月5日急诊室打电话报修一台注射泵无法充电工程师检查后发现需要更换配件随即返厂处理,无法确定,不明,无,[CLS]无[SEP]不充电[SEP]2021年11月5日急诊室打电话报修一台注射泵无法充电工程师检查后发现需要更换配件随即返厂处理[SEP],不充电,2021年11月5日急诊室打电话报修一台注射泵无法充电工程师检查后发现需要更换配件随即返厂处理,由于该设备已使用近9年处于超预期使用状态长期临床使用和转运过程中设备震动磕碰导致内部电源板与电源模块焊接脱落导致设备无法正常充电
125371100202100573,其他,[CLS]未对患者造成任何伤害[SEP]工作中突然断电停止工作[SEP]2021年10月27日工作人员发现用来精确注射药物的注射泵工作中突然断电停止工作重启故障依旧马上更换同类型的设备继续治疗立即通知设备科工程师处理未对患者造成任何伤害[SEP],未对患者造成任何伤害,工作中突然断电停止工作,2021年10月27日工作人员发现用来精确注射药物的注射泵工作中突然断电停止工作重启故障依旧马上更换同类型的设备继续治疗立即通知设备科工程师处理未对患者造成任何伤害,产品原因（包括说明书等）,AC线打火断裂所致,未对患者造成任何伤害,[CLS]未对患者造成任何伤害[SEP]工作中突然断电停止工作[SEP]2021年10月27日工作人员发现用来精确注射药物的注射泵工作中突然断电停止工作重启故障依旧马上更换同类型的设备继续治疗立即通知设备科工程师处理未对患者造成任何伤害[SEP],工作中突然断电停止工作,2021年10月27日工作人员发现用来精确注射药物的注射泵工作中突然断电停止工作重启故障依旧马上更换同类型的设备继续治疗立即通知设备科工程师处理未对患者造成任何伤害,由于该设备已使用超过7年处于超预期使用状态长期临床使用电源线频繁卷曲折叠造成内部电线接触不良无法为设备供电设备无法正常使用
129291712202100553,其他,[CLS]null[SEP]注射泵拉杆已损坏[SEP]于2021年12月1日0935分遵嘱予09氯化钠50ml注射用美罗培南1g以25mlh静脉泵入在使用过程中发现拉杆已损坏立即更换注射泵使用上报护士长和设备管理人员未给患者造成影响[SEP],null,注射泵拉杆已损坏,于2021年12月1日0935分遵嘱予09氯化钠50ml注射用美罗培南1g以25mlh静脉泵入在使用过程中发现拉杆已损坏立即更换注射泵使用上报护士长和设备管理人员未给患者造成影响,产品原因（包括说明书等）,null,null,[CLS]null[SEP]注射泵拉杆已损坏[SEP]于2021年12月1日0935分遵嘱予09氯化钠50ml注射用美罗培南1g以25mlh静脉泵入在使用过程中发现拉杆已损坏立即更换注射泵使用上报护士长和设备管理人员未给患者造成影响[SEP],注射泵拉杆已损坏,于2021年12月1日0935分遵嘱予09氯化钠50ml注射用美罗培南1g以25mlh静脉泵入在使用过程中发现拉杆已损坏立即更换注射泵使用上报护士长和设备管理人员未给患者造成影响,经疲劳实验发现使用ABS硬塑料内嵌金属预埋件材质制作的捏柄在经过数万次捏合后可能会出现开裂现象在ABS中增加适量玻纤再按相同工艺制作捏柄做对比实验没有出现开裂现象分析可能是ABS硬塑料内嵌金属预埋件材质强度不够造成捏柄开裂
126411510202100142,其他,[CLS]null[SEP]任护士遵医嘱用药09氯化钠注射液44ml呋塞米60微量泵泵入6mlh1145患者家属诉该泵药物已用完随发现微量泵故障未按照设定的泵速泵入本应该8小时泵完的药物在3个小时内泵完[SEP]202111170900责任护士遵医嘱用药09氯化钠注射液44ml呋塞米60微量泵泵入6mlh1145患者家属诉该泵药物已用完随发现微量泵故障未按照设定的泵速泵入本应该8小时泵完的药物在3个小时内泵完[SEP],null,任护士遵医嘱用药09氯化钠注射液44ml呋塞米60微量泵泵入6mlh1145患者家属诉该泵药物已用完随发现微量泵故障未按照设定的泵速泵入本应该8小时泵完的药物在3个小时内泵完,202111170900责任护士遵医嘱用药09氯化钠注射液44ml呋塞米60微量泵泵入6mlh1145患者家属诉该泵药物已用完随发现微量泵故障未按照设定的泵速泵入本应该8小时泵完的药物在3个小时内泵完,操作原因,责任护士未及时关注微量泵每小时泵入的情况导致微量泵故障时未及时发现分级护理制度落实不到位交接班制度落实不到位缺乏安全风险防范意识,null,[CLS]null[SEP]任护士遵医嘱用药09氯化钠注射液44ml呋塞米60微量泵泵入6mlh1145患者家属诉该泵药物已用完随发现微量泵故障未按照设定的泵速泵入本应该8小时泵完的药物在3个小时内泵完[SEP]202111170900责任护士遵医嘱用药09氯化钠注射液44ml呋塞米60微量泵泵入6mlh1145患者家属诉该泵药物已用完随发现微量泵故障未按照设定的泵速泵入本应该8小时泵完的药物在3个小时内泵完[SEP],任护士遵医嘱用药09氯化钠注射液44ml呋塞米60微量泵泵入6mlh1145患者家属诉该泵药物已用完随发现微量泵故障未按照设定的泵速泵入本应该8小时泵完的药物在3个小时内泵完,202111170900责任护士遵医嘱用药09氯化钠注射液44ml呋塞米60微量泵泵入6mlh1145患者家属诉该泵药物已用完随发现微量泵故障未按照设定的泵速泵入本应该8小时泵完的药物在3个小时内泵完,由于该设备已使用超过3年未定期进行注射器校准注射器参数与设备内保存参数不一致导致流速过快
116210200202100291,其他,[CLS]无[SEP]无法正确识别注射器[SEP]该设备是一种小型的输液装置用于向患者体内输送小剂量的药物液体202155在使用设备时发生输液泵无法正确识别不同毫升数的输液器报送设备科维修[SEP],无,无法正确识别注射器,该设备是一种小型的输液装置用于向患者体内输送小剂量的药物液体202155在使用设备时发生输液泵无法正确识别不同毫升数的输液器报送设备科维修,无法确定,输液泵无法正确识别不同毫升数的输液器,无,[CLS]无[SEP]无法正确识别注射器[SEP]该设备是一种小型的输液装置用于向患者体内输送小剂量的药物液体202155在使用设备时发生输液泵无法正确识别不同毫升数的输液器报送设备科维修[SEP],无法正确识别注射器,该设备是一种小型的输液装置用于向患者体内输送小剂量的药物液体202155在使用设备时发生输液泵无法正确识别不同毫升数的输液器报送设备科维修,由于该设备已使用超过8年处于超预期使用状态长期临床使用注射器检测板老化导致无法准确识别注射器规格
129442560202100889,其他,[CLS]null[SEP]报警阻塞不能注射[SEP]护士使用该设备给患者注射液体时大约十五分钟左右患者报告无液体注射检查发现屏幕显示阻塞报警重启亦无效[SEP],null,报警阻塞不能注射,护士使用该设备给患者注射液体时大约十五分钟左右患者报告无液体注射检查发现屏幕显示阻塞报警重启亦无效,产品原因（包括说明书等）,注射泵显示阻塞报警重启亦无效,null,[CLS]null[SEP]报警阻塞不能注射[SEP]护士使用该设备给患者注射液体时大约十五分钟左右患者报告无液体注射检查发现屏幕显示阻塞报警重启亦无效[SEP],报警阻塞不能注射,护士使用该设备给患者注射液体时大约十五分钟左右患者报告无液体注射检查发现屏幕显示阻塞报警重启亦无效,1经拆机检查发现压力传感器插头松动导致报警21阻塞报警是输液泵检测输液管路内是否发生阻塞的一种提示性报警当设备内部的压力传感器感知到输液管路上压力过大时会触发此报警此时设备会自动停止运行并发出报警信息提醒操作人员进行人工干预3造成压力传感器插头松动的原因可能是由于使用期间转运过程中发生碰撞导致插头松动造成误报警
129291712202100614,其他,[CLS]null[SEP]注射泵拉杆未能安装注射器[SEP]于2021年12月10日1000内一科患者22床徐金芝遵医嘱需经微量注射泵药物控制输注速度安装注射器时发现注射泵拉杆已坏未能有效安装立即更换注射泵并上报设备科进行维护处理未给患者造成不良影响[SEP],null,注射泵拉杆未能安装注射器,于2021年12月10日1000内一科患者22床徐金芝遵医嘱需经微量注射泵药物控制输注速度安装注射器时发现注射泵拉杆已坏未能有效安装立即更换注射泵并上报设备科进行维护处理未给患者造成不良影响,产品原因（包括说明书等）,null,null,[CLS]null[SEP]注射泵拉杆未能安装注射器[SEP]于2021年12月10日1000内一科患者22床徐金芝遵医嘱需经微量注射泵药物控制输注速度安装注射器时发现注射泵拉杆已坏未能有效安装立即更换注射泵并上报设备科进行维护处理未给患者造成不良影响[SEP],注射泵拉杆未能安装注射器,于2021年12月10日1000内一科患者22床徐金芝遵医嘱需经微量注射泵药物控制输注速度安装注射器时发现注射泵拉杆已坏未能有效安装立即更换注射泵并上报设备科进行维护处理未给患者造成不良影响,经过分析和实验我们发现使用ABS硬塑料内嵌金属预埋件材质制作的捏柄在经过数万次捏合后可能会出现开裂现象在ABS中增加适量玻纤再按相同工艺制作捏柄做对比实验没有出现开裂现象推测ABS硬塑料内嵌金属预埋件材质强度不够造成捏柄开裂
129442560202100925,其他,[CLS]null[SEP]电源灯亮但不能注射液体[SEP]护士使用该注射泵给患者注射液体时刚注射半分钟左右就停止注射检查发现电源灯还是亮着但不能注射重启亦无效[SEP],null,电源灯亮但不能注射液体,护士使用该注射泵给患者注射液体时刚注射半分钟左右就停止注射检查发现电源灯还是亮着但不能注射重启亦无效,产品原因（包括说明书等）,null,null,[CLS]null[SEP]电源灯亮但不能注射液体[SEP]护士使用该注射泵给患者注射液体时刚注射半分钟左右就停止注射检查发现电源灯还是亮着但不能注射重启亦无效[SEP],电源灯亮但不能注射液体,护士使用该注射泵给患者注射液体时刚注射半分钟左右就停止注射检查发现电源灯还是亮着但不能注射重启亦无效,1经售后工程师拆机检查发现设备内部FPC线损坏由于设备已使用11年处于超预期使用状态长期临床使用FPC线老化损坏2FPC线的功能之一是负责传递离合检测信号损坏后造成检测信号中断发生报警报警后设备不能注射药物无法正常使用
125371410202100315,其他,[CLS]无[SEP]推拉盒损坏[SEP]2021年111月15日PICU送修注射泵一台据该科室反映当日该科室进行日常设备维护保养时发现该设备推拉盒损坏随即送修未对病人造成不良影响[SEP],无,推拉盒损坏,2021年111月15日PICU送修注射泵一台据该科室反映当日该科室进行日常设备维护保养时发现该设备推拉盒损坏随即送修未对病人造成不良影响,无法确定,null,无,[CLS]无[SEP]推拉盒损坏[SEP]2021年111月15日PICU送修注射泵一台据该科室反映当日该科室进行日常设备维护保养时发现该设备推拉盒损坏随即送修未对病人造成不良影响[SEP],推拉盒损坏,2021年111月15日PICU送修注射泵一台据该科室反映当日该科室进行日常设备维护保养时发现该设备推拉盒损坏随即送修未对病人造成不良影响,由于设备已使用超过7年处于超预期使用状态长期频繁使用捏柄导致该部件磨损断裂
125371410202100318,其他,[CLS]无[SEP]开机显示低电压报警[SEP]2021年12月7日外科ICU送修注射泵一台据该科室反映当日该科室进行日常设备维护保养时发现该设备开机后显示低电压报警随即送修未对病人造成不良影响[SEP],无,开机显示低电压报警,2021年12月7日外科ICU送修注射泵一台据该科室反映当日该科室进行日常设备维护保养时发现该设备开机后显示低电压报警随即送修未对病人造成不良影响,无法确定,null,无,[CLS]无[SEP]开机显示低电压报警[SEP]2021年12月7日外科ICU送修注射泵一台据该科室反映当日该科室进行日常设备维护保养时发现该设备开机后显示低电压报警随即送修未对病人造成不良影响[SEP],开机显示低电压报警,2021年12月7日外科ICU送修注射泵一台据该科室反映当日该科室进行日常设备维护保养时发现该设备开机后显示低电压报警随即送修未对病人造成不良影响,由于设备已在科室使用10年处于超预期使用状态长期临床使用和转运过程中颠簸震动导致电源模块引脚松动导致开机报警电压低
129291712202100512,严重伤害,[CLS]可能因为短时间内输入过量药品引起患者严重损害[SEP]输液速度不准确[SEP]2021年11月21日在新市医院肿瘤一科因患者肖芳疼痛厉害医嘱NS50ml舒芬太尼200单位以5mlh持续泵入1013左右护士配好药接上注射泵调好速度原本是2013才能注射完毕的药在1327左右就注射完毕立马检查患者生命体征平稳无其他不适遵医属予继续观察[SEP],可能因为短时间内输入过量药品引起患者严重损害,输液速度不准确,2021年11月21日在新市医院肿瘤一科因患者肖芳疼痛厉害医嘱NS50ml舒芬太尼200单位以5mlh持续泵入1013左右护士配好药接上注射泵调好速度原本是2013才能注射完毕的药在1327左右就注射完毕立马检查患者生命体征平稳无其他不适遵医属予继续观察,产品原因（包括说明书等）,质量问题,可能因为短时间内输入过量药品引起患者严重损害,[CLS]可能因为短时间内输入过量药品引起患者严重损害[SEP]输液速度不准确[SEP]2021年11月21日在新市医院肿瘤一科因患者肖芳疼痛厉害医嘱NS50ml舒芬太尼200单位以5mlh持续泵入1013左右护士配好药接上注射泵调好速度原本是2013才能注射完毕的药在1327左右就注射完毕立马检查患者生命体征平稳无其他不适遵医属予继续观察[SEP],输液速度不准确,2021年11月21日在新市医院肿瘤一科因患者肖芳疼痛厉害医嘱NS50ml舒芬太尼200单位以5mlh持续泵入1013左右护士配好药接上注射泵调好速度原本是2013才能注射完毕的药在1327左右就注射完毕立马检查患者生命体征平稳无其他不适遵医属予继续观察,我公司认为该不良事件不属于严重伤害应为其他由于该设备临床使用超过2年未定期进行注射器校准注射器参数与设备内保存参数不一致导致流速过快
113130141202100601,其他,[CLS]未对患者身体造成伤害[SEP]注射泵开机自检失败[SEP]2021年11月2日为患者使用注射泵前检查注射泵发现注射泵开机后自检失败无法使用立即更换注射泵更换后注射顺利联系设备处对问题注射泵进行检修上报不良事件[SEP],未对患者身体造成伤害,注射泵开机自检失败,2021年11月2日为患者使用注射泵前检查注射泵发现注射泵开机后自检失败无法使用立即更换注射泵更换后注射顺利联系设备处对问题注射泵进行检修上报不良事件,产品原因（包括说明书等）,为患者使用注射泵前检查注射泵发现注射泵开机后自检失败无法使用,未对患者身体造成伤害,[CLS]未对患者身体造成伤害[SEP]注射泵开机自检失败[SEP]2021年11月2日为患者使用注射泵前检查注射泵发现注射泵开机后自检失败无法使用立即更换注射泵更换后注射顺利联系设备处对问题注射泵进行检修上报不良事件[SEP],注射泵开机自检失败,2021年11月2日为患者使用注射泵前检查注射泵发现注射泵开机后自检失败无法使用立即更换注射泵更换后注射顺利联系设备处对问题注射泵进行检修上报不良事件,分析可能是推拉盒受到外力撞击或操作人员安装注射器时未捏住捏柄后移动推拉盒导致内部铜的离合滑丝
116210607202100217,其他,[CLS]设备无法正常给患者使用[SEP]设备电源线断裂[SEP]给患者使用时发现设备电源线断裂[SEP],设备无法正常给患者使用,设备电源线断裂,给患者使用时发现设备电源线断裂,产品原因（包括说明书等）,初步诊断电源线老化,设备无法正常给患者使用,[CLS]设备无法正常给患者使用[SEP]设备电源线断裂[SEP]给患者使用时发现设备电源线断裂[SEP],设备电源线断裂,给患者使用时发现设备电源线断裂,由于该设备已使用近8年处于超预期使用状态长期临床使用电源线频繁弯折电源线表皮受张力作用导致破裂
125371410202100290,其他,[CLS]无[SEP]前壳损坏[SEP]2021年10月27日内科ICU送修注射泵一台据该科室反映当日该科室进行日常设备维护保养时发现该设备前壳拉杆处泵体断裂随即送修未对病人造成不良影响[SEP],无,前壳损坏,2021年10月27日内科ICU送修注射泵一台据该科室反映当日该科室进行日常设备维护保养时发现该设备前壳拉杆处泵体断裂随即送修未对病人造成不良影响,无法确定,null,无,[CLS]无[SEP]前壳损坏[SEP]2021年10月27日内科ICU送修注射泵一台据该科室反映当日该科室进行日常设备维护保养时发现该设备前壳拉杆处泵体断裂随即送修未对病人造成不良影响[SEP],前壳损坏,2021年10月27日内科ICU送修注射泵一台据该科室反映当日该科室进行日常设备维护保养时发现该设备前壳拉杆处泵体断裂随即送修未对病人造成不良影响,由于该设备已使用近10年处于超预期使用状态前壳压柄处因长期频繁使用老化开裂
126410229202101236,其他,[CLS]无[SEP]注射泵无法固定[SEP]固定输液泵时发现无法固定[SEP],无,注射泵无法固定,固定输液泵时发现无法固定,产品原因（包括说明书等）,固定支架螺丝滑丝,无,[CLS]无[SEP]注射泵无法固定[SEP]固定输液泵时发现无法固定[SEP],注射泵无法固定,固定输液泵时发现无法固定,由于该设备已在医院使用9年处于超预期使用状态临床使用固定设备时频繁大力扭动螺丝造成滑丝导致固定支架无法固定设备
116210607202100205,其他,[CLS]设备无法正常使用[SEP]开机后设备不工作[SEP]给患者使用时发现设备开机后无法正常工作[SEP],设备无法正常使用,开机后设备不工作,给患者使用时发现设备开机后无法正常工作,产品原因（包括说明书等）,电源故障或者开关故障,设备无法正常使用,[CLS]设备无法正常使用[SEP]开机后设备不工作[SEP]给患者使用时发现设备开机后无法正常工作[SEP],开机后设备不工作,给患者使用时发现设备开机后无法正常工作,注射泵配备的电池为可充电锂电池该电池属于消耗品随着使用年限的增加电池性能会衰减由于设备已经处于超预期使用状态电池蓄电能力降低所以未连接交流电时会出现电池电量耗尽报警关机无法正常使用现象
137610400202100578,其他,[CLS]无[SEP]注射器夹子损坏[SEP]2021年11月8日使用前检查发现注射器夹子损坏随后联系工程师维修[SEP],无,注射器夹子损坏,2021年11月8日使用前检查发现注射器夹子损坏随后联系工程师维修,无法确定,多考虑1产品本身存在缺陷2操作人员未按产品说明书对产品进行维护和保养,无,[CLS]无[SEP]注射器夹子损坏[SEP]2021年11月8日使用前检查发现注射器夹子损坏随后联系工程师维修[SEP],注射器夹子损坏,2021年11月8日使用前检查发现注射器夹子损坏随后联系工程师维修,由于该设备已使用超过7年处于超预期使用状态长期频繁使用加速老化导致捏柄损坏
137610212202100076,其他,[CLS]对患者未造成伤害[SEP]报警失灵[SEP]患者以冠心病[SEP],对患者未造成伤害,报警失灵,患者以冠心病,产品原因（包括说明书等）,静推泵报警失灵,对患者未造成伤害,[CLS]对患者未造成伤害[SEP]报警失灵[SEP]患者以冠心病[SEP],报警失灵,患者以冠心病,初步分析是因为使用的注射器未进行校准注射器参数与机器保存参数不一致导致药液未推注完成即触发报警停止运行
126411500202100289,其他,[CLS]null[SEP]开机后不走液体无法使用[SEP]该机到货后经器械科专人验收试机合格后交由NMICU使用[SEP],null,开机后不走液体无法使用,该机到货后经器械科专人验收试机合格后交由NMICU使用,无法确定,经拆机检测确认机内液体液位传感器损坏,null,[CLS]null[SEP]开机后不走液体无法使用[SEP]该机到货后经器械科专人验收试机合格后交由NMICU使用[SEP],开机后不走液体无法使用,该机到货后经器械科专人验收试机合格后交由NMICU使用,由于设备在医院已使用8年属于超预期使用状态前壳压柄结构因长期频繁使用老化开裂
128431800202100490,其他,[CLS]null[SEP]前壳损坏[SEP]前壳损坏[SEP],null,前壳损坏,前壳损坏,产品原因（包括说明书等）,null,null,[CLS]null[SEP]前壳损坏[SEP]前壳损坏[SEP],前壳损坏,前壳损坏,由于该设备已使用6年处于超预期使用状态在长期临床使用和转运过程中受到碰撞导致压柄导向柱处断裂造成注射器规格的错误识别
125371104202100502,其他,[CLS]不良事件发生但未累及患者[SEP]D0603_不精确[SEP]2021年11月9日为病人于光明使用威高微量注射泵注射药物发现泵速不准偏低科室护理人员立即为病人更换其他注射泵并报修设备科维修组经维修人员现场维修为推拉盒固定夹子损坏导致注射针管固定不牢导致[SEP],不良事件发生但未累及患者,D0603_不精确,2021年11月9日为病人于光明使用威高微量注射泵注射药物发现泵速不准偏低科室护理人员立即为病人更换其他注射泵并报修设备科维修组经维修人员现场维修为推拉盒固定夹子损坏导致注射针管固定不牢导致,产品原因（包括说明书等）,为病人于光明使用威高微量注射泵注射药物发现泵速不准偏低经维修人员现场维修为推拉盒固定夹子损坏导致注射针管固定不牢导致,不良事件发生但未累及患者,[CLS]不良事件发生但未累及患者[SEP]D0603_不精确[SEP]2021年11月9日为病人于光明使用威高微量注射泵注射药物发现泵速不准偏低科室护理人员立即为病人更换其他注射泵并报修设备科维修组经维修人员现场维修为推拉盒固定夹子损坏导致注射针管固定不牢导致[SEP],D0603_不精确,2021年11月9日为病人于光明使用威高微量注射泵注射药物发现泵速不准偏低科室护理人员立即为病人更换其他注射泵并报修设备科维修组经维修人员现场维修为推拉盒固定夹子损坏导致注射针管固定不牢导致,由于该设备已使用超过9年处于超预期使用状态长期频繁使用加速老化导致捏柄损坏
129441965202100242,严重伤害,[CLS]在应急状态下可能导致严重伤害[SEP]丝杆镊柄损坏[SEP]2021年11月22日下午15时40分工程师到科室保养检修注射泵安装注射器时发现丝杆镊柄损坏无法打开立即反馈科室护长暂停使用设备采购配件更换[SEP],在应急状态下可能导致严重伤害,丝杆镊柄损坏,2021年11月22日下午15时40分工程师到科室保养检修注射泵安装注射器时发现丝杆镊柄损坏无法打开立即反馈科室护长暂停使用设备采购配件更换,产品原因（包括说明书等）,丝杆镊柄损坏,在应急状态下可能导致严重伤害,[CLS]在应急状态下可能导致严重伤害[SEP]丝杆镊柄损坏[SEP]2021年11月22日下午15时40分工程师到科室保养检修注射泵安装注射器时发现丝杆镊柄损坏无法打开立即反馈科室护长暂停使用设备采购配件更换[SEP],丝杆镊柄损坏,2021年11月22日下午15时40分工程师到科室保养检修注射泵安装注射器时发现丝杆镊柄损坏无法打开立即反馈科室护长暂停使用设备采购配件更换,我公司认为该不良事件不属于严重伤害应为其他1通过实验使用ABS硬塑料内嵌金属预埋件材质制作的捏柄在经过数万次疲劳寿命测试可能会出现开裂现象在ABS中增加适量玻纤再按相同工艺制作捏柄做对比实验没有出现开裂现象2考虑设备已在医院使用3年多推测应该是原先使用的ABS硬塑料内嵌金属预埋件材质强度不够造成捏柄开裂
124361001202100226,其他,[CLS]无[SEP]开机注射泵报堵塞[SEP]该设备开机后注射泵报堵塞报器械科维修未造成不良影响[SEP],无,开机注射泵报堵塞,该设备开机后注射泵报堵塞报器械科维修未造成不良影响,无法确定,开机注射泵报堵塞联系厂家工程师拆开机重新调整参数恢复正常,无,[CLS]无[SEP]开机注射泵报堵塞[SEP]该设备开机后注射泵报堵塞报器械科维修未造成不良影响[SEP],开机注射泵报堵塞,该设备开机后注射泵报堵塞报器械科维修未造成不良影响,由于此台注射泵已在医院使用9年处于超预期使用状态长时间使用压力参数发生了变化而导致内部感知的压力值超出了机器校准的压力值出现阻塞报警
116210607202100204,其他,[CLS]设备无法正常给患者使用[SEP]开机后一直报警[SEP]给患者使用时发现开机后一直报警[SEP],设备无法正常给患者使用,开机后一直报警,给患者使用时发现开机后一直报警,产品原因（包括说明书等）,报警灯故障或线路故障,设备无法正常给患者使用,[CLS]设备无法正常给患者使用[SEP]开机后一直报警[SEP]给患者使用时发现开机后一直报警[SEP],开机后一直报警,给患者使用时发现开机后一直报警,由于该设备已在医院使用近8年处于超预期使用状态长期临床使用电池蓄电能力降低导致单独使用电池供电开机使用时报电压低报警
116210607202100218,其他,[CLS]设备无法正常给患者使用[SEP]设备工作中有异响[SEP]给患者使用时发现设备工作有异响[SEP],设备无法正常给患者使用,设备工作中有异响,给患者使用时发现设备工作有异响,产品原因（包括说明书等）,初步诊断滑道故障或内部零件松动,设备无法正常给患者使用,[CLS]设备无法正常给患者使用[SEP]设备工作中有异响[SEP]给患者使用时发现设备工作有异响[SEP],设备工作中有异响,给患者使用时发现设备工作有异响,由于该设备已使用今9年处于超预期使用状态在临床使用转运过程中造成震动磕碰导致固定电机驱动板的螺丝松动脱落
124361000202100120,严重伤害,[CLS]M210202_给药不足[SEP]D0409_设备内或器件内阻塞[SEP]开机给病人定时输液护士反映有时无法输液报器械科维修[SEP],M210202_给药不足,D0409_设备内或器件内阻塞,开机给病人定时输液护士反映有时无法输液报器械科维修,产品原因（包括说明书等）,null,M210202_给药不足,[CLS]M210202_给药不足[SEP]D0409_设备内或器件内阻塞[SEP]开机给病人定时输液护士反映有时无法输液报器械科维修[SEP],D0409_设备内或器件内阻塞,开机给病人定时输液护士反映有时无法输液报器械科维修,我公司认为该不良事件不属于严重伤害应为其他分析原因是由于该设备在医院长期使用转运过程中发生震动或磕碰造成短电位器螺丝松动导致无法识别注射器而出现的输液中止
115151010202100315,其他,[CLS]null[SEP]注射泵显示注射完成但注射器内仍有药物[SEP]注射泵显示注射完成但注射器内仍有药物更换注射泵联系设备科维修[SEP],null,注射泵显示注射完成但注射器内仍有药物,注射泵显示注射完成但注射器内仍有药物更换注射泵联系设备科维修,产品原因（包括说明书等）,null,null,[CLS]null[SEP]注射泵显示注射完成但注射器内仍有药物[SEP]注射泵显示注射完成但注射器内仍有药物更换注射泵联系设备科维修[SEP],注射泵显示注射完成但注射器内仍有药物,注射泵显示注射完成但注射器内仍有药物更换注射泵联系设备科维修,由于设备长期使用未进行定期维护保养设备本身校准的注射器参数发生偏移导致残余量大
140650105202100311,其他,[CLS]未造成任何人员伤害[SEP]内部部件脱落[SEP]使用过程中摔下导致零件脱落[SEP],未造成任何人员伤害,内部部件脱落,使用过程中摔下导致零件脱落,产品原因（包括说明书等）,内部零件掉落,未造成任何人员伤害,[CLS]未造成任何人员伤害[SEP]内部部件脱落[SEP]使用过程中摔下导致零件脱落[SEP],内部部件脱落,使用过程中摔下导致零件脱落,由于设备在医院已使用8年处于超预期使用状态长期临床使用转运过程中震动摔落导致固定短电位器螺丝松动脱落
140650105202100309,其他,[CLS]未造成任何人员伤害[SEP]压柄卡死[SEP]正常使用压柄卡死无法拧动[SEP],未造成任何人员伤害,压柄卡死,正常使用压柄卡死无法拧动,产品原因（包括说明书等）,长期使用压柄老化卡死,未造成任何人员伤害,[CLS]未造成任何人员伤害[SEP]压柄卡死[SEP]正常使用压柄卡死无法拧动[SEP],压柄卡死,正常使用压柄卡死无法拧动,由于产品已在医院使用7年处于超预期寿命使用状态长期频繁使用加速老化导致捏柄损坏
140650105202100294,其他,[CLS]未造成任何人员伤害[SEP]连杆外壳脱落[SEP]使用过程中连杆外壳脱落[SEP],未造成任何人员伤害,连杆外壳脱落,使用过程中连杆外壳脱落,产品原因（包括说明书等）,长期使用导致部件老化脱落,未造成任何人员伤害,[CLS]未造成任何人员伤害[SEP]连杆外壳脱落[SEP]使用过程中连杆外壳脱落[SEP],连杆外壳脱落,使用过程中连杆外壳脱落,由于设备已使用9年属于超预期使用状态频繁使用导致推拉盒后壳螺孔内的螺纹磨损不能与螺杆起到咬合的效果导致推拉盒后壳脱落
116210200202100227,其他,[CLS]无[SEP]D101103_电池模式失效[SEP]该设备主要用于给患者做药剂定量注射保证药剂给药速度达到预定治疗效果该泵含有断电续航功能在转运患者时也能进行药物注射2021年11月2日在医务人员使用该设备给患者转运注射时发现电池电量低报警发现问题后立即更换备用设备治疗工作恢复进行未造成不良影响[SEP],无,D101103_电池模式失效,该设备主要用于给患者做药剂定量注射保证药剂给药速度达到预定治疗效果该泵含有断电续航功能在转运患者时也能进行药物注射2021年11月2日在医务人员使用该设备给患者转运注射时发现电池电量低报警发现问题后立即更换备用设备治疗工作恢复进行未造成不良影响,无法确定,电池续航能力低,无,[CLS]无[SEP]D101103_电池模式失效[SEP]该设备主要用于给患者做药剂定量注射保证药剂给药速度达到预定治疗效果该泵含有断电续航功能在转运患者时也能进行药物注射2021年11月2日在医务人员使用该设备给患者转运注射时发现电池电量低报警发现问题后立即更换备用设备治疗工作恢复进行未造成不良影响[SEP],D101103_电池模式失效,该设备主要用于给患者做药剂定量注射保证药剂给药速度达到预定治疗效果该泵含有断电续航功能在转运患者时也能进行药物注射2021年11月2日在医务人员使用该设备给患者转运注射时发现电池电量低报警发现问题后立即更换备用设备治疗工作恢复进行未造成不良影响,注射泵配备的电池为可充电锂电池需在使用前充足电量供设备使用电池属于消耗品随着使用年限的增加电池性能会衰减由于设备已使用8年处于超预期使用状态电池蓄电能力有所降低
116210200202100209,其他,[CLS]无[SEP]不插交流电无法续航[SEP]该设备主要用于给患者进行定量微量注射保持输液速率和患者体内药物浓度达到预期治疗效果该设备带有蓄电池续航功能2021年11月5日医务人员在对设备进行性能检查时发现该注射泵蓄电池无蓄电能力达不到预定功能发现问题后立即停止使用报送维修[SEP],无,不插交流电无法续航,该设备主要用于给患者进行定量微量注射保持输液速率和患者体内药物浓度达到预期治疗效果该设备带有蓄电池续航功能2021年11月5日医务人员在对设备进行性能检查时发现该注射泵蓄电池无蓄电能力达不到预定功能发现问题后立即停止使用报送维修,无法确定,设备使用时间长蓄电池无蓄电能力,无,[CLS]无[SEP]不插交流电无法续航[SEP]该设备主要用于给患者进行定量微量注射保持输液速率和患者体内药物浓度达到预期治疗效果该设备带有蓄电池续航功能2021年11月5日医务人员在对设备进行性能检查时发现该注射泵蓄电池无蓄电能力达不到预定功能发现问题后立即停止使用报送维修[SEP],不插交流电无法续航,该设备主要用于给患者进行定量微量注射保持输液速率和患者体内药物浓度达到预期治疗效果该设备带有蓄电池续航功能2021年11月5日医务人员在对设备进行性能检查时发现该注射泵蓄电池无蓄电能力达不到预定功能发现问题后立即停止使用报送维修,注射泵配备的电池为可充电锂电池该电池属于消耗品随着使用年限的增加电池性能会衰减由于设备已使用8年处于超预期使用状态电池蓄电能力会降低
125370712202100630,其他,[CLS]不能正常泵入药液[SEP]微量泵异常报警[SEP]正常开机泵入液体使用过程中机器异常报警提升管路堵塞确认管路通畅机器依旧异常报警[SEP],不能正常泵入药液,微量泵异常报警,正常开机泵入液体使用过程中机器异常报警提升管路堵塞确认管路通畅机器依旧异常报警,产品原因（包括说明书等）,null,不能正常泵入药液,[CLS]不能正常泵入药液[SEP]微量泵异常报警[SEP]正常开机泵入液体使用过程中机器异常报警提升管路堵塞确认管路通畅机器依旧异常报警[SEP],微量泵异常报警,正常开机泵入液体使用过程中机器异常报警提升管路堵塞确认管路通畅机器依旧异常报警,由于设备已在医院使用8年属于超预期使用状态长期临床使用转运过程中发生震动磕碰造成压力传感器和主板接触的插头出现松动引发报警
125371101202100285,其他,[CLS]无[SEP]设备不能开机[SEP]2021年9月28日患者姜淑英因休克入院在使用注射泵准备输药时发现设备不开机护士发现后更换输液泵输液并及时报修未对患者造成不良影响[SEP],无,设备不能开机,2021年9月28日患者姜淑英因休克入院在使用注射泵准备输药时发现设备不开机护士发现后更换输液泵输液并及时报修未对患者造成不良影响,产品原因（包括说明书等）,设备故障不开机,无,[CLS]无[SEP]设备不能开机[SEP]2021年9月28日患者姜淑英因休克入院在使用注射泵准备输药时发现设备不开机护士发现后更换输液泵输液并及时报修未对患者造成不良影响[SEP],设备不能开机,2021年9月28日患者姜淑英因休克入院在使用注射泵准备输药时发现设备不开机护士发现后更换输液泵输液并及时报修未对患者造成不良影响,1设备内部电池为消耗品长期使用造成电池蓄电能力衰减无法正常蓄电2由于设备已在科室使用8年处于超预期使用状态电源线在长期使用中弯折磨损导致断裂无法正常供电
140650105202100298,其他,[CLS]未造成任何人员伤害[SEP]夹子卡涩[SEP]正常使用夹子卡涩不能回弹[SEP],未造成任何人员伤害,夹子卡涩,正常使用夹子卡涩不能回弹,产品原因（包括说明书等）,使用过程中夹子中渗透液体,未造成任何人员伤害,[CLS]未造成任何人员伤害[SEP]夹子卡涩[SEP]正常使用夹子卡涩不能回弹[SEP],夹子卡涩,正常使用夹子卡涩不能回弹,由于该设备在医院使用9年处于超预期使用长期使用未定期对设备进行清洁维护粘着性液体进入附着在元器件上导致左右夹卡涩不能回弹
129291712202100422,其他,[CLS]null[SEP]药液泵入不完全[SEP]于2021年11月02日2000给患者泵注氯化钾注射液剩最后1ml注射泵显示泵注完毕无法再泵注完关机重启也是一样造成患者不满意的影响影响医生用药剂量请设备科查看仪器不能使用[SEP],null,药液泵入不完全,于2021年11月02日2000给患者泵注氯化钾注射液剩最后1ml注射泵显示泵注完毕无法再泵注完关机重启也是一样造成患者不满意的影响影响医生用药剂量请设备科查看仪器不能使用,产品原因（包括说明书等）,机器内部问题,null,[CLS]null[SEP]药液泵入不完全[SEP]于2021年11月02日2000给患者泵注氯化钾注射液剩最后1ml注射泵显示泵注完毕无法再泵注完关机重启也是一样造成患者不满意的影响影响医生用药剂量请设备科查看仪器不能使用[SEP],药液泵入不完全,于2021年11月02日2000给患者泵注氯化钾注射液剩最后1ml注射泵显示泵注完毕无法再泵注完关机重启也是一样造成患者不满意的影响影响医生用药剂量请设备科查看仪器不能使用,由于医院使用的注射器品牌与设备设置的注射器品牌不一致医院使用该品牌注射器前未对其进行校准导致设备内记录的校准参数与该品牌注射器不适配影响精度
129291712202100418,严重伤害,[CLS]可能造成患者因短时间内注入过量药液而发生严重伤害[SEP]注射速度超快[SEP]2021年11月3日在新市医院肿瘤一科因患者肖巍化验钾离子24mmoll医嘱NS50ml氯化钾30ml以13mlh泵入1200左右护士配好药后用60ml注射器抽取50ml泵入1540左右注射完毕再接上了剩余的30ml在1620左右时突然砰了一声把剩余的液体全部推入了血管立马检查患者生命体征平稳无其他不适遵医属予继续观察[SEP],可能造成患者因短时间内注入过量药液而发生严重伤害,注射速度超快,2021年11月3日在新市医院肿瘤一科因患者肖巍化验钾离子24mmoll医嘱NS50ml氯化钾30ml以13mlh泵入1200左右护士配好药后用60ml注射器抽取50ml泵入1540左右注射完毕再接上了剩余的30ml在1620左右时突然砰了一声把剩余的液体全部推入了血管立马检查患者生命体征平稳无其他不适遵医属予继续观察,产品原因（包括说明书等）,机器内部问题,可能造成患者因短时间内注入过量药液而发生严重伤害,[CLS]可能造成患者因短时间内注入过量药液而发生严重伤害[SEP]注射速度超快[SEP]2021年11月3日在新市医院肿瘤一科因患者肖巍化验钾离子24mmoll医嘱NS50ml氯化钾30ml以13mlh泵入1200左右护士配好药后用60ml注射器抽取50ml泵入1540左右注射完毕再接上了剩余的30ml在1620左右时突然砰了一声把剩余的液体全部推入了血管立马检查患者生命体征平稳无其他不适遵医属予继续观察[SEP],注射速度超快,2021年11月3日在新市医院肿瘤一科因患者肖巍化验钾离子24mmoll医嘱NS50ml氯化钾30ml以13mlh泵入1200左右护士配好药后用60ml注射器抽取50ml泵入1540左右注射完毕再接上了剩余的30ml在1620左右时突然砰了一声把剩余的液体全部推入了血管立马检查患者生命体征平稳无其他不适遵医属予继续观察,经调查该不良事件不符合严重伤害的定义应为其它经过检查发现注射泵设置注射器品牌与实际使用的注射器品牌不匹配使用注射泵前未对该品牌注射器进行校准导致注射泵内部没有记录该品牌注射器的相关参数引发精度不准造成流速过快
130452233202100295,其他,[CLS]无[SEP]设备报阻塞[SEP]202110111750左右消化内科二病区予患者使用WGS1011注射泵泵注药物护士在调节注射泵速度后按确定键后设备报阻塞立即更换其它注射泵完成治疗故障注射泵上报柯渡维修柯渡工程师测试注射泵发现注射泵间隔没多久就报错将注射泵拆开将压力传感器取下重新安装一遍测试多测试几遍未发现再报警[SEP],无,设备报阻塞,202110111750左右消化内科二病区予患者使用WGS1011注射泵泵注药物护士在调节注射泵速度后按确定键后设备报阻塞立即更换其它注射泵完成治疗故障注射泵上报柯渡维修柯渡工程师测试注射泵发现注射泵间隔没多久就报错将注射泵拆开将压力传感器取下重新安装一遍测试多测试几遍未发现再报警,产品原因（包括说明书等）,产品质量问题,无,[CLS]无[SEP]设备报阻塞[SEP]202110111750左右消化内科二病区予患者使用WGS1011注射泵泵注药物护士在调节注射泵速度后按确定键后设备报阻塞立即更换其它注射泵完成治疗故障注射泵上报柯渡维修柯渡工程师测试注射泵发现注射泵间隔没多久就报错将注射泵拆开将压力传感器取下重新安装一遍测试多测试几遍未发现再报警[SEP],设备报阻塞,202110111750左右消化内科二病区予患者使用WGS1011注射泵泵注药物护士在调节注射泵速度后按确定键后设备报阻塞立即更换其它注射泵完成治疗故障注射泵上报柯渡维修柯渡工程师测试注射泵发现注射泵间隔没多久就报错将注射泵拆开将压力传感器取下重新安装一遍测试多测试几遍未发现再报警,由于设备在医院已使9年属于超预期使用状态在临床使用运输过程中震荡导致压力传感器插头松动影响传感器识别造成误报警
116211206202100070,其他,[CLS]null[SEP]注射泵速度调至2mlh10秒后自动调至1mlh[SEP]8月20日13辛德全男78岁2型糖尿病遵医嘱给予09ns20ml加普通胰岛素20单位静脉泵入速度2mlh启动后10秒机器报警屏幕显示速度为1mlh重新启动后仍出现上述情况更换注射泵后正常[SEP],null,注射泵速度调至2mlh10秒后自动调至1mlh,8月20日13辛德全男78岁2型糖尿病遵医嘱给予09ns20ml加普通胰岛素20单位静脉泵入速度2mlh启动后10秒机器报警屏幕显示速度为1mlh重新启动后仍出现上述情况更换注射泵后正常,产品原因（包括说明书等）,机械故障,null,[CLS]null[SEP]注射泵速度调至2mlh10秒后自动调至1mlh[SEP]8月20日13辛德全男78岁2型糖尿病遵医嘱给予09ns20ml加普通胰岛素20单位静脉泵入速度2mlh启动后10秒机器报警屏幕显示速度为1mlh重新启动后仍出现上述情况更换注射泵后正常[SEP],注射泵速度调至2mlh10秒后自动调至1mlh,8月20日13辛德全男78岁2型糖尿病遵医嘱给予09ns20ml加普通胰岛素20单位静脉泵入速度2mlh启动后10秒机器报警屏幕显示速度为1mlh重新启动后仍出现上述情况更换注射泵后正常,由于设备已在医院使用9年处于超预期寿命使用状态长期使用造成短电位器固定螺丝松动导致注射器识别错误
116211206202100087,其他,[CLS]不能按预定速度注射药物[SEP]机器断电后自动暂停[SEP]于2021年8月25日给患者静脉泵入时患者给注射泵断电去卫生间断电后机器报警并自动暂停立即给予更换注射泵[SEP],不能按预定速度注射药物,机器断电后自动暂停,于2021年8月25日给患者静脉泵入时患者给注射泵断电去卫生间断电后机器报警并自动暂停立即给予更换注射泵,无法确定,null,不能按预定速度注射药物,[CLS]不能按预定速度注射药物[SEP]机器断电后自动暂停[SEP]于2021年8月25日给患者静脉泵入时患者给注射泵断电去卫生间断电后机器报警并自动暂停立即给予更换注射泵[SEP],机器断电后自动暂停,于2021年8月25日给患者静脉泵入时患者给注射泵断电去卫生间断电后机器报警并自动暂停立即给予更换注射泵,注射泵配备的电池为可充电锂电池该电池属于消耗品随着使用年限的增加电池性能会衰减由于设备已使用8年处于超预期使用状态电池本身属于消耗品所以目前电池电量属于枯竭状态使得开机报警电压低由于电池电量耗尽引发的报警属于正常报警
115152707202100092,其他,[CLS]null[SEP]系统故障报警[SEP]心内一区护士准备为患者使用注射泵配药后注射泵开机设备系统故障报警不能使用立即使用备用注射泵[SEP],null,系统故障报警,心内一区护士准备为患者使用注射泵配药后注射泵开机设备系统故障报警不能使用立即使用备用注射泵,产品原因（包括说明书等）,设备故障,null,[CLS]null[SEP]系统故障报警[SEP]心内一区护士准备为患者使用注射泵配药后注射泵开机设备系统故障报警不能使用立即使用备用注射泵[SEP],系统故障报警,心内一区护士准备为患者使用注射泵配药后注射泵开机设备系统故障报警不能使用立即使用备用注射泵,1经拆机检查发现是主控板电机驱动板线束插头松动导致报警2造成插头松动的原因可能是由于产品在运输环节震动跌落等外力以及在使用期间转运过程中发生碰撞导致插头松动
137610400202100510,其他,[CLS]无[SEP]B通道无法工作[SEP]2021年9月12日护士使用时发现B通道无法使用[SEP],无,B通道无法工作,2021年9月12日护士使用时发现B通道无法使用,无法确定,多考虑1产品本身存在缺陷2操作人员未按产品说明书对产品进行维护和保养,无,[CLS]无[SEP]B通道无法工作[SEP]2021年9月12日护士使用时发现B通道无法使用[SEP],B通道无法工作,2021年9月12日护士使用时发现B通道无法使用,由于设备已在医院使用8年属于超预期使用状态长期使用传感器有污物进入未及时清理导致设备触发报警
124361000202100095,其他,[CLS]通道1感应不到无法识别注射器[SEP]不能正常使用[SEP]护士使用该产品给病人输液时发现通道1无法识别注射器报器械科维修未造成不良影响[SEP],通道1感应不到无法识别注射器,不能正常使用,护士使用该产品给病人输液时发现通道1无法识别注射器报器械科维修未造成不良影响,产品原因（包括说明书等）,产品使用寿命太长,通道1感应不到无法识别注射器,[CLS]通道1感应不到无法识别注射器[SEP]不能正常使用[SEP]护士使用该产品给病人输液时发现通道1无法识别注射器报器械科维修未造成不良影响[SEP],不能正常使用,护士使用该产品给病人输液时发现通道1无法识别注射器报器械科维修未造成不良影响,由于设备已使用9年处于超预期寿命使用状态长期使用转运过程中发生震动或磕碰造成短电位器螺丝松动导致无法识别注射器规格无法启动使用
127420600202100058,其他,[CLS]无[SEP]null[SEP]普外Ⅰ患者为术后第一天遵医嘱予善宁组以2mlh持续泵入注射器已连接好开启按钮发现仪器故障无法使用[SEP],无,null,普外Ⅰ患者为术后第一天遵医嘱予善宁组以2mlh持续泵入注射器已连接好开启按钮发现仪器故障无法使用,"产品原因（包括说明书等）,操作原因",责任护士未查看仪器的使用状态是否处于完好备用,无,[CLS]无[SEP]null[SEP]普外Ⅰ患者为术后第一天遵医嘱予善宁组以2mlh持续泵入注射器已连接好开启按钮发现仪器故障无法使用[SEP],null,普外Ⅰ患者为术后第一天遵医嘱予善宁组以2mlh持续泵入注射器已连接好开启按钮发现仪器故障无法使用,1由于此台设备已在医院使用8年处于超预期使用状态2设备对于注射器的识别功能与校准参数和系统内部参数都有关当校准参数与系统参数出现较大偏差时会出现注射器识别错误
116740397202100059,其他,[CLS]头痛[SEP]滴速过快[SEP]2021年7月1日患者因双侧全髋置换术后左侧假体松动在我院手术治疗术后恢复良好7月10日患者因冠心病给予使用注射泵输液治疗按流程操作注射泵输液30分钟后患者自诉有头痛症状检查发现该注射泵自行输液加速重新设置后仍未能控制滴速考虑该注射泵故障立即更换其他注射泵治疗再未发生此现象[SEP],头痛,滴速过快,2021年7月1日患者因双侧全髋置换术后左侧假体松动在我院手术治疗术后恢复良好7月10日患者因冠心病给予使用注射泵输液治疗按流程操作注射泵输液30分钟后患者自诉有头痛症状检查发现该注射泵自行输液加速重新设置后仍未能控制滴速考虑该注射泵故障立即更换其他注射泵治疗再未发生此现象,产品原因（包括说明书等）,注射泵故障报警器失灵怀疑产品质量问题,头痛,[CLS]头痛[SEP]滴速过快[SEP]2021年7月1日患者因双侧全髋置换术后左侧假体松动在我院手术治疗术后恢复良好7月10日患者因冠心病给予使用注射泵输液治疗按流程操作注射泵输液30分钟后患者自诉有头痛症状检查发现该注射泵自行输液加速重新设置后仍未能控制滴速考虑该注射泵故障立即更换其他注射泵治疗再未发生此现象[SEP],滴速过快,2021年7月1日患者因双侧全髋置换术后左侧假体松动在我院手术治疗术后恢复良好7月10日患者因冠心病给予使用注射泵输液治疗按流程操作注射泵输液30分钟后患者自诉有头痛症状检查发现该注射泵自行输液加速重新设置后仍未能控制滴速考虑该注射泵故障立即更换其他注射泵治疗再未发生此现象,由于设备已在医院使用5年属于超预期使用状态长期使用未进行校准注射器参数与机器保存参数不一致引发注射速度不符现象
125371803202100380,其他,[CLS]null[SEP]注射泵推拉盒断裂无法使用[SEP]2021年9月14日肾脏病房预使用该注射泵发现该泵推拉盒断裂无法使用立即更换另一注射泵使用未造成不良影响上报医工部工程师联系厂家更换配件后机器可正常使用[SEP],null,注射泵推拉盒断裂无法使用,2021年9月14日肾脏病房预使用该注射泵发现该泵推拉盒断裂无法使用立即更换另一注射泵使用未造成不良影响上报医工部工程师联系厂家更换配件后机器可正常使用,产品原因（包括说明书等）,该泵推拉盒断裂,null,[CLS]null[SEP]注射泵推拉盒断裂无法使用[SEP]2021年9月14日肾脏病房预使用该注射泵发现该泵推拉盒断裂无法使用立即更换另一注射泵使用未造成不良影响上报医工部工程师联系厂家更换配件后机器可正常使用[SEP],注射泵推拉盒断裂无法使用,2021年9月14日肾脏病房预使用该注射泵发现该泵推拉盒断裂无法使用立即更换另一注射泵使用未造成不良影响上报医工部工程师联系厂家更换配件后机器可正常使用,因使用不当设备跌落导致推拉盒受到强烈外力导致断裂
127420102202100348,其他,[CLS]无[SEP]null[SEP]注射泵尾部夹柄全部破裂需更换[SEP],无,null,注射泵尾部夹柄全部破裂需更换,无法确定,null,无,[CLS]无[SEP]null[SEP]注射泵尾部夹柄全部破裂需更换[SEP],null,注射泵尾部夹柄全部破裂需更换,由于产品已在医院使用7年处于超预期寿命使用状态长期频繁使用加速老化导致捏柄损坏
127420102202100347,其他,[CLS]无[SEP]null[SEP]手柄断裂孙能正常使用[SEP],无,null,手柄断裂孙能正常使用,无法确定,null,无,[CLS]无[SEP]null[SEP]手柄断裂孙能正常使用[SEP],null,手柄断裂孙能正常使用,由于产品已在医院使用7年处于超预期寿命使用状态长期频繁使用加速老化导致捏柄损坏
127420102202100346,其他,[CLS]无[SEP]null[SEP]手柄断裂机器无法正常使用[SEP],无,null,手柄断裂机器无法正常使用,无法确定,null,无,[CLS]无[SEP]null[SEP]手柄断裂机器无法正常使用[SEP],null,手柄断裂机器无法正常使用,由于产品已在医院使用7年处于超预期寿命使用状态长期频繁使用加速老化导致捏柄损坏
113130300202100244,其他,[CLS]无[SEP]拉杆故障[SEP]20210926医学工程处人员在设备巡检过程中发现该产品拉杆卡顿使用不流畅分析是使用过于频繁设备材质无法达到使用强度内部可能存在断裂购置相关配件重新安装[SEP],无,拉杆故障,20210926医学工程处人员在设备巡检过程中发现该产品拉杆卡顿使用不流畅分析是使用过于频繁设备材质无法达到使用强度内部可能存在断裂购置相关配件重新安装,产品原因（包括说明书等）,使用过于频繁设备材质无法达到使用强度内部可能存在断裂,无,[CLS]无[SEP]拉杆故障[SEP]20210926医学工程处人员在设备巡检过程中发现该产品拉杆卡顿使用不流畅分析是使用过于频繁设备材质无法达到使用强度内部可能存在断裂购置相关配件重新安装[SEP],拉杆故障,20210926医学工程处人员在设备巡检过程中发现该产品拉杆卡顿使用不流畅分析是使用过于频繁设备材质无法达到使用强度内部可能存在断裂购置相关配件重新安装,由于设备在医院已使用6年属于超预期使用状态前壳压柄结构因长期频繁使用老化开裂
125371410202100262,其他,[CLS]无[SEP]第二通道注射器夹损坏[SEP]2021年8月14日内科送修注射泵一台据该科室反映当日该科室进行日常设备维护保养时发现该设备二通道注射器夹无法正常使用随即送修未对病人造成不良影响[SEP],无,第二通道注射器夹损坏,2021年8月14日内科送修注射泵一台据该科室反映当日该科室进行日常设备维护保养时发现该设备二通道注射器夹无法正常使用随即送修未对病人造成不良影响,无法确定,null,无,[CLS]无[SEP]第二通道注射器夹损坏[SEP]2021年8月14日内科送修注射泵一台据该科室反映当日该科室进行日常设备维护保养时发现该设备二通道注射器夹无法正常使用随即送修未对病人造成不良影响[SEP],第二通道注射器夹损坏,2021年8月14日内科送修注射泵一台据该科室反映当日该科室进行日常设备维护保养时发现该设备二通道注射器夹无法正常使用随即送修未对病人造成不良影响,由于设备在医院已使用9年属于超预期使用状态前壳压柄结构因长期频繁使用老化开裂
124361001202100175,其他,[CLS]无[SEP]双道注射泵压柄坏[SEP]使用前发现仪器压柄断裂无法使用更换压柄恢复正常未造成不良影响[SEP],无,双道注射泵压柄坏,使用前发现仪器压柄断裂无法使用更换压柄恢复正常未造成不良影响,无法确定,使用时发现仪器压柄坏,无,[CLS]无[SEP]双道注射泵压柄坏[SEP]使用前发现仪器压柄断裂无法使用更换压柄恢复正常未造成不良影响[SEP],双道注射泵压柄坏,使用前发现仪器压柄断裂无法使用更换压柄恢复正常未造成不良影响,由于该设备已在医院使用8年处于超预期使用状态设备前壳压柄因长期使用磨损导致断裂
125371703202100206,其他,[CLS]无[SEP]报警错误[SEP]2021年8月7日新生儿科医护人员使用注射泵为患者注射液体使用过程中报警无法继续使用工作人员更换注射泵继续为患者注射[SEP],无,报警错误,2021年8月7日新生儿科医护人员使用注射泵为患者注射液体使用过程中报警无法继续使用工作人员更换注射泵继续为患者注射,产品原因（包括说明书等）,原因待查,无,[CLS]无[SEP]报警错误[SEP]2021年8月7日新生儿科医护人员使用注射泵为患者注射液体使用过程中报警无法继续使用工作人员更换注射泵继续为患者注射[SEP],报警错误,2021年8月7日新生儿科医护人员使用注射泵为患者注射液体使用过程中报警无法继续使用工作人员更换注射泵继续为患者注射,由于设备已在医院使用8年属于超预期使用附产品使用年限要求注射接近完成报警是当注射器即将排空或累积量即将等于预置量时LCD显示注射接近完成并发出报警声同时报警指示灯闪烁提醒用户注射即将完成这是一种正常提示报警
125371410202100252,严重伤害,[CLS]拖慢治疗进度如果使用过程中断裂可能造成伤害[SEP]设备前面板夹具槽断裂多次粘接无法正常使用[SEP]2021年6月5日内科送修一台注射泵据该科室反映当日该科室给病人进行微量泵注射时发现该设备前面板夹具固定槽断裂随即更换注射泵并将故障机送修[SEP],拖慢治疗进度如果使用过程中断裂可能造成伤害,设备前面板夹具槽断裂多次粘接无法正常使用,2021年6月5日内科送修一台注射泵据该科室反映当日该科室给病人进行微量泵注射时发现该设备前面板夹具固定槽断裂随即更换注射泵并将故障机送修,无法确定,null,拖慢治疗进度如果使用过程中断裂可能造成伤害,[CLS]拖慢治疗进度如果使用过程中断裂可能造成伤害[SEP]设备前面板夹具槽断裂多次粘接无法正常使用[SEP]2021年6月5日内科送修一台注射泵据该科室反映当日该科室给病人进行微量泵注射时发现该设备前面板夹具固定槽断裂随即更换注射泵并将故障机送修[SEP],设备前面板夹具槽断裂多次粘接无法正常使用,2021年6月5日内科送修一台注射泵据该科室反映当日该科室给病人进行微量泵注射时发现该设备前面板夹具固定槽断裂随即更换注射泵并将故障机送修,我公司认为该不良事件不属于严重伤害应为其他由于此台注射泵已在医院使用9年处于超预期寿命使用状态长时间使用产品老化断裂
116210700202100322,严重伤害,[CLS]不明原因报警[SEP]不明原因报警[SEP]2021年8月3日内科患者王峰使用注射泵治疗输液时突然仪器报警不能正常工作关闭仪器重启后使用下通道给药仪器工作正常[SEP],不明原因报警,不明原因报警,2021年8月3日内科患者王峰使用注射泵治疗输液时突然仪器报警不能正常工作关闭仪器重启后使用下通道给药仪器工作正常,无法确定,不明原因报警,不明原因报警,[CLS]不明原因报警[SEP]不明原因报警[SEP]2021年8月3日内科患者王峰使用注射泵治疗输液时突然仪器报警不能正常工作关闭仪器重启后使用下通道给药仪器工作正常[SEP],不明原因报警,2021年8月3日内科患者王峰使用注射泵治疗输液时突然仪器报警不能正常工作关闭仪器重启后使用下通道给药仪器工作正常,由于设备已在医院使用9年处于超预期寿命使用状态长期使用造成内部检测模块的线路松动引发检测电路信号传递不通导致报警我公司认为该不良事件不符合严重伤害的定义应为其它
125371703202100213,严重伤害,[CLS]可能会耽误患者治疗[SEP]使用过程中不明原因停止工作[SEP]2021年8月16日心内二科医护人员使用注射泵为患者注射液体时无原因停止工作巡检人员发现后更换设备继续为患者治疗[SEP],可能会耽误患者治疗,使用过程中不明原因停止工作,2021年8月16日心内二科医护人员使用注射泵为患者注射液体时无原因停止工作巡检人员发现后更换设备继续为患者治疗,产品原因（包括说明书等）,原因待查,可能会耽误患者治疗,[CLS]可能会耽误患者治疗[SEP]使用过程中不明原因停止工作[SEP]2021年8月16日心内二科医护人员使用注射泵为患者注射液体时无原因停止工作巡检人员发现后更换设备继续为患者治疗[SEP],使用过程中不明原因停止工作,2021年8月16日心内二科医护人员使用注射泵为患者注射液体时无原因停止工作巡检人员发现后更换设备继续为患者治疗,院方报告为严重伤害我公司认为应为其他由于设备已使用8年属于超预期使用状态长时间使用电路板老化而发生故障
125371410202100210,其他,[CLS]无[SEP]无法充电[SEP]2021年7月22日科室送修注射泵一台据科室反映科室例行设备日常维护保养时发现该设备通电后不充电影响正常使用未对患者造成不良影响[SEP],无,无法充电,2021年7月22日科室送修注射泵一台据科室反映科室例行设备日常维护保养时发现该设备通电后不充电影响正常使用未对患者造成不良影响,无法确定,null,无,[CLS]无[SEP]无法充电[SEP]2021年7月22日科室送修注射泵一台据科室反映科室例行设备日常维护保养时发现该设备通电后不充电影响正常使用未对患者造成不良影响[SEP],无法充电,2021年7月22日科室送修注射泵一台据科室反映科室例行设备日常维护保养时发现该设备通电后不充电影响正常使用未对患者造成不良影响,由于设备已在科室使用8年处于超预期使用状态电源板因长时间使用设备老化导致电源板电源模块焊接引脚松动使电源接触不良无法开机
125371410202100208,其他,[CLS]无[SEP]把手断裂[SEP]2021年7月10日科室送修注射泵一台据科室反映当天科室例行设备日常维护保养时发现该设备损坏无法正常使用未对患者造成不良影响[SEP],无,把手断裂,2021年7月10日科室送修注射泵一台据科室反映当天科室例行设备日常维护保养时发现该设备损坏无法正常使用未对患者造成不良影响,无法确定,null,无,[CLS]无[SEP]把手断裂[SEP]2021年7月10日科室送修注射泵一台据科室反映当天科室例行设备日常维护保养时发现该设备损坏无法正常使用未对患者造成不良影响[SEP],把手断裂,2021年7月10日科室送修注射泵一台据科室反映当天科室例行设备日常维护保养时发现该设备损坏无法正常使用未对患者造成不良影响,由于设备已使用8年属于超预期使用状态长期频繁使用捏柄导致该部件磨损断裂
124361000202100082,严重伤害,[CLS]A通道夹住不能显示正确注射器容量[SEP]不能正常使用[SEP]使用过程中发现该注射泵A通道夹住不能显示正确注射器容量报器械科维修[SEP],A通道夹住不能显示正确注射器容量,不能正常使用,使用过程中发现该注射泵A通道夹住不能显示正确注射器容量报器械科维修,产品原因（包括说明书等）,null,A通道夹住不能显示正确注射器容量,[CLS]A通道夹住不能显示正确注射器容量[SEP]不能正常使用[SEP]使用过程中发现该注射泵A通道夹住不能显示正确注射器容量报器械科维修[SEP],不能正常使用,使用过程中发现该注射泵A通道夹住不能显示正确注射器容量报器械科维修,分析原因是由于该台机器在医院长期使用转运过程中发生震动或磕碰造成短电位器螺丝松动导致无法识别注射器规格无法启动使用
139630102202100096,其他,[CLS]药物滴入速度不准确影响患者治疗效果[SEP]滴入速度不准确[SEP]医院计量部门进行计量器具检定时发现注射泵滴入速度不准确适成药物过量或用药不足影响患者治疗[SEP],药物滴入速度不准确影响患者治疗效果,滴入速度不准确,医院计量部门进行计量器具检定时发现注射泵滴入速度不准确适成药物过量或用药不足影响患者治疗,产品原因（包括说明书等）,null,药物滴入速度不准确影响患者治疗效果,[CLS]药物滴入速度不准确影响患者治疗效果[SEP]滴入速度不准确[SEP]医院计量部门进行计量器具检定时发现注射泵滴入速度不准确适成药物过量或用药不足影响患者治疗[SEP],滴入速度不准确,医院计量部门进行计量器具检定时发现注射泵滴入速度不准确适成药物过量或用药不足影响患者治疗,由于设备已在医院使用8年属于超预期使用状态设备使用前未对使用的注射器进行校准导致注射泵内部没有记录该款注射器的相关参数引发注射速度不符现象
139630102202100097,其他,[CLS]存在药物过量或药物不足风险影响患者疗效[SEP]null[SEP]医院计量部门在对医院计量器具检定时发现注射泵存在滴速不准确存在滴入药品过量或剂量不足问题影响患者治疗效果或导致患者用药量风险[SEP],存在药物过量或药物不足风险影响患者疗效,null,医院计量部门在对医院计量器具检定时发现注射泵存在滴速不准确存在滴入药品过量或剂量不足问题影响患者治疗效果或导致患者用药量风险,产品原因（包括说明书等）,null,存在药物过量或药物不足风险影响患者疗效,[CLS]存在药物过量或药物不足风险影响患者疗效[SEP]null[SEP]医院计量部门在对医院计量器具检定时发现注射泵存在滴速不准确存在滴入药品过量或剂量不足问题影响患者治疗效果或导致患者用药量风险[SEP],null,医院计量部门在对医院计量器具检定时发现注射泵存在滴速不准确存在滴入药品过量或剂量不足问题影响患者治疗效果或导致患者用药量风险,由于设备已在医院使用8年属于超预期使用状态设备使用前未对使用的注射器进行校准导致注射泵内部没有记录该款注射器的相关参数引发注射速度不符现象
125371502202100124,其他,[CLS]延误患者及时治疗[SEP]设备报警报警信息为离合未闭[SEP]2021年9月4日神经外一科护士在使用威高注射泵对患者进行药物注射时发现设备一直报警报警信息为离合未闭立即停止设备使用科室立即报修设备科[SEP],延误患者及时治疗,设备报警报警信息为离合未闭,2021年9月4日神经外一科护士在使用威高注射泵对患者进行药物注射时发现设备一直报警报警信息为离合未闭立即停止设备使用科室立即报修设备科,产品原因（包括说明书等）,怀疑产品存在质量问题使用未超过1年配件传感器故障,延误患者及时治疗,[CLS]延误患者及时治疗[SEP]设备报警报警信息为离合未闭[SEP]2021年9月4日神经外一科护士在使用威高注射泵对患者进行药物注射时发现设备一直报警报警信息为离合未闭立即停止设备使用科室立即报修设备科[SEP],设备报警报警信息为离合未闭,2021年9月4日神经外一科护士在使用威高注射泵对患者进行药物注射时发现设备一直报警报警信息为离合未闭立即停止设备使用科室立即报修设备科,经售后工程师拆机检查发现设备内部FPC线损坏FPC线的功能之一是负责传递离合检测信号损坏后造成检测信号中断发生报警报警后设备不能注射药物无法正常使用
140654500202100271,其他,[CLS]null[SEP]设备开机时报压力传感器故障错误[SEP]按照说明书正常使用[SEP],null,设备开机时报压力传感器故障错误,按照说明书正常使用,产品原因（包括说明书等）,null,null,[CLS]null[SEP]设备开机时报压力传感器故障错误[SEP]按照说明书正常使用[SEP],设备开机时报压力传感器故障错误,按照说明书正常使用,1经拆机检查发现压力传感器连线的插头松动2由于设备已在医院使用8年属于超预期使用状态设备在科室长时间使用或移动可能因振动或碰撞导致连接线插头松动
116210107202100216,其他,[CLS]因器械故障患者未达到治疗目的[SEP]注射器内有残余[SEP]患者使用该机器治疗时出现注射器有残余[SEP],因器械故障患者未达到治疗目的,注射器内有残余,患者使用该机器治疗时出现注射器有残余,无法确定,null,因器械故障患者未达到治疗目的,[CLS]因器械故障患者未达到治疗目的[SEP]注射器内有残余[SEP]患者使用该机器治疗时出现注射器有残余[SEP],注射器内有残余,患者使用该机器治疗时出现注射器有残余,推测是转运过程中受到外力影响导致插头松动造成信号接触不良从而引发报警
140650110202100394,其他,[CLS]null[SEP]1通道经常无故报警并停止工作[SEP]护士在使用中发现放置好注射器后按下开始按钮设备工作一段时间后1通道经常会无故报警报警代码接近或者完毕重启并更换注射器后故障依旧随即停用并更换备用设备通知设备科工程师维修并未对患者造成伤害[SEP],null,1通道经常无故报警并停止工作,护士在使用中发现放置好注射器后按下开始按钮设备工作一段时间后1通道经常会无故报警报警代码接近或者完毕重启并更换注射器后故障依旧随即停用并更换备用设备通知设备科工程师维修并未对患者造成伤害,产品原因（包括说明书等）,1通道电源板接头氧化导致接触不良,null,[CLS]null[SEP]1通道经常无故报警并停止工作[SEP]护士在使用中发现放置好注射器后按下开始按钮设备工作一段时间后1通道经常会无故报警报警代码接近或者完毕重启并更换注射器后故障依旧随即停用并更换备用设备通知设备科工程师维修并未对患者造成伤害[SEP],1通道经常无故报警并停止工作,护士在使用中发现放置好注射器后按下开始按钮设备工作一段时间后1通道经常会无故报警报警代码接近或者完毕重启并更换注射器后故障依旧随即停用并更换备用设备通知设备科工程师维修并未对患者造成伤害,由于该设备在医院已使用6年属于超预期使用长时间使用在转运过程中设备摇晃导致插头松动长电位器线插头松动导致信号中断设备未检测到长电位器信号认为已经注射完毕发出报警信号
125371502202100130,其他,[CLS]延误患者治疗有可能对患者造成人身损害[SEP]设备连接输液架的固定夹无法拧动[SEP]2021年5月12日10时重症医学科护理人员在使用注射泵过程中在固定注射泵时发现固定夹无法拧动并进行固定重症医学科立即更换注射泵并联系设备科进行维修未对患者产生损伤[SEP],延误患者治疗有可能对患者造成人身损害,设备连接输液架的固定夹无法拧动,2021年5月12日10时重症医学科护理人员在使用注射泵过程中在固定注射泵时发现固定夹无法拧动并进行固定重症医学科立即更换注射泵并联系设备科进行维修未对患者产生损伤,产品原因（包括说明书等）,怀疑产品质量情况固定夹使用的金属材质易磨损无法长期使用,延误患者治疗有可能对患者造成人身损害,[CLS]延误患者治疗有可能对患者造成人身损害[SEP]设备连接输液架的固定夹无法拧动[SEP]2021年5月12日10时重症医学科护理人员在使用注射泵过程中在固定注射泵时发现固定夹无法拧动并进行固定重症医学科立即更换注射泵并联系设备科进行维修未对患者产生损伤[SEP],设备连接输液架的固定夹无法拧动,2021年5月12日10时重症医学科护理人员在使用注射泵过程中在固定注射泵时发现固定夹无法拧动并进行固定重症医学科立即更换注射泵并联系设备科进行维修未对患者产生损伤,经售后工程师拆机检查发现设备内部FPC线损坏FPC线的功能之一是负责传递离合检测信号损坏后造成检测信号中断发生报警报警后设备不能注射药物无法正常使用
140654500202100549,其他,[CLS]null[SEP]开机后点击运行第一道立即报错[SEP]正常使用[SEP],null,开机后点击运行第一道立即报错,正常使用,产品原因（包括说明书等）,注射器位置传感器接头松动接触不良导致应有固定措施如打胶,null,[CLS]null[SEP]开机后点击运行第一道立即报错[SEP]正常使用[SEP],开机后点击运行第一道立即报错,正常使用,1经拆机检查发现长电位器和主板连线的插头松动2由于设备已在医院使用8年属于超预期使用状态设备在科室长时间使用或移动可能因振动或碰撞导致连接线插头松动
138620409202100328,其他,[CLS]无[SEP]卡夹破裂[SEP]再给患儿使用前检测时拉动卡夹时破裂[SEP],无,卡夹破裂,再给患儿使用前检测时拉动卡夹时破裂,产品原因（包括说明书等）,卡夹材质太软导致破裂,无,[CLS]无[SEP]卡夹破裂[SEP]再给患儿使用前检测时拉动卡夹时破裂[SEP],卡夹破裂,再给患儿使用前检测时拉动卡夹时破裂,分析可能是由于频繁使用导致加速磨损受力过大而损坏
135531300202100049,其他,[CLS]未对患者造成伤害[SEP]D020208_推进失效[SEP]2021年8月11日护士使用该注射泵对患者进行治疗时发现设备无法正常启动运行遂暂停使用[SEP],未对患者造成伤害,D020208_推进失效,2021年8月11日护士使用该注射泵对患者进行治疗时发现设备无法正常启动运行遂暂停使用,产品原因（包括说明书等）,可能是内部传感器失效无法感知注射泵推杆,未对患者造成伤害,[CLS]未对患者造成伤害[SEP]D020208_推进失效[SEP]2021年8月11日护士使用该注射泵对患者进行治疗时发现设备无法正常启动运行遂暂停使用[SEP],D020208_推进失效,2021年8月11日护士使用该注射泵对患者进行治疗时发现设备无法正常启动运行遂暂停使用,1经拆机检查发现是负责传递离合检测信号的FPC线损坏损坏后造成检测信号中断发生报警2因为FPC线成扁平状且会随着注射泵推杆的推拉在注射泵内部来回移动所以分析其损坏的原因可能是由于线束整体厚度偏薄在移动过程中位置发生了偏移从而与其他器件发生刮擦导致磨损
116210107202100140,其他,[CLS]因器械故障患者未能治疗[SEP]机器不能正常开机[SEP]患者在需用些设备注射用药时机器无法正常启动开机[SEP],因器械故障患者未能治疗,机器不能正常开机,患者在需用些设备注射用药时机器无法正常启动开机,无法确定,null,因器械故障患者未能治疗,[CLS]因器械故障患者未能治疗[SEP]机器不能正常开机[SEP]患者在需用些设备注射用药时机器无法正常启动开机[SEP],机器不能正常开机,患者在需用些设备注射用药时机器无法正常启动开机,注射泵配备的电池为可充电锂电池该电池属于消耗品随着使用年限的增加电池性能会衰减由于设备已使用6年处于超预期使用状态电池蓄电能力降低所以未连接交流电时会出现电量不足自动关机
138620409202100327,其他,[CLS]无[SEP]D150101_断裂[SEP]使用前检查时发现注射泵夹头破裂[SEP],无,D150101_断裂,使用前检查时发现注射泵夹头破裂,产品原因（包括说明书等）,初步判断为材质硬度不够导致卡夹破裂,无,[CLS]无[SEP]D150101_断裂[SEP]使用前检查时发现注射泵夹头破裂[SEP],D150101_断裂,使用前检查时发现注射泵夹头破裂,由于设备已在医院使用超过5年属于超预期使用状态长期频繁使用捏柄导致该部件磨损断裂
140654500202100416,其他,[CLS]null[SEP]注射器卡扣断裂[SEP]注射器卡扣断裂仪器无法正常使用予以更换[SEP],null,注射器卡扣断裂,注射器卡扣断裂仪器无法正常使用予以更换,无法确定,null,null,[CLS]null[SEP]注射器卡扣断裂[SEP]注射器卡扣断裂仪器无法正常使用予以更换[SEP],注射器卡扣断裂,注射器卡扣断裂仪器无法正常使用予以更换,由于产品已在医院使用7年处于超预期寿命使用状态捏柄长期频繁使用老化故障
140654500202100430,其他,[CLS]null[SEP]注射器推片断裂[SEP]临床正常使用注射器推片断裂无法更换粘接[SEP],null,注射器推片断裂,临床正常使用注射器推片断裂无法更换粘接,无法确定,null,null,[CLS]null[SEP]注射器推片断裂[SEP]临床正常使用注射器推片断裂无法更换粘接[SEP],注射器推片断裂,临床正常使用注射器推片断裂无法更换粘接,由于该设备在医院使用7年处于超预期寿命使用状态捏柄长期频繁使用老化故障
138620409202100329,其他,[CLS]无[SEP]卡夹破裂[SEP]给患者使用该设备时发现卡注射器时卡夹破裂[SEP],无,卡夹破裂,给患者使用该设备时发现卡注射器时卡夹破裂,产品原因（包括说明书等）,卡夹材质太软导致卡夹破裂,无,[CLS]无[SEP]卡夹破裂[SEP]给患者使用该设备时发现卡注射器时卡夹破裂[SEP],卡夹破裂,给患者使用该设备时发现卡注射器时卡夹破裂,由于设备已在医院使用近5年长期频繁使用捏柄导致该部件磨损断裂
138620409202100330,其他,[CLS]无[SEP]卡夹破裂[SEP]在给患者使用该产品时发现夹注射器时卡夹破裂[SEP],无,卡夹破裂,在给患者使用该产品时发现夹注射器时卡夹破裂,产品原因（包括说明书等）,材质不合格,无,[CLS]无[SEP]卡夹破裂[SEP]在给患者使用该产品时发现夹注射器时卡夹破裂[SEP],卡夹破裂,在给患者使用该产品时发现夹注射器时卡夹破裂,由于设备已在医院使用9年属于超预期使用状态长期频繁使用捏柄导致该部件磨损断裂
135530202202100090,其他,[CLS]未造成人员损伤[SEP]使用中设备报阻塞报警无法正常输液[SEP]使用中未造成人员伤害[SEP],未造成人员损伤,使用中设备报阻塞报警无法正常输液,使用中未造成人员伤害,产品原因（包括说明书等）,经医学装备部维修人员维修判断为推杆炸裂造成输液推注无法完成,未造成人员损伤,[CLS]未造成人员损伤[SEP]使用中设备报阻塞报警无法正常输液[SEP]使用中未造成人员伤害[SEP],使用中设备报阻塞报警无法正常输液,使用中未造成人员伤害,该设备已在医院使用5年属于超预期使用状态长期频繁使用导致空心轴开裂
140650105202100261,其他,[CLS]null[SEP]推杆夹断裂[SEP]在安装注射器时推杆夹断裂[SEP],null,推杆夹断裂,在安装注射器时推杆夹断裂,产品原因（包括说明书等）,该推杆夹为塑料制品长期使用老化断裂,null,[CLS]null[SEP]推杆夹断裂[SEP]在安装注射器时推杆夹断裂[SEP],推杆夹断裂,在安装注射器时推杆夹断裂,由于设备已在医院使用9年属于超预期使用状态长期频繁使用捏柄导致该部件磨损断裂
134523000202100076,其他,[CLS]null[SEP]泵坏[SEP]2021年07月13日护士为病人进行微量泵泵入液体治疗时正确使用微量泵1小时后巡视病房发现微量泵液体虽持续输注但液体量并无变化管床护士及时发现并更换其他微量泵未造成不良后果[SEP],null,泵坏,2021年07月13日护士为病人进行微量泵泵入液体治疗时正确使用微量泵1小时后巡视病房发现微量泵液体虽持续输注但液体量并无变化管床护士及时发现并更换其他微量泵未造成不良后果,产品原因（包括说明书等）,null,null,[CLS]null[SEP]泵坏[SEP]2021年07月13日护士为病人进行微量泵泵入液体治疗时正确使用微量泵1小时后巡视病房发现微量泵液体虽持续输注但液体量并无变化管床护士及时发现并更换其他微量泵未造成不良后果[SEP],泵坏,2021年07月13日护士为病人进行微量泵泵入液体治疗时正确使用微量泵1小时后巡视病房发现微量泵液体虽持续输注但液体量并无变化管床护士及时发现并更换其他微量泵未造成不良后果,当注射泵内部传感器感知到的压力值超过标准值时会发生阻塞报警经分析是由于传感器位置发生偏移导致造成感知的压力值发生偏差造成报警拆机检查发现喇叭本身不发声判断是喇叭不良
113130805202100070,其他,[CLS]null[SEP]D050210_显示故障[SEP]患者因血压高于2021年8月10日在内分泌住院遵医嘱给降压扩血管药物硝普钠静脉注射在使用注射泵时使用硝普钠静脉注射时发现面板不显示参数立即更换注射泵未造成伤害[SEP],null,D050210_显示故障,患者因血压高于2021年8月10日在内分泌住院遵医嘱给降压扩血管药物硝普钠静脉注射在使用注射泵时使用硝普钠静脉注射时发现面板不显示参数立即更换注射泵未造成伤害,产品原因（包括说明书等）,null,null,[CLS]null[SEP]D050210_显示故障[SEP]患者因血压高于2021年8月10日在内分泌住院遵医嘱给降压扩血管药物硝普钠静脉注射在使用注射泵时使用硝普钠静脉注射时发现面板不显示参数立即更换注射泵未造成伤害[SEP],D050210_显示故障,患者因血压高于2021年8月10日在内分泌住院遵医嘱给降压扩血管药物硝普钠静脉注射在使用注射泵时使用硝普钠静脉注射时发现面板不显示参数立即更换注射泵未造成伤害,由于使用的注射器未进行校准注射器参数与机器保存参数不一致导致不识别注射器规格型号无法启动运行
140650110202100363,其他,[CLS]影响医护人员使用[SEP]仪器异常报警[SEP]护士在使用中发现设备频繁阻塞报警在更换注射器和药液后故障依旧通知设备科工程师维护[SEP],影响医护人员使用,仪器异常报警,护士在使用中发现设备频繁阻塞报警在更换注射器和药液后故障依旧通知设备科工程师维护,无法确定,离合器阻力变大,影响医护人员使用,[CLS]影响医护人员使用[SEP]仪器异常报警[SEP]护士在使用中发现设备频繁阻塞报警在更换注射器和药液后故障依旧通知设备科工程师维护[SEP],仪器异常报警,护士在使用中发现设备频繁阻塞报警在更换注射器和药液后故障依旧通知设备科工程师维护,由于此台注射泵已在医院使用9年处于超预期使用状态长时间使用压力参数发生了变化而导致内部感知的压力值超出了机器校准的压力值出现阻塞报警
138620404202100029,其他,[CLS]病人心情不佳[SEP]滴速不准确[SEP]使用时发现滴速不准[SEP],病人心情不佳,滴速不准确,使用时发现滴速不准,无法确定,滴速不准,病人心情不佳,[CLS]病人心情不佳[SEP]滴速不准确[SEP]使用时发现滴速不准[SEP],滴速不准确,使用时发现滴速不准,由于该设备已在医院使用8年处于超预期使用状态设备使用前未对使用的注射器进行校准导致注射泵内部没有记录该款注射器的相关参数引发注射速度不符现象
125371703202100166,其他,[CLS]无[SEP]报警故障2[SEP]2021年7月12日神经外科医护人员使用注射泵为患者注射液体时注射泵报警故障2立即停止使用并更换仪器继续为患者注射[SEP],无,报警故障2,2021年7月12日神经外科医护人员使用注射泵为患者注射液体时注射泵报警故障2立即停止使用并更换仪器继续为患者注射,产品原因（包括说明书等）,系统故障,无,[CLS]无[SEP]报警故障2[SEP]2021年7月12日神经外科医护人员使用注射泵为患者注射液体时注射泵报警故障2立即停止使用并更换仪器继续为患者注射[SEP],报警故障2,2021年7月12日神经外科医护人员使用注射泵为患者注射液体时注射泵报警故障2立即停止使用并更换仪器继续为患者注射,该设备已在医院使用7年处于超预期使用状态长期使用主板老化引发检测电路信号传递不通导致报警
124361000202100047,其他,[CLS]安装注射器后机器不断报警[SEP]不能正常使用[SEP]1科室报修注射泵报警异常2带回维修间开机测试一通道报警异常5常按9号键查看设置发现压力值1025拆开设备后盖调整里面的电位器把指数调到55后不再报警3重新安装好后加注射器测试无问题后送回科室[SEP],安装注射器后机器不断报警,不能正常使用,1科室报修注射泵报警异常2带回维修间开机测试一通道报警异常5常按9号键查看设置发现压力值1025拆开设备后盖调整里面的电位器把指数调到55后不再报警3重新安装好后加注射器测试无问题后送回科室,产品原因（包括说明书等）,null,安装注射器后机器不断报警,[CLS]安装注射器后机器不断报警[SEP]不能正常使用[SEP]1科室报修注射泵报警异常2带回维修间开机测试一通道报警异常5常按9号键查看设置发现压力值1025拆开设备后盖调整里面的电位器把指数调到55后不再报警3重新安装好后加注射器测试无问题后送回科室[SEP],不能正常使用,1科室报修注射泵报警异常2带回维修间开机测试一通道报警异常5常按9号键查看设置发现压力值1025拆开设备后盖调整里面的电位器把指数调到55后不再报警3重新安装好后加注射器测试无问题后送回科室,由于设备已在医院使用6年属于超预期使用状态长期使用导致设备内部压力值出现偏差引发报警
115150311202100022,其他,[CLS]null[SEP]D041204_泵停止工作D1204_机械卡塞[SEP]给患者做治疗时注射泵停止工作出现报警[SEP],null,D041204_泵停止工作D1204_机械卡塞,给患者做治疗时注射泵停止工作出现报警,产品原因（包括说明书等）,注射泵停止工作报警器响经查看为机械卡塞造成注射泵停止工作,null,[CLS]null[SEP]D041204_泵停止工作D1204_机械卡塞[SEP]给患者做治疗时注射泵停止工作出现报警[SEP],D041204_泵停止工作D1204_机械卡塞,给患者做治疗时注射泵停止工作出现报警,根据器械故障表现推测有可能是因为使用前操作人员未进行快速排气排导致触发报警
111231500202103279,其他,[CLS]null[SEP]在使用过程中启动键和确认键无法使用[SEP]在使用过程中启动键和确认键无法使用[SEP],null,在使用过程中启动键和确认键无法使用,在使用过程中启动键和确认键无法使用,无法确定,null,null,[CLS]null[SEP]在使用过程中启动键和确认键无法使用[SEP]在使用过程中启动键和确认键无法使用[SEP],在使用过程中启动键和确认键无法使用,在使用过程中启动键和确认键无法使用,因使用不当使注射泵进液导致按键失灵无法使用
140652801202100074,其他,[CLS]M210202_给药不足[SEP]D240302_部件缺失[SEP]使用时发现计量不准[SEP],M210202_给药不足,D240302_部件缺失,使用时发现计量不准,产品原因（包括说明书等）,null,M210202_给药不足,[CLS]M210202_给药不足[SEP]D240302_部件缺失[SEP]使用时发现计量不准[SEP],D240302_部件缺失,使用时发现计量不准,经过检查发现注射泵对使用的注射器规格不匹配判断可能是未使用该款注射器对注射泵进行校准导致注射泵内部没有记录该款注射器的相关参数引发精度不准
125371705202100178,其他,[CLS]无[SEP]注射器拉杆有裂纹[SEP]2021年七月13日接到科室报修电话称有一台注射泵电源线接头处插线轴折断一个在更换电源线插头时发现注射器拉杆上有裂纹去科室检查同型号的注射泵发现几乎都有裂纹[SEP],无,注射器拉杆有裂纹,2021年七月13日接到科室报修电话称有一台注射泵电源线接头处插线轴折断一个在更换电源线插头时发现注射器拉杆上有裂纹去科室检查同型号的注射泵发现几乎都有裂纹,产品原因（包括说明书等）,null,无,[CLS]无[SEP]注射器拉杆有裂纹[SEP]2021年七月13日接到科室报修电话称有一台注射泵电源线接头处插线轴折断一个在更换电源线插头时发现注射器拉杆上有裂纹去科室检查同型号的注射泵发现几乎都有裂纹[SEP],注射器拉杆有裂纹,2021年七月13日接到科室报修电话称有一台注射泵电源线接头处插线轴折断一个在更换电源线插头时发现注射器拉杆上有裂纹去科室检查同型号的注射泵发现几乎都有裂纹,该设备已在医院使用8年属于超预期使用状态使用期限见附件说明书内容长期产品老化导致交流插座插头折断以及空心轴开裂
116211206202100038,其他,[CLS]null[SEP]注射泵速度调至2mlh10秒后速度自动调至1mlh[SEP]患者Ⅰ型糖尿病酮症酸中毒遵医嘱给予09NS30ml普通胰岛素30υ静脉注射降糖注射泵调至2mlh启动后10秒机器报警屏幕显示速度变为1mlh重启后仍出现上诉情况更换注射泵后正常[SEP],null,注射泵速度调至2mlh10秒后速度自动调至1mlh,患者Ⅰ型糖尿病酮症酸中毒遵医嘱给予09NS30ml普通胰岛素30υ静脉注射降糖注射泵调至2mlh启动后10秒机器报警屏幕显示速度变为1mlh重启后仍出现上诉情况更换注射泵后正常,产品原因（包括说明书等）,机械故障,null,[CLS]null[SEP]注射泵速度调至2mlh10秒后速度自动调至1mlh[SEP]患者Ⅰ型糖尿病酮症酸中毒遵医嘱给予09NS30ml普通胰岛素30υ静脉注射降糖注射泵调至2mlh启动后10秒机器报警屏幕显示速度变为1mlh重启后仍出现上诉情况更换注射泵后正常[SEP],注射泵速度调至2mlh10秒后速度自动调至1mlh,患者Ⅰ型糖尿病酮症酸中毒遵医嘱给予09NS30ml普通胰岛素30υ静脉注射降糖注射泵调至2mlh启动后10秒机器报警屏幕显示速度变为1mlh重启后仍出现上诉情况更换注射泵后正常,由于设备已经处于超预期使用状态电池蓄电能力降低所以未连接交流电时出现电池耗尽报警同时停止工作设置参数不保存
125371104202100190,其他,[CLS]不良事件发生但未累及患者[SEP]D050811_不能获得读值[SEP]2021年6月28日病人蔡增芬因右下肢静脉血栓入院2021年7月9日遵医嘱为病号应用注射泵注射药物药物注射完毕后设备无注射完成报警提示发现后及时为患者撤下并送维修组维修未对患者造成不良影响[SEP],不良事件发生但未累及患者,D050811_不能获得读值,2021年6月28日病人蔡增芬因右下肢静脉血栓入院2021年7月9日遵医嘱为病号应用注射泵注射药物药物注射完毕后设备无注射完成报警提示发现后及时为患者撤下并送维修组维修未对患者造成不良影响,产品原因（包括说明书等）,可能为注射泵报警器坏或是注射完毕限位开关失灵,不良事件发生但未累及患者,[CLS]不良事件发生但未累及患者[SEP]D050811_不能获得读值[SEP]2021年6月28日病人蔡增芬因右下肢静脉血栓入院2021年7月9日遵医嘱为病号应用注射泵注射药物药物注射完毕后设备无注射完成报警提示发现后及时为患者撤下并送维修组维修未对患者造成不良影响[SEP],D050811_不能获得读值,2021年6月28日病人蔡增芬因右下肢静脉血栓入院2021年7月9日遵医嘱为病号应用注射泵注射药物药物注射完毕后设备无注射完成报警提示发现后及时为患者撤下并送维修组维修未对患者造成不良影响,1拆机检查发现喇叭本身不发声判断是喇叭不良2可能是喇叭质量差异导致调查同批次产品没有出现类似故障属于偶发现象
133510921202100050,其他,[CLS]延误病人治疗影响病情观察[SEP]运行暂停[SEP]2021年6月28日为患者更换注射泵药液时注射泵无法运行无法运行至最后一步运行至倒数第二步骤时停止后立即更换注射泵继续完成对患者的治疗[SEP],延误病人治疗影响病情观察,运行暂停,2021年6月28日为患者更换注射泵药液时注射泵无法运行无法运行至最后一步运行至倒数第二步骤时停止后立即更换注射泵继续完成对患者的治疗,产品原因（包括说明书等）,null,延误病人治疗影响病情观察,[CLS]延误病人治疗影响病情观察[SEP]运行暂停[SEP]2021年6月28日为患者更换注射泵药液时注射泵无法运行无法运行至最后一步运行至倒数第二步骤时停止后立即更换注射泵继续完成对患者的治疗[SEP],运行暂停,2021年6月28日为患者更换注射泵药液时注射泵无法运行无法运行至最后一步运行至倒数第二步骤时停止后立即更换注射泵继续完成对患者的治疗,1由于此台设备已在医院使用7年处于超预期使用状态2设备对于注射器的识别功能与校准参数和系统内部参数都有关当校准参数与系统参数出现较大偏差时会出现注射器识别错误
125371801202100206,其他,[CLS]null[SEP]注射泵报错误[SEP]科室上传报修计划安装注射器选择后报警注射器错误无法使用给以检修发现为注射器安装问题发现后重新安装注射器注射泵症状消失[SEP],null,注射泵报错误,科室上传报修计划安装注射器选择后报警注射器错误无法使用给以检修发现为注射器安装问题发现后重新安装注射器注射泵症状消失,操作原因,注射器安装问题,null,[CLS]null[SEP]注射泵报错误[SEP]科室上传报修计划安装注射器选择后报警注射器错误无法使用给以检修发现为注射器安装问题发现后重新安装注射器注射泵症状消失[SEP],注射泵报错误,科室上传报修计划安装注射器选择后报警注射器错误无法使用给以检修发现为注射器安装问题发现后重新安装注射器注射泵症状消失,由于操作不当导致注射器未安装到位造成不能识别注射器规格设备无法启动运行
125371104202100187,其他,[CLS]不良事件发生但未累及患者[SEP]D1204_机械卡塞[SEP]患者于虎国因脑出血入院2021年7月10号进行术后输液治疗在使用威高注射泵时发生阻塞报警立即为患者更换注射泵并报修维修人员因发现及时未对患者造成不良影响[SEP],不良事件发生但未累及患者,D1204_机械卡塞,患者于虎国因脑出血入院2021年7月10号进行术后输液治疗在使用威高注射泵时发生阻塞报警立即为患者更换注射泵并报修维修人员因发现及时未对患者造成不良影响,产品原因（包括说明书等）,经维修人员现场维修发现注射泵拉杆损坏,不良事件发生但未累及患者,[CLS]不良事件发生但未累及患者[SEP]D1204_机械卡塞[SEP]患者于虎国因脑出血入院2021年7月10号进行术后输液治疗在使用威高注射泵时发生阻塞报警立即为患者更换注射泵并报修维修人员因发现及时未对患者造成不良影响[SEP],D1204_机械卡塞,患者于虎国因脑出血入院2021年7月10号进行术后输液治疗在使用威高注射泵时发生阻塞报警立即为患者更换注射泵并报修维修人员因发现及时未对患者造成不良影响,由于设备已使用9年属于超预期使用状态可能是长期频繁使用导致捏柄老化
125370701202100092,其他,[CLS]无[SEP]微量注射泵开机报警提示信息系统故障4[SEP]患者于2021年07月01日因不思饮食1月发现血压低半小时到我院急诊科就诊07月04日1120遵医嘱给予去甲肾组微量泵入在治疗室准备时发现微量注射泵开机后报警屏幕提示信息系统故障4立即给予更换微量注射泵继续完成治疗未对患者造成影响器械科工程师将机器内部排线重新插拔之后恢复正常目前机器可正常使用[SEP],无,微量注射泵开机报警提示信息系统故障4,患者于2021年07月01日因不思饮食1月发现血压低半小时到我院急诊科就诊07月04日1120遵医嘱给予去甲肾组微量泵入在治疗室准备时发现微量注射泵开机后报警屏幕提示信息系统故障4立即给予更换微量注射泵继续完成治疗未对患者造成影响器械科工程师将机器内部排线重新插拔之后恢复正常目前机器可正常使用,产品原因（包括说明书等）,器械科工程师将机器内部排线重新插拔之后恢复正常目前机器可正常使用怀疑排线过短接触不良导致,无,[CLS]无[SEP]微量注射泵开机报警提示信息系统故障4[SEP]患者于2021年07月01日因不思饮食1月发现血压低半小时到我院急诊科就诊07月04日1120遵医嘱给予去甲肾组微量泵入在治疗室准备时发现微量注射泵开机后报警屏幕提示信息系统故障4立即给予更换微量注射泵继续完成治疗未对患者造成影响器械科工程师将机器内部排线重新插拔之后恢复正常目前机器可正常使用[SEP],微量注射泵开机报警提示信息系统故障4,患者于2021年07月01日因不思饮食1月发现血压低半小时到我院急诊科就诊07月04日1120遵医嘱给予去甲肾组微量泵入在治疗室准备时发现微量注射泵开机后报警屏幕提示信息系统故障4立即给予更换微量注射泵继续完成治疗未对患者造成影响器械科工程师将机器内部排线重新插拔之后恢复正常目前机器可正常使用,1拆机检查发现主从道间通信线插头从插座上脱落2可能是设备受到外力磕碰导致插头脱落
137610400202100052,其他,[CLS]无[SEP]不开机[SEP]护士在交接班时发现该设备不能开机随即联系设备科工程师进行维修[SEP],无,不开机,护士在交接班时发现该设备不能开机随即联系设备科工程师进行维修,产品原因（包括说明书等）,设备故障,无,[CLS]无[SEP]不开机[SEP]护士在交接班时发现该设备不能开机随即联系设备科工程师进行维修[SEP],不开机,护士在交接班时发现该设备不能开机随即联系设备科工程师进行维修,由于设备已在医院使用7年属于超预期寿命使用状态在长期使用未进行清洁有异物导致按键失灵
120740324202100077,其他,[CLS]开不了机无法正常使用[SEP]开不了机无法正常使用[SEP]准备使用时发现注射泵无法开机[SEP],开不了机无法正常使用,开不了机无法正常使用,准备使用时发现注射泵无法开机,无法确定,电源板故障,开不了机无法正常使用,[CLS]开不了机无法正常使用[SEP]开不了机无法正常使用[SEP]准备使用时发现注射泵无法开机[SEP],开不了机无法正常使用,准备使用时发现注射泵无法开机,由于仪器已使用7年处于超预期使用状态设备老化导致电源板电源模块焊接引脚松动使电源接触不良无法开机
128431800202100075,其他,[CLS]无[SEP]null[SEP]不能识别注射器[SEP],无,null,不能识别注射器,产品原因（包括说明书等）,null,无,[CLS]无[SEP]null[SEP]不能识别注射器[SEP],null,不能识别注射器,1经过疲劳测试我们发现使用ABSPC内嵌金属预埋件材质制作的捏柄在经过数万次捏合后可能会出现开裂现象2将注塑材料改用尼龙玻纤再按相同工艺制作捏柄做对比实验没有出现开裂现象分析是ABSPC内嵌金属预埋件材质强度不够造成捏柄开裂
121330607202100031,其他,[CLS]M1916_漏液[SEP]D040301_自动注入失效D040504_输送不准D1201_设备或部件脱离[SEP]护士给患者进行正常的静脉注射使用半小时半小时后护士巡视病房时发现微泵没有进行正常的静脉注射也未出现报警情况[SEP],M1916_漏液,D040301_自动注入失效D040504_输送不准D1201_设备或部件脱离,护士给患者进行正常的静脉注射使用半小时半小时后护士巡视病房时发现微泵没有进行正常的静脉注射也未出现报警情况,产品原因（包括说明书等）,微泵夹注射器尾部处破裂是弹簧复位传感器接受信号后停止输注,M1916_漏液,[CLS]M1916_漏液[SEP]D040301_自动注入失效D040504_输送不准D1201_设备或部件脱离[SEP]护士给患者进行正常的静脉注射使用半小时半小时后护士巡视病房时发现微泵没有进行正常的静脉注射也未出现报警情况[SEP],D040301_自动注入失效D040504_输送不准D1201_设备或部件脱离,护士给患者进行正常的静脉注射使用半小时半小时后护士巡视病房时发现微泵没有进行正常的静脉注射也未出现报警情况,经过分析和实验我们发现使用ABS硬塑料内嵌金属预埋件材质制作的捏柄在经过数万次捏合后可能会出现开裂现象在ABS中增加适量玻纤再按相同工艺制作捏柄做对比实验没有出现开裂现象推测ABS硬塑料内嵌金属预埋件材质强度不够造成捏柄开裂
116210700202100097,严重伤害,[CLS]无[SEP]药液无法推送到底[SEP]对病人注射药液[SEP],无,药液无法推送到底,对病人注射药液,产品原因（包括说明书等）,注射泵注射器夹头松动,无,[CLS]无[SEP]药液无法推送到底[SEP]对病人注射药液[SEP],药液无法推送到底,对病人注射药液,院方报告为严重伤害我公司认为应为其他由于设备已使用9年属于超预期使用状态且该科室厂家机器过多新来实习护士不能全部掌握所有机器正确使用方法和对机器提示内容的正确处置
116210200202100064,其他,[CLS]影响治疗浪费药物[SEP]D080102_报警故障[SEP]设备使用过程中发生机器报警报警显示为传感器报警立即停用更换其他设备[SEP],影响治疗浪费药物,D080102_报警故障,设备使用过程中发生机器报警报警显示为传感器报警立即停用更换其他设备,产品原因（包括说明书等）,经检查是传感器脏及时清理,影响治疗浪费药物,[CLS]影响治疗浪费药物[SEP]D080102_报警故障[SEP]设备使用过程中发生机器报警报警显示为传感器报警立即停用更换其他设备[SEP],D080102_报警故障,设备使用过程中发生机器报警报警显示为传感器报警立即停用更换其他设备,由于设备已在医院使用8年属于超预期使用状态长期使用传感器有污物进入未及时清理导致设备触发报警
140652801202100062,其他,[CLS]M210202_给药不足[SEP]D0101_故障提示[SEP]使用时注射器夹断裂[SEP],M210202_给药不足,D0101_故障提示,使用时注射器夹断裂,产品原因（包括说明书等）,null,M210202_给药不足,[CLS]M210202_给药不足[SEP]D0101_故障提示[SEP]使用时注射器夹断裂[SEP],D0101_故障提示,使用时注射器夹断裂,初步分析此故障与产品结构无关可能是使用过程中频繁受力导致该部件断裂
128431800202100146,其他,[CLS]无[SEP]null[SEP]显示屏花屏[SEP],无,null,显示屏花屏,产品原因（包括说明书等）,null,无,[CLS]无[SEP]null[SEP]显示屏花屏[SEP],null,显示屏花屏,因为屏幕采用焊接方式与主控板连接分析可能是个别焊点存在虚焊情况长期使用后导致虚焊处信号传递不通从而引发白屏现象
140652801202100053,其他,[CLS]注射器夹断裂无法固定注射器影响病人治疗[SEP]注射器夹断裂无法固定注射器[SEP]注射器夹断裂无法固定注射器[SEP],注射器夹断裂无法固定注射器影响病人治疗,注射器夹断裂无法固定注射器,注射器夹断裂无法固定注射器,产品原因（包括说明书等）,注射器夹断裂无法固定注射器,注射器夹断裂无法固定注射器影响病人治疗,[CLS]注射器夹断裂无法固定注射器影响病人治疗[SEP]注射器夹断裂无法固定注射器[SEP]注射器夹断裂无法固定注射器[SEP],注射器夹断裂无法固定注射器,注射器夹断裂无法固定注射器,1针对捏柄开裂的问题技术人员使用出现开裂现象的同类捏柄其材质为ABS硬塑料内嵌金属预埋件进行疲劳实验在经过数万次捏合后部分会出现开裂现象2将捏柄的注塑材质改为尼龙玻纤再按相同工艺制作捏柄做对比实验没有出现开裂现象3结论ABS硬塑料内嵌金属预埋件材质注塑的捏柄强度不够造成捏柄开裂
115151010202100058,其他,[CLS]null[SEP]一通道注射器推杆夹断裂[SEP]日常调配使用前安装注射器注射泵一通道注射器推杆夹断裂取回设备进行维修[SEP],null,一通道注射器推杆夹断裂,日常调配使用前安装注射器注射泵一通道注射器推杆夹断裂取回设备进行维修,产品原因（包括说明书等）,工程师取回设备后发现一通道注射器推杆夹断裂现只能单独使用第二通道进行注射作业由于该配件塑料材质较薄在跌落情况下比较容易折断建议加固或做好相关防护设计已联系厂家购买相关配件,null,[CLS]null[SEP]一通道注射器推杆夹断裂[SEP]日常调配使用前安装注射器注射泵一通道注射器推杆夹断裂取回设备进行维修[SEP],一通道注射器推杆夹断裂,日常调配使用前安装注射器注射泵一通道注射器推杆夹断裂取回设备进行维修,1由于设备已使用8年属于超预期使用状态2通过实验使用ABS硬塑料内嵌金属预埋件材质制作的捏柄在经过数万次疲劳寿命测试可能会出现开裂现象在ABS中增加适量玻纤再按相同工艺制作捏柄做对比实验没有出现开裂现象推测应该是原先使用的ABS硬塑料内嵌金属预埋件材质强度不够造成捏柄开裂
125371806202100193,其他,[CLS]null[SEP]使用过程中报系统故障双道都报[SEP]使用过程中注射泵两个通道都报系统故障关机重启后使用几分钟后报系统故障[SEP],null,使用过程中报系统故障双道都报,使用过程中注射泵两个通道都报系统故障关机重启后使用几分钟后报系统故障,产品原因（包括说明书等）,null,null,[CLS]null[SEP]使用过程中报系统故障双道都报[SEP]使用过程中注射泵两个通道都报系统故障关机重启后使用几分钟后报系统故障[SEP],使用过程中报系统故障双道都报,使用过程中注射泵两个通道都报系统故障关机重启后使用几分钟后报系统故障,初步分析可能是主从道间通信线插头松动导致此报警
129441200202100679,其他,[CLS]null[SEP]针筒固定夹断裂[SEP]2021年4月6日护士对患者使用注射泵治疗时发现注射泵针筒固定夹断裂立即更换注射泵未对患者造成不良影响对故障的注射泵予报修处理[SEP],null,针筒固定夹断裂,2021年4月6日护士对患者使用注射泵治疗时发现注射泵针筒固定夹断裂立即更换注射泵未对患者造成不良影响对故障的注射泵予报修处理,无法确定,针筒固定夹断裂,null,[CLS]null[SEP]针筒固定夹断裂[SEP]2021年4月6日护士对患者使用注射泵治疗时发现注射泵针筒固定夹断裂立即更换注射泵未对患者造成不良影响对故障的注射泵予报修处理[SEP],针筒固定夹断裂,2021年4月6日护士对患者使用注射泵治疗时发现注射泵针筒固定夹断裂立即更换注射泵未对患者造成不良影响对故障的注射泵予报修处理,1通过实验使用ABS硬塑料内嵌金属预埋件材质制作的捏柄在经过数万次疲劳寿命测试可能会出现开裂现象在ABS中增加适量玻纤再按相同工艺制作捏柄做对比实验没有出现开裂现象2考虑设备已在医院使用3年多推测应该是原先使用的ABS硬塑料内嵌金属预埋件材质强度不够造成捏柄开裂
138620409202100035,其他,[CLS]无[SEP]夹锁破裂[SEP]使用时发现泵夹断裂[SEP],无,夹锁破裂,使用时发现泵夹断裂,产品原因（包括说明书等）,泵夹为塑料材质长期受力导致其断裂,无,[CLS]无[SEP]夹锁破裂[SEP]使用时发现泵夹断裂[SEP],夹锁破裂,使用时发现泵夹断裂,1通过实验使用ABS硬塑料内嵌金属预埋件材质制作的捏柄在经过数万次疲劳寿命测试可能会出现开裂现象在ABS中增加适量玻纤再按相同工艺制作捏柄做对比实验没有出现开裂现象2考虑设备已在医院使用3年多推测应该是原先使用的ABS硬塑料内嵌金属预埋件材质强度不够造成捏柄开裂
116210700202100118,其他,[CLS]无[SEP]无法完成注射[SEP]对患者注射药液[SEP],无,无法完成注射,对患者注射药液,产品原因（包括说明书等）,注射器滑道阻塞,无,[CLS]无[SEP]无法完成注射[SEP]对患者注射药液[SEP],无法完成注射,对患者注射药液,根据器械故障表现推测有可能是因为注射泵由于长期使用后维护保养不足导致内部压力检测参数出现偏差所以发生了误报警
120740324202100134,其他,[CLS]null[SEP]D0102_意外停机[SEP]该注射泵无法开机[SEP],null,D0102_意外停机,该注射泵无法开机,无法确定,null,null,[CLS]null[SEP]D0102_意外停机[SEP]该注射泵无法开机[SEP],D0102_意外停机,该注射泵无法开机,1经过拆机检查发现电源板焊盘脱焊2产品处于超预期使用设备老化导致电源板电源模块焊接引脚松动使电源接触不良无法开机
113131113202100052,其他,[CLS]null[SEP]更换药物后无法正常泵入给药机器报警[SEP]为患者更换药物后设备无法正常泵入药液设备频繁报警检查操作流程无任何失误[SEP],null,更换药物后无法正常泵入给药机器报警,为患者更换药物后设备无法正常泵入药液设备频繁报警检查操作流程无任何失误,产品原因（包括说明书等）,null,null,[CLS]null[SEP]更换药物后无法正常泵入给药机器报警[SEP]为患者更换药物后设备无法正常泵入药液设备频繁报警检查操作流程无任何失误[SEP],更换药物后无法正常泵入给药机器报警,为患者更换药物后设备无法正常泵入药液设备频繁报警检查操作流程无任何失误,由于设备已在医院使用8年属于超预期使用状态因缺乏必要的维护保养设备本身校准的注射器参数发生偏移导致流速过快
129441929202100052,其他,[CLS]null[SEP]推头夹断了[SEP]2021年6月9日我院儿科医护人员发现该注射泵的夹子断了送到设备科进行维修已更换推头夹故障消除设备恢复正常[SEP],null,推头夹断了,2021年6月9日我院儿科医护人员发现该注射泵的夹子断了送到设备科进行维修已更换推头夹故障消除设备恢复正常,无法确定,注射泵推头的夹子断了,null,[CLS]null[SEP]推头夹断了[SEP]2021年6月9日我院儿科医护人员发现该注射泵的夹子断了送到设备科进行维修已更换推头夹故障消除设备恢复正常[SEP],推头夹断了,2021年6月9日我院儿科医护人员发现该注射泵的夹子断了送到设备科进行维修已更换推头夹故障消除设备恢复正常,由于设备已在医院使用超过5年属于超预期使用状态长期频繁使用捏柄导致该部件磨损断裂
125371707202100350,其他,[CLS]无[SEP]注射泵尾夹断裂[SEP]2021年5月24日NICU报修注射泵尾夹断裂影响科室使用更换尾夹后正常使用[SEP],无,注射泵尾夹断裂,2021年5月24日NICU报修注射泵尾夹断裂影响科室使用更换尾夹后正常使用,产品原因（包括说明书等）,注射泵尾夹断裂,无,[CLS]无[SEP]注射泵尾夹断裂[SEP]2021年5月24日NICU报修注射泵尾夹断裂影响科室使用更换尾夹后正常使用[SEP],注射泵尾夹断裂,2021年5月24日NICU报修注射泵尾夹断裂影响科室使用更换尾夹后正常使用,1通过实验使用ABS硬塑料内嵌金属预埋件材质制作的捏柄在经过数万次疲劳寿命测试可能会出现开裂现象在ABS中增加适量玻纤再按相同工艺制作捏柄做对比实验没有出现开裂现象2考虑设备已在医院使用3年多推测应该是原先使用的ABS硬塑料内嵌金属预埋件材质强度不够造成捏柄开裂
137610809202100053,其他,[CLS]无[SEP]注射泵夹损坏[SEP]2021年5月19日医务人员准备给患者使用注射泵注射药物时发现注射泵夹损坏及时更换[SEP],无,注射泵夹损坏,2021年5月19日医务人员准备给患者使用注射泵注射药物时发现注射泵夹损坏及时更换,产品原因（包括说明书等）,多考虑产品质量问题,无,[CLS]无[SEP]注射泵夹损坏[SEP]2021年5月19日医务人员准备给患者使用注射泵注射药物时发现注射泵夹损坏及时更换[SEP],注射泵夹损坏,2021年5月19日医务人员准备给患者使用注射泵注射药物时发现注射泵夹损坏及时更换,经拆机发现捏柄处进药业干粉导致捏柄张开不顺畅影响注射器的安装使注射泵不能正常使用
116211000202100238,其他,[CLS]M210202_给药不足[SEP]D040301_自动注入失效[SEP]患者因呼吸困难于2021年5月21日入住我院内五科病房因血压较低使用注射泵泵注多巴胺护士发现注射泵泵入液体不畅及时更换顺利输入[SEP],M210202_给药不足,D040301_自动注入失效,患者因呼吸困难于2021年5月21日入住我院内五科病房因血压较低使用注射泵泵注多巴胺护士发现注射泵泵入液体不畅及时更换顺利输入,产品原因（包括说明书等）,注射泵送于相关部门后发现传感器故障致使液体不能顺利泵入体内影响治疗效果,M210202_给药不足,[CLS]M210202_给药不足[SEP]D040301_自动注入失效[SEP]患者因呼吸困难于2021年5月21日入住我院内五科病房因血压较低使用注射泵泵注多巴胺护士发现注射泵泵入液体不畅及时更换顺利输入[SEP],D040301_自动注入失效,患者因呼吸困难于2021年5月21日入住我院内五科病房因血压较低使用注射泵泵注多巴胺护士发现注射泵泵入液体不畅及时更换顺利输入,1拆机检查发现运行传感器插头松动导致运行信号传递异常引发报警2由于该设备已在医院使用8年属于超预期寿命使用状态长期使用导致内部插头松动
128431800202100074,其他,[CLS]无[SEP]null[SEP]卡子坏[SEP],无,null,卡子坏,产品原因（包括说明书等）,null,无,[CLS]无[SEP]null[SEP]卡子坏[SEP],null,卡子坏,由于设备已超预期寿命使用频繁使用导致螺孔内的螺纹磨损不能与螺杆起到咬合的效果附说明书中关于使用期限的描述
116210607202100009,其他,[CLS]设备无法正常给患者使用[SEP]设备进药卡顿无法正常使用[SEP]给患者使用时发现设备进药卡顿[SEP],设备无法正常给患者使用,设备进药卡顿无法正常使用,给患者使用时发现设备进药卡顿,产品原因（包括说明书等）,初步分析零件故障,设备无法正常给患者使用,[CLS]设备无法正常给患者使用[SEP]设备进药卡顿无法正常使用[SEP]给患者使用时发现设备进药卡顿[SEP],设备进药卡顿无法正常使用,给患者使用时发现设备进药卡顿,由于产品已在医院使用7年处于超预期使用状态有可能是长期使用导致长电位器插头松动2长电位器是一种行程传感器与注射泵实际能否向前运行推注药物有关其插头松动会导致接触不良设备无法推注药物
138620409202100096,严重伤害,[CLS]M210202_给药不足[SEP]流速不准[SEP]操作人员设置参数后规定时间内液体未注射完毕[SEP],M210202_给药不足,流速不准,操作人员设置参数后规定时间内液体未注射完毕,产品原因（包括说明书等）,可能为产品本身机械零件问题或软件bug,M210202_给药不足,[CLS]M210202_给药不足[SEP]流速不准[SEP]操作人员设置参数后规定时间内液体未注射完毕[SEP],流速不准,操作人员设置参数后规定时间内液体未注射完毕,我公司认为该不良事件不属于严重伤害应为其他医院使用时注射泵选择注射器品牌为洁瑞而实际未使用洁瑞注射器输液造成输液流速误差较大导致注射不准
120740324202100076,其他,[CLS]推拉杆损坏[SEP]推拉杆损坏无法使用[SEP]安装注射器时推拉杆损坏无法完成注射[SEP],推拉杆损坏,推拉杆损坏无法使用,安装注射器时推拉杆损坏无法完成注射,无法确定,操作不当,推拉杆损坏,[CLS]推拉杆损坏[SEP]推拉杆损坏无法使用[SEP]安装注射器时推拉杆损坏无法完成注射[SEP],推拉杆损坏无法使用,安装注射器时推拉杆损坏无法完成注射,由于设备已使用8年属于超预期使用状态可能是长期频繁使用导致捏柄老化
129440531202100026,其他,[CLS]未对患者造成伤害[SEP]D150101_断裂[SEP]2021年3月25号检查注射泵时注射器卡口突然断裂导致无法使用无使用到患者身上无造成不良影响注此设备没注明使用年限[SEP],未对患者造成伤害,D150101_断裂,2021年3月25号检查注射泵时注射器卡口突然断裂导致无法使用无使用到患者身上无造成不良影响注此设备没注明使用年限,产品原因（包括说明书等）,初步判断材质问题,未对患者造成伤害,[CLS]未对患者造成伤害[SEP]D150101_断裂[SEP]2021年3月25号检查注射泵时注射器卡口突然断裂导致无法使用无使用到患者身上无造成不良影响注此设备没注明使用年限[SEP],D150101_断裂,2021年3月25号检查注射泵时注射器卡口突然断裂导致无法使用无使用到患者身上无造成不良影响注此设备没注明使用年限,由于设备已使用9年属于超预期使用状态可能是长期频繁使用导致捏柄老化
125371806202100045,其他,[CLS]null[SEP]一通道报系统故障[SEP]准备使用该设备时通电开机一通道报系统故障该通道无法使用[SEP],null,一通道报系统故障,准备使用该设备时通电开机一通道报系统故障该通道无法使用,产品原因（包括说明书等）,null,null,[CLS]null[SEP]一通道报系统故障[SEP]准备使用该设备时通电开机一通道报系统故障该通道无法使用[SEP],一通道报系统故障,准备使用该设备时通电开机一通道报系统故障该通道无法使用,1阻塞报警是一种预防性报警在注射过程中注射泵会持续监测注射管路中的压力当压力过高时会触发阻塞报警以便提醒操作人员进行干预以保障患者的安全2经过检测注射泵泵体压力值异常导致报警
115152707202100004,其他,[CLS]null[SEP]系统故障4无法调节计量[SEP]患者入院后遵医嘱使用微量注射泵泵入硝酸甘油调配安装完毕后微量泵无法调节计量无法正常工作立即更换注射泵[SEP],null,系统故障4无法调节计量,患者入院后遵医嘱使用微量注射泵泵入硝酸甘油调配安装完毕后微量泵无法调节计量无法正常工作立即更换注射泵,产品原因（包括说明书等）,注射泵故障,null,[CLS]null[SEP]系统故障4无法调节计量[SEP]患者入院后遵医嘱使用微量注射泵泵入硝酸甘油调配安装完毕后微量泵无法调节计量无法正常工作立即更换注射泵[SEP],系统故障4无法调节计量,患者入院后遵医嘱使用微量注射泵泵入硝酸甘油调配安装完毕后微量泵无法调节计量无法正常工作立即更换注射泵,1拆机检查发现主从道间通信线插头从插座上脱落2怀疑是设备受到外力磕碰导致插头脱落
125371806202100037,其他,[CLS]null[SEP]二通道注射器压杆固定部位断裂[SEP]准备给患者使用注射泵安放注射器时发现注射器压杆固定部位断裂[SEP],null,二通道注射器压杆固定部位断裂,准备给患者使用注射泵安放注射器时发现注射器压杆固定部位断裂,产品原因（包括说明书等）,null,null,[CLS]null[SEP]二通道注射器压杆固定部位断裂[SEP]准备给患者使用注射泵安放注射器时发现注射器压杆固定部位断裂[SEP],二通道注射器压杆固定部位断裂,准备给患者使用注射泵安放注射器时发现注射器压杆固定部位断裂,经检查发现此台注射泵压柄导向柱限位个数为1个为变更前的产品此处压柄部位由硬塑料注塑而成长期使用可能出现疲劳损坏
140652801202100031,其他,[CLS]科室在使用时设备报离合未闭[SEP]科室在使用时设备报离合未闭[SEP]科室在使用时设备报离合未闭[SEP],科室在使用时设备报离合未闭,科室在使用时设备报离合未闭,科室在使用时设备报离合未闭,产品原因（包括说明书等）,科室在使用时设备报离合未闭,科室在使用时设备报离合未闭,[CLS]科室在使用时设备报离合未闭[SEP]科室在使用时设备报离合未闭[SEP]科室在使用时设备报离合未闭[SEP],科室在使用时设备报离合未闭,科室在使用时设备报离合未闭,经售后工程师拆机检查发现设备内部FPC线损坏FPC线的功能之一是负责传递离合检测信号损坏后造成检测信号中断发生报警报警后设备不能注射药物无法正常使用
140652801202100030,其他,[CLS]科室在使用时发现注射器夹断裂[SEP]科室在使用时发现注射器夹断裂[SEP]科室在使用时发现注射器夹断裂[SEP],科室在使用时发现注射器夹断裂,科室在使用时发现注射器夹断裂,科室在使用时发现注射器夹断裂,产品原因（包括说明书等）,科室在使用时发现注射器夹断裂,科室在使用时发现注射器夹断裂,[CLS]科室在使用时发现注射器夹断裂[SEP]科室在使用时发现注射器夹断裂[SEP]科室在使用时发现注射器夹断裂[SEP],科室在使用时发现注射器夹断裂,科室在使用时发现注射器夹断裂,经过分析和实验我们发现使用ABS硬塑料内嵌金属预埋件材质制作的捏柄在经过数万次捏合后可能会出现开裂现象在ABS中增加适量玻纤再按相同工艺制作捏柄做对比实验没有出现开裂现象分析可能是ABS硬塑料内嵌金属预埋件材质强度不够造成捏柄开裂
140654500202100010,其他,[CLS]导致无法进行准确的输液可能会影响病人的治疗效果[SEP]注射泵配合50ml注射器给病人输注药品的过程中发现药品还剩余15ml时机器显示注射完成[SEP]2021年1月15日科室综合内科二病区在使用WGS1011注射泵配合50ml注射器给病人输注药品的过程中发现药品还剩余15ml时机器显示注射完成导致无法对病人进行准确的输液该故障可能会影响病人的治疗效果接到科室报修后首先对注射泵进行了故障的初步判断观察到该设备只有在简易模式的情况下输出的药量是正常的经查阅资料发现是注射器识别板故障更换识别板和感应器后设备正常[SEP],导致无法进行准确的输液可能会影响病人的治疗效果,注射泵配合50ml注射器给病人输注药品的过程中发现药品还剩余15ml时机器显示注射完成,2021年1月15日科室综合内科二病区在使用WGS1011注射泵配合50ml注射器给病人输注药品的过程中发现药品还剩余15ml时机器显示注射完成导致无法对病人进行准确的输液该故障可能会影响病人的治疗效果接到科室报修后首先对注射泵进行了故障的初步判断观察到该设备只有在简易模式的情况下输出的药量是正常的经查阅资料发现是注射器识别板故障更换识别板和感应器后设备正常,产品原因（包括说明书等）,设备只有在简易模式的情况下输出的药量是正常的经查阅资料发现是注射器识别板故障,导致无法进行准确的输液可能会影响病人的治疗效果,[CLS]导致无法进行准确的输液可能会影响病人的治疗效果[SEP]注射泵配合50ml注射器给病人输注药品的过程中发现药品还剩余15ml时机器显示注射完成[SEP]2021年1月15日科室综合内科二病区在使用WGS1011注射泵配合50ml注射器给病人输注药品的过程中发现药品还剩余15ml时机器显示注射完成导致无法对病人进行准确的输液该故障可能会影响病人的治疗效果接到科室报修后首先对注射泵进行了故障的初步判断观察到该设备只有在简易模式的情况下输出的药量是正常的经查阅资料发现是注射器识别板故障更换识别板和感应器后设备正常[SEP],注射泵配合50ml注射器给病人输注药品的过程中发现药品还剩余15ml时机器显示注射完成,2021年1月15日科室综合内科二病区在使用WGS1011注射泵配合50ml注射器给病人输注药品的过程中发现药品还剩余15ml时机器显示注射完成导致无法对病人进行准确的输液该故障可能会影响病人的治疗效果接到科室报修后首先对注射泵进行了故障的初步判断观察到该设备只有在简易模式的情况下输出的药量是正常的经查阅资料发现是注射器识别板故障更换识别板和感应器后设备正常,由于设备已使用7年属于超预期使用状态因缺乏必要的维护保养注射器检测传感器识别数据偏移导致残余量大
125371100202100005,其他,[CLS]无法有效控制注射器的置入[SEP]放置注射器的控制手柄断裂[SEP]2021年2月7日病号孙晨星因肾积水入院治疗治疗过程中使用注射泵给病号推药护士使用时发现放置注射器的控制手柄断裂故更换一注射泵故障机送设备科检修[SEP],无法有效控制注射器的置入,放置注射器的控制手柄断裂,2021年2月7日病号孙晨星因肾积水入院治疗治疗过程中使用注射泵给病号推药护士使用时发现放置注射器的控制手柄断裂故更换一注射泵故障机送设备科检修,产品原因（包括说明书等）,手柄周围塑料部件因老化原因断裂,无法有效控制注射器的置入,[CLS]无法有效控制注射器的置入[SEP]放置注射器的控制手柄断裂[SEP]2021年2月7日病号孙晨星因肾积水入院治疗治疗过程中使用注射泵给病号推药护士使用时发现放置注射器的控制手柄断裂故更换一注射泵故障机送设备科检修[SEP],放置注射器的控制手柄断裂,2021年2月7日病号孙晨星因肾积水入院治疗治疗过程中使用注射泵给病号推药护士使用时发现放置注射器的控制手柄断裂故更换一注射泵故障机送设备科检修,1通过实验使用ABS硬塑料内嵌金属预埋件材质制作的捏柄在经过数万次疲劳寿命测试可能会出现开裂现象在ABS中增加适量玻纤再按相同工艺制作捏柄做对比实验没有出现开裂现象2考虑设备已在医院使用3年多推测应该是原先使用的ABS硬塑料内嵌金属预埋件材质强度不够造成捏柄开裂
138620409202100087,其他,[CLS]无[SEP]电池板报警[SEP]在正常的操作下使用中发生电池报警[SEP],无,电池板报警,在正常的操作下使用中发生电池报警,"产品原因（包括说明书等）,操作原因",电池模块损坏,无,[CLS]无[SEP]电池板报警[SEP]在正常的操作下使用中发生电池报警[SEP],电池板报警,在正常的操作下使用中发生电池报警,1该设备已在医院使用7年处于超预期使用状态由于电池本身属于消耗品所以目前电池电量属于枯竭状态使得开机报警电压低2电源板因长时间使用电路老化造成电路中断
125371410202100082,其他,[CLS]无[SEP]推拉盒损坏[SEP]2021年2月22日內十二病区送修注射泵一台据该科室反映当日该科室进行日常设备维护保养时发现该设备推拉盒损坏随即送修未对病人造成不良影响[SEP],无,推拉盒损坏,2021年2月22日內十二病区送修注射泵一台据该科室反映当日该科室进行日常设备维护保养时发现该设备推拉盒损坏随即送修未对病人造成不良影响,无法确定,null,无,[CLS]无[SEP]推拉盒损坏[SEP]2021年2月22日內十二病区送修注射泵一台据该科室反映当日该科室进行日常设备维护保养时发现该设备推拉盒损坏随即送修未对病人造成不良影响[SEP],推拉盒损坏,2021年2月22日內十二病区送修注射泵一台据该科室反映当日该科室进行日常设备维护保养时发现该设备推拉盒损坏随即送修未对病人造成不良影响,由于设备已在医院使用8年属于超预期寿命使用状态注射泵推拉盒处长期反复受到按压导致磨损开裂
127420400202100089,其他,[CLS]null[SEP]开机报低电压[SEP]开机报低电压无法工作[SEP],null,开机报低电压,开机报低电压无法工作,无法确定,接到报修后亲自开机观察无交流显示交流部分出故障机器一直用的是直流电源电池快耗尽所以显示电压低机器无法工作,null,[CLS]null[SEP]开机报低电压[SEP]开机报低电压无法工作[SEP],开机报低电压,开机报低电压无法工作,由于设备已在科室使用7年处于超预期使用状态电源板因长时间使用电路老化造成电路中断
125371703202100046,其他,[CLS]无[SEP]固定装置架损坏无法固定[SEP]内二科护士在给病人进行输液准备时把注射管放好用夹子固定时发现固定夹子损坏无法使用立即更换新的注射泵给病人进行注射联系设备科人员前来维修[SEP],无,固定装置架损坏无法固定,内二科护士在给病人进行输液准备时把注射管放好用夹子固定时发现固定夹子损坏无法使用立即更换新的注射泵给病人进行注射联系设备科人员前来维修,产品原因（包括说明书等）,产品质量问题,无,[CLS]无[SEP]固定装置架损坏无法固定[SEP]内二科护士在给病人进行输液准备时把注射管放好用夹子固定时发现固定夹子损坏无法使用立即更换新的注射泵给病人进行注射联系设备科人员前来维修[SEP],固定装置架损坏无法固定,内二科护士在给病人进行输液准备时把注射管放好用夹子固定时发现固定夹子损坏无法使用立即更换新的注射泵给病人进行注射联系设备科人员前来维修,由于设备在医院已使用7年属于超预期寿命使用状态前壳压柄结构因长期频繁使用老化开裂
138620409202100067,其他,[CLS]无[SEP]流量不准[SEP]使用时发现流量不准注射量有偏差[SEP],无,流量不准,使用时发现流量不准注射量有偏差,"操作原因,产品原因（包括说明书等）",由于操作时将液体流入设备内导致电路板有故障,无,[CLS]无[SEP]流量不准[SEP]使用时发现流量不准注射量有偏差[SEP],流量不准,使用时发现流量不准注射量有偏差,由于设备已在医院使用8年属于超预期使用状态因缺乏必要的维护保养设备本身校准的注射器参数发生偏移导致流速过快
125371806202100088,其他,[CLS]null[SEP]注射泵出现报警后报警指示灯亮但蜂鸣器不响[SEP]注射泵使用过程中出现报警报警指示灯亮但蜂鸣器不响[SEP],null,注射泵出现报警后报警指示灯亮但蜂鸣器不响,注射泵使用过程中出现报警报警指示灯亮但蜂鸣器不响,产品原因（包括说明书等）,null,null,[CLS]null[SEP]注射泵出现报警后报警指示灯亮但蜂鸣器不响[SEP]注射泵使用过程中出现报警报警指示灯亮但蜂鸣器不响[SEP],注射泵出现报警后报警指示灯亮但蜂鸣器不响,注射泵使用过程中出现报警报警指示灯亮但蜂鸣器不响,由于喇叭连接线焊点脱落导致信号无法传递所以喇叭不能正常发声喇叭连接线焊点脱落的原因可能是由于上次拆机时外力触碰到喇叭焊点导致焊点松动设备转运过程中受到磕碰使原本松动的焊点直接脱落
125371410202100012,其他,[CLS]无[SEP]不开机[SEP]2021年2月1日外科ICU送修注射泵一台据该科室反映当日该科室进行日常设备维护保养时发现该设备不开机随即送修未对病人造成不良影响[SEP],无,不开机,2021年2月1日外科ICU送修注射泵一台据该科室反映当日该科室进行日常设备维护保养时发现该设备不开机随即送修未对病人造成不良影响,无法确定,电源板板基虚焊造成的接触不良,无,[CLS]无[SEP]不开机[SEP]2021年2月1日外科ICU送修注射泵一台据该科室反映当日该科室进行日常设备维护保养时发现该设备不开机随即送修未对病人造成不良影响[SEP],不开机,2021年2月1日外科ICU送修注射泵一台据该科室反映当日该科室进行日常设备维护保养时发现该设备不开机随即送修未对病人造成不良影响,由于仪器已使用7年处于超预期使用状态设备老化导致电源板电源模块焊接引脚松动使电源接触不良无法开机
125371703202100029,其他,[CLS]无[SEP]无法固定注射器[SEP]2021年1月28日心内二科医护人员检查机器状态时发现一台注射泵固定夹断裂无法固定注射器立项向器械科报修[SEP],无,无法固定注射器,2021年1月28日心内二科医护人员检查机器状态时发现一台注射泵固定夹断裂无法固定注射器立项向器械科报修,"产品原因（包括说明书等）,操作原因",注射器固定夹断裂,无,[CLS]无[SEP]无法固定注射器[SEP]2021年1月28日心内二科医护人员检查机器状态时发现一台注射泵固定夹断裂无法固定注射器立项向器械科报修[SEP],无法固定注射器,2021年1月28日心内二科医护人员检查机器状态时发现一台注射泵固定夹断裂无法固定注射器立项向器械科报修,由于该设备已在医院使用8年处于超预期寿命使用状态前壳压柄结构因长期频繁使用老化开裂
125371806202100051,其他,[CLS]null[SEP]一通道报警系统故障4[SEP]设备开机后一通道报警系统故障4设备无法使用[SEP],null,一通道报警系统故障4,设备开机后一通道报警系统故障4设备无法使用,产品原因（包括说明书等）,null,null,[CLS]null[SEP]一通道报警系统故障4[SEP]设备开机后一通道报警系统故障4设备无法使用[SEP],一通道报警系统故障4,设备开机后一通道报警系统故障4设备无法使用,1拆机检查发现主从道间通信线插头从插座上脱落2可能是设备受到外力磕碰导致插头脱落
128431800202100013,其他,[CLS]无[SEP]null[SEP]卡子坏[SEP],无,null,卡子坏,产品原因（包括说明书等）,卡子坏,无,[CLS]无[SEP]null[SEP]卡子坏[SEP],null,卡子坏,经过实验使用ABS硬塑料内嵌金属预埋件材质制作的捏柄在经过数万次捏合后可能会出现开裂现象在ABS中增加适量玻纤再按相同工艺制作捏柄做对比实验没有出现开裂现象因此怀疑ABS硬塑料内嵌金属预埋件材质强度不够造成捏柄开裂
125371703202100033,其他,[CLS]无[SEP]无法固定注射器[SEP]2021年2月26日呼吸内一科医护人员检查机器状态时发现注射泵注射夹断裂无法固定注射器医护人员向器械科报修工程师将注射泵返厂更换配件[SEP],无,无法固定注射器,2021年2月26日呼吸内一科医护人员检查机器状态时发现注射泵注射夹断裂无法固定注射器医护人员向器械科报修工程师将注射泵返厂更换配件,产品原因（包括说明书等）,机器注射夹断裂导致无法固定注射器,无,[CLS]无[SEP]无法固定注射器[SEP]2021年2月26日呼吸内一科医护人员检查机器状态时发现注射泵注射夹断裂无法固定注射器医护人员向器械科报修工程师将注射泵返厂更换配件[SEP],无法固定注射器,2021年2月26日呼吸内一科医护人员检查机器状态时发现注射泵注射夹断裂无法固定注射器医护人员向器械科报修工程师将注射泵返厂更换配件,经过分析和实验我们发现使用ABS硬塑料内嵌金属预埋件材质制作的捏柄在经过数万次捏合后可能会出现开裂现象在ABS中增加适量玻纤再按相同工艺制作捏柄做对比实验没有出现开裂现象推测ABS硬塑料内嵌金属预埋件材质强度不够造成捏柄开裂
129441200202100160,其他,[CLS]null[SEP]固定夹断裂[SEP]202115在设备间拿出一台注射泵准备为患者使用发现输液固定夹断裂立即更换另一台注射泵未对输液造成不良影响故障设备送厂家维修[SEP],null,固定夹断裂,202115在设备间拿出一台注射泵准备为患者使用发现输液固定夹断裂立即更换另一台注射泵未对输液造成不良影响故障设备送厂家维修,无法确定,固定夹老化易损,null,[CLS]null[SEP]固定夹断裂[SEP]202115在设备间拿出一台注射泵准备为患者使用发现输液固定夹断裂立即更换另一台注射泵未对输液造成不良影响故障设备送厂家维修[SEP],固定夹断裂,202115在设备间拿出一台注射泵准备为患者使用发现输液固定夹断裂立即更换另一台注射泵未对输液造成不良影响故障设备送厂家维修,经过分析和实验我们发现使用ABS硬塑料内嵌金属预埋件材质制作的捏柄在经过数万次捏合后可能会出现开裂现象在ABS中增加适量玻纤再按相同工艺制作捏柄做对比实验没有出现开裂现象推测ABS硬塑料内嵌金属预埋件材质强度不够造成捏柄开裂
114140200202100024,其他,[CLS]未造成伤害[SEP]D010301_操作失效[SEP]20210201为患者使用注射泵输入液体时发现输液泵在设置泵速后不能正常泵入药液关机重新启动注射泵也不能正常工作立即为患者更换注射泵[SEP],未造成伤害,D010301_操作失效,20210201为患者使用注射泵输入液体时发现输液泵在设置泵速后不能正常泵入药液关机重新启动注射泵也不能正常工作立即为患者更换注射泵,无法确定,检查发现注射泵注射器卡子松动设备无法识别注射器,未造成伤害,[CLS]未造成伤害[SEP]D010301_操作失效[SEP]20210201为患者使用注射泵输入液体时发现输液泵在设置泵速后不能正常泵入药液关机重新启动注射泵也不能正常工作立即为患者更换注射泵[SEP],D010301_操作失效,20210201为患者使用注射泵输入液体时发现输液泵在设置泵速后不能正常泵入药液关机重新启动注射泵也不能正常工作立即为患者更换注射泵,由于设备已在医院使用7年属于超预期寿命使用状态前壳压柄结构因长期频繁使用老化断裂
125371706202100043,其他,[CLS]null[SEP]报错异常2[SEP]责任护士于2021年2月8日为患者做定量注射前准备开机检查注射泵过程中发现上通道显示异常2立即停用更换上报设备科维修未耽误患者治疗时间未造成不良影响[SEP],null,报错异常2,责任护士于2021年2月8日为患者做定量注射前准备开机检查注射泵过程中发现上通道显示异常2立即停用更换上报设备科维修未耽误患者治疗时间未造成不良影响,产品原因（包括说明书等）,设备故障,null,[CLS]null[SEP]报错异常2[SEP]责任护士于2021年2月8日为患者做定量注射前准备开机检查注射泵过程中发现上通道显示异常2立即停用更换上报设备科维修未耽误患者治疗时间未造成不良影响[SEP],报错异常2,责任护士于2021年2月8日为患者做定量注射前准备开机检查注射泵过程中发现上通道显示异常2立即停用更换上报设备科维修未耽误患者治疗时间未造成不良影响,1拆机检查发现运行传感器插头松动导致运行信号传递异常引发报警2由于该设备已在医院使用7年属于超预期寿命使用状态长期使用导致内部插头松动
140652801202100007,其他,[CLS]注射器夹断裂无法固定注射器影响病人治疗[SEP]注射器夹断裂无法固定注射器[SEP]注射器夹断裂无法固定注射器[SEP],注射器夹断裂无法固定注射器影响病人治疗,注射器夹断裂无法固定注射器,注射器夹断裂无法固定注射器,"产品原因（包括说明书等）,操作原因",注射器夹断裂无法固定注射器,注射器夹断裂无法固定注射器影响病人治疗,[CLS]注射器夹断裂无法固定注射器影响病人治疗[SEP]注射器夹断裂无法固定注射器[SEP]注射器夹断裂无法固定注射器[SEP],注射器夹断裂无法固定注射器,注射器夹断裂无法固定注射器,1通过实验使用ABS硬塑料内嵌金属预埋件材质制作的捏柄在经过数万次疲劳寿命测试可能会出现开裂现象在ABS中增加适量玻纤再按相同工艺制作捏柄做对比实验没有出现开裂现象2考虑设备已在医院使用2年多推测应该是原先使用的ABS硬塑料内嵌金属预埋件材质强度不够造成捏柄开裂
127420400202100047,其他,[CLS]null[SEP]开机报错[SEP]正常使用开机异常2[SEP],null,开机报错,正常使用开机异常2,产品原因（包括说明书等）,传感器松动,null,[CLS]null[SEP]开机报错[SEP]正常使用开机异常2[SEP],开机报错,正常使用开机异常2,1拆机检查发现运行传感器插头松动导致运行信号传递异常引发报警2由于该设备已在医院使用6年属于超预期使用状态使用期限见附件说明书内容长期使用导致内部插头松动
138620409202100076,严重伤害,[CLS]划伤病人皮肤[SEP]固定架损坏[SEP]在为病人使用注射本治疗时由于注射泵后边固定架松动导致突然坠落在坠落的同时带动输液管以及针头导致病人留置针针口位置撕裂划伤[SEP],划伤病人皮肤,固定架损坏,在为病人使用注射本治疗时由于注射泵后边固定架松动导致突然坠落在坠落的同时带动输液管以及针头导致病人留置针针口位置撕裂划伤,"产品原因（包括说明书等）,操作原因",产品设计并不符合现在的输液支架事情发生与输液泵并无直接关系是应为输液支架经常被输液泵固定夹固定导致输液支架变形所以固定不牢固导致的,划伤病人皮肤,[CLS]划伤病人皮肤[SEP]固定架损坏[SEP]在为病人使用注射本治疗时由于注射泵后边固定架松动导致突然坠落在坠落的同时带动输液管以及针头导致病人留置针针口位置撕裂划伤[SEP],固定架损坏,在为病人使用注射本治疗时由于注射泵后边固定架松动导致突然坠落在坠落的同时带动输液管以及针头导致病人留置针针口位置撕裂划伤,我公司认为该不良事件不属于严重伤害应为其他由于该设备已在医院使用8年属于超预期使用状态长期使用输液支架固定注射泵造成输液支架变形医护人员在固定注射泵紧固夹时没有注意该问题导致注射泵紧固夹未拧紧
138620409202100073,严重伤害,[CLS]病人输液量不够导致预期治疗没达到病人情况变严重[SEP]流量不准[SEP]急诊科3月19日晚医生为一名抢救病人开出微量泵筋脉注射治疗但由于流量不准导致注射量不够病人预期治疗没达到并且导致病人病情加重[SEP],病人输液量不够导致预期治疗没达到病人情况变严重,流量不准,急诊科3月19日晚医生为一名抢救病人开出微量泵筋脉注射治疗但由于流量不准导致注射量不够病人预期治疗没达到并且导致病人病情加重,"产品原因（包括说明书等）,操作原因",注射泵没有防水功能护士在使用时误将生理盐水撒至设备表面后液体进入器械内部结晶导致流量不准确,病人输液量不够导致预期治疗没达到病人情况变严重,[CLS]病人输液量不够导致预期治疗没达到病人情况变严重[SEP]流量不准[SEP]急诊科3月19日晚医生为一名抢救病人开出微量泵筋脉注射治疗但由于流量不准导致注射量不够病人预期治疗没达到并且导致病人病情加重[SEP],流量不准,急诊科3月19日晚医生为一名抢救病人开出微量泵筋脉注射治疗但由于流量不准导致注射量不够病人预期治疗没达到并且导致病人病情加重,我公司认为该不良事件不属于严重伤害应为其他该设备处于超预期寿命使用状态初步分析是因为使用的注射器未进行校准注射器参数与机器保存参数不一致导致药液推进量不准确
138620409202100008,其他,[CLS]无[SEP]夹锁破裂[SEP]在使用时泵夹断裂[SEP],无,夹锁破裂,在使用时泵夹断裂,产品原因（包括说明书等）,泵夹材质不良导致泵夹断裂,无,[CLS]无[SEP]夹锁破裂[SEP]在使用时泵夹断裂[SEP],夹锁破裂,在使用时泵夹断裂,1通过实验使用ABS硬塑料内嵌金属预埋件材质制作的捏柄在经过数万次疲劳寿命测试可能会出现开裂现象在ABS中增加适量玻纤再按相同工艺制作捏柄做对比实验没有出现开裂现象2考虑设备已在医院使用3年多推测应该是原先使用的ABS硬塑料内嵌金属预埋件材质强度不够造成捏柄开裂
129442560202011559,其他,[CLS]null[SEP]滴速不准[SEP]护士在注射过程中发现超时未注射完液体[SEP],null,滴速不准,护士在注射过程中发现超时未注射完液体,产品原因（包括说明书等）,null,null,[CLS]null[SEP]滴速不准[SEP]护士在注射过程中发现超时未注射完液体[SEP],滴速不准,护士在注射过程中发现超时未注射完液体,由于操作人员操作不当评估运行时间错误导致注射泵未按时完成注射
127420400202100040,其他,[CLS]null[SEP]固定一次性注射器的卡子断裂机器无法使用[SEP]固定一次性注射器的卡子断裂机器无法使用[SEP],null,固定一次性注射器的卡子断裂机器无法使用,固定一次性注射器的卡子断裂机器无法使用,"操作原因,无法确定",机器受撞击或者摔到地上导致固定卡损坏,null,[CLS]null[SEP]固定一次性注射器的卡子断裂机器无法使用[SEP]固定一次性注射器的卡子断裂机器无法使用[SEP],固定一次性注射器的卡子断裂机器无法使用,固定一次性注射器的卡子断裂机器无法使用,由于设备已在医院使用超过5年属于超预期使用状态长期频繁使用捏柄导致该部件磨损断裂
125371101202100010,严重伤害,[CLS]容易导致患者术中知晓[SEP]双道注射泵A通道报警异常2[SEP]2020年1月18日患者因甲状腺肿物在全身麻醉下行甲状腺肿物部分切除术术中用双道注射泵泵注麻醉药使用过程中A通道报警异常2导致麻醉药品无法正常泵注立即更换另一台注射泵术中麻醉时不能及时给予病人所需要的镇静镇痛药物麻醉深度减浅使患者呼吸循环系统波动很容易导致病人知晓[SEP],容易导致患者术中知晓,双道注射泵A通道报警异常2,2020年1月18日患者因甲状腺肿物在全身麻醉下行甲状腺肿物部分切除术术中用双道注射泵泵注麻醉药使用过程中A通道报警异常2导致麻醉药品无法正常泵注立即更换另一台注射泵术中麻醉时不能及时给予病人所需要的镇静镇痛药物麻醉深度减浅使患者呼吸循环系统波动很容易导致病人知晓,产品原因（包括说明书等）,双道注射泵A通道报警异常2,容易导致患者术中知晓,[CLS]容易导致患者术中知晓[SEP]双道注射泵A通道报警异常2[SEP]2020年1月18日患者因甲状腺肿物在全身麻醉下行甲状腺肿物部分切除术术中用双道注射泵泵注麻醉药使用过程中A通道报警异常2导致麻醉药品无法正常泵注立即更换另一台注射泵术中麻醉时不能及时给予病人所需要的镇静镇痛药物麻醉深度减浅使患者呼吸循环系统波动很容易导致病人知晓[SEP],双道注射泵A通道报警异常2,2020年1月18日患者因甲状腺肿物在全身麻醉下行甲状腺肿物部分切除术术中用双道注射泵泵注麻醉药使用过程中A通道报警异常2导致麻醉药品无法正常泵注立即更换另一台注射泵术中麻醉时不能及时给予病人所需要的镇静镇痛药物麻醉深度减浅使患者呼吸循环系统波动很容易导致病人知晓,由于设备已处于超预期寿命使用状态长期使用造成内部检测模块的线路松动引发检测电路信号传递不通导致报警该不良事件后果不符合严重伤害的定义应为其它
127420103202100011,其他,[CLS]null[SEP]异常报警[SEP]开机后异常报警[SEP],null,异常报警,开机后异常报警,产品原因（包括说明书等）,主板系统故障,null,[CLS]null[SEP]异常报警[SEP]开机后异常报警[SEP],异常报警,开机后异常报警,1使用时不慎将药液洒在设备上且未及时清理部分药液渗入设备的主控板中导致元器件短路造成了误报警2由于设备已在医院使用近7年处于超预期使用状态设备的部分防水措施因老化导致效果衰减使得设备内部进液
120321432202100003,其他,[CLS]无[SEP]注射泵报警器不灵敏[SEP]器械维修人员在例行检查中发现注射泵报警不灵敏无法正常使用[SEP],无,注射泵报警器不灵敏,器械维修人员在例行检查中发现注射泵报警不灵敏无法正常使用,"产品原因（包括说明书等）,无法确定",长期使用设备老化导致,无,[CLS]无[SEP]注射泵报警器不灵敏[SEP]器械维修人员在例行检查中发现注射泵报警不灵敏无法正常使用[SEP],注射泵报警器不灵敏,器械维修人员在例行检查中发现注射泵报警不灵敏无法正常使用,由于设备在医院已使用8年属于超预期寿命使用状态设备内部喇叭因长期使用达到使用寿命老化损坏
125371703202100017,其他,[CLS]无[SEP]无法固定注射器[SEP]2021年1月14日呼吸内一科医护人员使用注射泵为患者注射液体使用前发现注射泵推注杆前端夹子断裂无法固定注射器更换注射泵继续为患者注射[SEP],无,无法固定注射器,2021年1月14日呼吸内一科医护人员使用注射泵为患者注射液体使用前发现注射泵推注杆前端夹子断裂无法固定注射器更换注射泵继续为患者注射,产品原因（包括说明书等）,注射泵推注杆前端夹子断裂,无,[CLS]无[SEP]无法固定注射器[SEP]2021年1月14日呼吸内一科医护人员使用注射泵为患者注射液体使用前发现注射泵推注杆前端夹子断裂无法固定注射器更换注射泵继续为患者注射[SEP],无法固定注射器,2021年1月14日呼吸内一科医护人员使用注射泵为患者注射液体使用前发现注射泵推注杆前端夹子断裂无法固定注射器更换注射泵继续为患者注射,1针对捏柄开裂的问题技术人员使用出现开裂现象的同类捏柄其材质为ABS硬塑料内嵌金属预埋件进行疲劳实验在经过数万次捏合后部分会出现开裂现象2将捏柄的注塑材质改为尼龙玻纤再按相同工艺制作捏柄做对比实验没有出现开裂现象3结论ABS硬塑料内嵌金属预埋件材质注塑的捏柄强度不够造成捏柄开裂
125371703202011172,其他,[CLS]无声音输出影响使用效果[SEP]无声音输出影响使用效果[SEP]我院护士在设置参数准备给病人使用过程中发现所有按键无响声即感觉异常速于我设备科联系我科人员到场测试过程中发现当输液完成时也无法报警联系厂家工程师说是设备喇叭寿命已到需更换喇叭因未对病人使用故未造成伤害[SEP],无声音输出影响使用效果,无声音输出影响使用效果,我院护士在设置参数准备给病人使用过程中发现所有按键无响声即感觉异常速于我设备科联系我科人员到场测试过程中发现当输液完成时也无法报警联系厂家工程师说是设备喇叭寿命已到需更换喇叭因未对病人使用故未造成伤害,产品原因（包括说明书等）,分析产品质量问题设备用一年多厂家说喇叭寿命耗尽,无声音输出影响使用效果,[CLS]无声音输出影响使用效果[SEP]无声音输出影响使用效果[SEP]我院护士在设置参数准备给病人使用过程中发现所有按键无响声即感觉异常速于我设备科联系我科人员到场测试过程中发现当输液完成时也无法报警联系厂家工程师说是设备喇叭寿命已到需更换喇叭因未对病人使用故未造成伤害[SEP],无声音输出影响使用效果,我院护士在设置参数准备给病人使用过程中发现所有按键无响声即感觉异常速于我设备科联系我科人员到场测试过程中发现当输液完成时也无法报警联系厂家工程师说是设备喇叭寿命已到需更换喇叭因未对病人使用故未造成伤害,1拆机检查发现喇叭本身不发声判断是喇叭不良2可能是喇叭质量差异导致调查同批次产品没有出现类似故障属于偶发现象
116210608202011084,其他,[CLS]null[SEP]D010501_准备启动失效[SEP]设备电池损坏更换电池[SEP],null,D010501_准备启动失效,设备电池损坏更换电池,无法确定,null,null,[CLS]null[SEP]D010501_准备启动失效[SEP]设备电池损坏更换电池[SEP],D010501_准备启动失效,设备电池损坏更换电池,注射泵配备的电池为可充电锂电池该电池属于消耗品随着使用年限的增加电池性能会衰减由于设备已经处于超预期使用状态电池蓄电能力降低
116210608202011127,其他,[CLS]null[SEP]D0305_松动连接[SEP]电源线损坏[SEP],null,D0305_松动连接,电源线损坏,无法确定,null,null,[CLS]null[SEP]D0305_松动连接[SEP]电源线损坏[SEP],D0305_松动连接,电源线损坏,由于该设备处于超预期使用电源线因长时间使用老化造成破损
116210608202011126,其他,[CLS]null[SEP]D0102_意外停机[SEP]注射泵电池故障[SEP],null,D0102_意外停机,注射泵电池故障,无法确定,null,null,[CLS]null[SEP]D0102_意外停机[SEP]注射泵电池故障[SEP],D0102_意外停机,注射泵电池故障,1设备已在医院使用8年属于超预期使用状态2电池本身属于消耗品由于长期使用已经处于耗尽衰竭状态无法正常充放电
124361000202011021,其他,[CLS]注射泵螺丝卡住[SEP]不能正常使用[SEP]11月30日注射泵螺丝卡住导致泵无法使用[SEP],注射泵螺丝卡住,不能正常使用,11月30日注射泵螺丝卡住导致泵无法使用,产品原因（包括说明书等）,null,注射泵螺丝卡住,[CLS]注射泵螺丝卡住[SEP]不能正常使用[SEP]11月30日注射泵螺丝卡住导致泵无法使用[SEP],不能正常使用,11月30日注射泵螺丝卡住导致泵无法使用,由于此台注射泵已在医院使用超过8年处于超预期使用状态频繁使用导致螺孔内的螺纹磨损不能与螺杆起到咬合的效果
125371703202011348,其他,[CLS]无[SEP]无法识别针管[SEP]2020年10月15日心内二科打电话报修一台注射泵无法识别针管工程师赶到现场检查发现内部程序设置不对现场调试后恢复正常使用[SEP],无,无法识别针管,2020年10月15日心内二科打电话报修一台注射泵无法识别针管工程师赶到现场检查发现内部程序设置不对现场调试后恢复正常使用,操作原因,设置错误,无,[CLS]无[SEP]无法识别针管[SEP]2020年10月15日心内二科打电话报修一台注射泵无法识别针管工程师赶到现场检查发现内部程序设置不对现场调试后恢复正常使用[SEP],无法识别针管,2020年10月15日心内二科打电话报修一台注射泵无法识别针管工程师赶到现场检查发现内部程序设置不对现场调试后恢复正常使用,由于注射泵已使用6年处于超预期寿命使用状态设备使用多年缺乏必要的维护及保养导致之前校准的数值发生偏移使用时不能够识别注射器规格
125371703202011288,其他,[CLS]无[SEP]注射泵不工作[SEP]2020年9月4日骨二科打电话报修一条注射泵不工作工程师赶到现场检查发现电源线损坏随即更换后恢复正常使用[SEP],无,注射泵不工作,2020年9月4日骨二科打电话报修一条注射泵不工作工程师赶到现场检查发现电源线损坏随即更换后恢复正常使用,产品原因（包括说明书等）,产品老化,无,[CLS]无[SEP]注射泵不工作[SEP]2020年9月4日骨二科打电话报修一条注射泵不工作工程师赶到现场检查发现电源线损坏随即更换后恢复正常使用[SEP],注射泵不工作,2020年9月4日骨二科打电话报修一条注射泵不工作工程师赶到现场检查发现电源线损坏随即更换后恢复正常使用,经检查发现使用后没有进行清洁设备有异物导致电源线短路无法供电
125371703202011306,其他,[CLS]无[SEP]机器不工作[SEP]2020年8月6日呼吸一科打电话报修一台机器能开机但是无法才正常工作工程师赶到现场检查发现程序设置出现问题恢复默认后重启恢复正常使用[SEP],无,机器不工作,2020年8月6日呼吸一科打电话报修一台机器能开机但是无法才正常工作工程师赶到现场检查发现程序设置出现问题恢复默认后重启恢复正常使用,产品原因（包括说明书等）,原因不明,无,[CLS]无[SEP]机器不工作[SEP]2020年8月6日呼吸一科打电话报修一台机器能开机但是无法才正常工作工程师赶到现场检查发现程序设置出现问题恢复默认后重启恢复正常使用[SEP],机器不工作,2020年8月6日呼吸一科打电话报修一台机器能开机但是无法才正常工作工程师赶到现场检查发现程序设置出现问题恢复默认后重启恢复正常使用,因为使用的注射器未进行校准注射器参数与机器保存参数不一致导致不识别注射器规格型号无法启动运行
125371703202011177,严重伤害,[CLS]实际注射速度与设置不符[SEP]设置的注射速度与实际的注射速度不符合经检测是设备内部元器件损坏从而影响设备的流速[SEP]2020年11月3日科室护士在使用过程中发现注射量与预设不符合偏差较大严重影响了病人的治疗进度尤其对于重症患者有可能危及性命设备科工作人员对机器严格检查后发现该系列注射泵故障频繁属产品自身问题[SEP],实际注射速度与设置不符,设置的注射速度与实际的注射速度不符合经检测是设备内部元器件损坏从而影响设备的流速,2020年11月3日科室护士在使用过程中发现注射量与预设不符合偏差较大严重影响了病人的治疗进度尤其对于重症患者有可能危及性命设备科工作人员对机器严格检查后发现该系列注射泵故障频繁属产品自身问题,产品原因（包括说明书等）,经与厂家协商乃机器本身电位器故障,实际注射速度与设置不符,[CLS]实际注射速度与设置不符[SEP]设置的注射速度与实际的注射速度不符合经检测是设备内部元器件损坏从而影响设备的流速[SEP]2020年11月3日科室护士在使用过程中发现注射量与预设不符合偏差较大严重影响了病人的治疗进度尤其对于重症患者有可能危及性命设备科工作人员对机器严格检查后发现该系列注射泵故障频繁属产品自身问题[SEP],设置的注射速度与实际的注射速度不符合经检测是设备内部元器件损坏从而影响设备的流速,2020年11月3日科室护士在使用过程中发现注射量与预设不符合偏差较大严重影响了病人的治疗进度尤其对于重症患者有可能危及性命设备科工作人员对机器严格检查后发现该系列注射泵故障频繁属产品自身问题,院方上报为严重伤害我公司认为应改为其他根据器械故障表现推测有可能是因为使用的注射器未进行校准注射器参数与机器保存参数不一致导致药液推进慢
116210104202011056,其他,[CLS]延误治疗时间[SEP]注射泵中途停止运行[SEP]巡视病房发现注射泵各项指示灯正常但注射器内液体未进入仍为原刻度[SEP],延误治疗时间,注射泵中途停止运行,巡视病房发现注射泵各项指示灯正常但注射器内液体未进入仍为原刻度,产品原因（包括说明书等）,压杆于注射器连接不紧,延误治疗时间,[CLS]延误治疗时间[SEP]注射泵中途停止运行[SEP]巡视病房发现注射泵各项指示灯正常但注射器内液体未进入仍为原刻度[SEP],注射泵中途停止运行,巡视病房发现注射泵各项指示灯正常但注射器内液体未进入仍为原刻度,由于设备在医院已使用7年属于超预期使用状态前壳压柄结构因长期频繁使用老化开裂
125371703202011223,其他,[CLS]无[SEP]无法工作提示注射器卡故障[SEP]2020年5月26日心内二科医护人员使用注射泵为患者注射液体将注射器安装到注射泵后注射泵提示故障无法工作更换注射泵继续为患者治疗[SEP],无,无法工作提示注射器卡故障,2020年5月26日心内二科医护人员使用注射泵为患者注射液体将注射器安装到注射泵后注射泵提示故障无法工作更换注射泵继续为患者治疗,产品原因（包括说明书等）,注射泵注射器夹故障,无,[CLS]无[SEP]无法工作提示注射器卡故障[SEP]2020年5月26日心内二科医护人员使用注射泵为患者注射液体将注射器安装到注射泵后注射泵提示故障无法工作更换注射泵继续为患者治疗[SEP],无法工作提示注射器卡故障,2020年5月26日心内二科医护人员使用注射泵为患者注射液体将注射器安装到注射泵后注射泵提示故障无法工作更换注射泵继续为患者治疗,由于该设备处于超预期使用长期使用设备的注射器左右夹被药液浸入不能灵活张开释放注射器尾翼
125371703202011173,其他,[CLS]使用时报警错误2[SEP]使用时报警错误2[SEP]20201015我院内科护士在设置参数给病人使用过程中发现报错异常2速电话通知我设备科人员到场维修我维修人员到场在测试过程中发现输液泵报错错误2给予厂家联系[SEP],使用时报警错误2,使用时报警错误2,20201015我院内科护士在设置参数给病人使用过程中发现报错异常2速电话通知我设备科人员到场维修我维修人员到场在测试过程中发现输液泵报错错误2给予厂家联系,产品原因（包括说明书等）,报错错误2厂家联系压力传感器错误返厂维修,使用时报警错误2,[CLS]使用时报警错误2[SEP]使用时报警错误2[SEP]20201015我院内科护士在设置参数给病人使用过程中发现报错异常2速电话通知我设备科人员到场维修我维修人员到场在测试过程中发现输液泵报错错误2给予厂家联系[SEP],使用时报警错误2,20201015我院内科护士在设置参数给病人使用过程中发现报错异常2速电话通知我设备科人员到场维修我维修人员到场在测试过程中发现输液泵报错错误2给予厂家联系,推测是转运过程中受到外力影响导致插头松动造成信号接触不良从而引发报警
125371100202011543,其他,[CLS]无[SEP]自动关机[SEP]2020年11月23日在使用单道注射泵为患者泵入药物时发生自动关机故障立即停止使用更换另外的注射泵为患者完成药物治疗未对患者造成伤害通知设备科为维修[SEP],无,自动关机,2020年11月23日在使用单道注射泵为患者泵入药物时发生自动关机故障立即停止使用更换另外的注射泵为患者完成药物治疗未对患者造成伤害通知设备科为维修,产品原因（包括说明书等）,注射泵内置电池故障,无,[CLS]无[SEP]自动关机[SEP]2020年11月23日在使用单道注射泵为患者泵入药物时发生自动关机故障立即停止使用更换另外的注射泵为患者完成药物治疗未对患者造成伤害通知设备科为维修[SEP],自动关机,2020年11月23日在使用单道注射泵为患者泵入药物时发生自动关机故障立即停止使用更换另外的注射泵为患者完成药物治疗未对患者造成伤害通知设备科为维修,注射泵配备的电池为可充电锂电池该电池属于消耗品随着使用年限的增加电池性能会衰减由于设备已经处于超预期使用状态电池蓄电能力降低所以未连接交流电时会出现电量不足自动关机
124361000202011047,严重伤害,[CLS]输液不准按键不灵[SEP]不能正常使用[SEP]该产品在使用过程中按键不灵注射时还有三四十毫升就报已推完立即检查并清洗按键板电路并调整参数经处理后机器已正常[SEP],输液不准按键不灵,不能正常使用,该产品在使用过程中按键不灵注射时还有三四十毫升就报已推完立即检查并清洗按键板电路并调整参数经处理后机器已正常,产品原因（包括说明书等）,null,输液不准按键不灵,[CLS]输液不准按键不灵[SEP]不能正常使用[SEP]该产品在使用过程中按键不灵注射时还有三四十毫升就报已推完立即检查并清洗按键板电路并调整参数经处理后机器已正常[SEP],不能正常使用,该产品在使用过程中按键不灵注射时还有三四十毫升就报已推完立即检查并清洗按键板电路并调整参数经处理后机器已正常,经过调查分析该不良事件不属于严重伤害应为其它由于设备已在医院使用7年属于超预期寿命使用状态在长期使用未进行清洁有异物导致按键失灵
120740324202011195,其他,[CLS]未造成伤害[SEP]推杆断内外壳破裂[SEP]推杆断内外壳破裂[SEP],未造成伤害,推杆断内外壳破裂,推杆断内外壳破裂,操作原因,机器被摔造成推杆断内外壳破裂,未造成伤害,[CLS]未造成伤害[SEP]推杆断内外壳破裂[SEP]推杆断内外壳破裂[SEP],推杆断内外壳破裂,推杆断内外壳破裂,1设备已在科室使用7年处于超预期使用状态2通过现场检查和调查得知设备曾发生跌落导致外壳及推拉盒部件损坏
126410200202011120,其他,[CLS]无[SEP]机器故障导致液体不滴时间过长导致输液部位针头回血阻塞针管[SEP]出现机器故障导致液体不滴时间延长导致输液部位针头回血阻塞针管[SEP],无,机器故障导致液体不滴时间过长导致输液部位针头回血阻塞针管,出现机器故障导致液体不滴时间延长导致输液部位针头回血阻塞针管,产品原因（包括说明书等）,机器故障,无,[CLS]无[SEP]机器故障导致液体不滴时间过长导致输液部位针头回血阻塞针管[SEP]出现机器故障导致液体不滴时间延长导致输液部位针头回血阻塞针管[SEP],机器故障导致液体不滴时间过长导致输液部位针头回血阻塞针管,出现机器故障导致液体不滴时间延长导致输液部位针头回血阻塞针管,该设备处于超预期寿命使用状态初步分析是因为使用的注射器未进行校准注射器参数与机器保存参数不一致导致药液推进慢
125371104202011391,其他,[CLS]M1916_漏液[SEP]D0101_故障提示D0102_意外停机D020203_定位失效[SEP]患者为气管切开康复理疗患者2020年12月17为患者进行常规泵入气道湿化使用过程中设备报警注射器脱落液体泄漏护士查找原因发现固定架弹簧损坏无法继续使用为患者更换设备[SEP],M1916_漏液,D0101_故障提示D0102_意外停机D020203_定位失效,患者为气管切开康复理疗患者2020年12月17为患者进行常规泵入气道湿化使用过程中设备报警注射器脱落液体泄漏护士查找原因发现固定架弹簧损坏无法继续使用为患者更换设备,产品原因（包括说明书等）,固定架弹簧断裂性故障,M1916_漏液,[CLS]M1916_漏液[SEP]D0101_故障提示D0102_意外停机D020203_定位失效[SEP]患者为气管切开康复理疗患者2020年12月17为患者进行常规泵入气道湿化使用过程中设备报警注射器脱落液体泄漏护士查找原因发现固定架弹簧损坏无法继续使用为患者更换设备[SEP],D0101_故障提示D0102_意外停机D020203_定位失效,患者为气管切开康复理疗患者2020年12月17为患者进行常规泵入气道湿化使用过程中设备报警注射器脱落液体泄漏护士查找原因发现固定架弹簧损坏无法继续使用为患者更换设备,分析可能是压柄受到外力撞击或未按操作提示使用导致压柄弹簧脱落
124361000202011042,其他,[CLS]微量泵报警功能失效[SEP]不能正常使用[SEP]到达现场测试设备发现设备A道没有报警功能经维修后恢复正常[SEP],微量泵报警功能失效,不能正常使用,到达现场测试设备发现设备A道没有报警功能经维修后恢复正常,产品原因（包括说明书等）,1到达现场测试设备发现设备A道没有报警功能2带回办公室维修打开设备内部从新拔插主板连接线3从新测试反复测试各项报警都能正常出现3问题排除安装好设备送回科室,微量泵报警功能失效,[CLS]微量泵报警功能失效[SEP]不能正常使用[SEP]到达现场测试设备发现设备A道没有报警功能经维修后恢复正常[SEP],不能正常使用,到达现场测试设备发现设备A道没有报警功能经维修后恢复正常,1由于此台设备已在医院使用7年处于超预期使用状态2经过拆机发现喇叭线插头与主控板插座略有松动因处接触不良导致喇叭不能正常发声
125371703202011273,其他,[CLS]无[SEP]无法准确识别针管[SEP]2020年6月20日骨三科打电话报修注射泵无法识别针管工程师赶到现场检查发现注射泵夹子松动判断为内部破裂损坏因没有备用配件随即返厂维修[SEP],无,无法准确识别针管,2020年6月20日骨三科打电话报修注射泵无法识别针管工程师赶到现场检查发现注射泵夹子松动判断为内部破裂损坏因没有备用配件随即返厂维修,"产品原因（包括说明书等）,操作原因",疑似磕碰,无,[CLS]无[SEP]无法准确识别针管[SEP]2020年6月20日骨三科打电话报修注射泵无法识别针管工程师赶到现场检查发现注射泵夹子松动判断为内部破裂损坏因没有备用配件随即返厂维修[SEP],无法准确识别针管,2020年6月20日骨三科打电话报修注射泵无法识别针管工程师赶到现场检查发现注射泵夹子松动判断为内部破裂损坏因没有备用配件随即返厂维修,经过分析和实验我们发现使用ABS硬塑料内嵌金属预埋件材质制作的捏柄在经过数万次捏合后可能会出现开裂现象在ABS中增加适量玻纤再按相同工艺制作捏柄做对比实验没有出现开裂现象推测ABS硬塑料内嵌金属预埋件材质强度不够造成捏柄开裂
125371803202011309,其他,[CLS]null[SEP]注射泵报警[SEP]2020年11月10日在我院血液科使用注射泵时发现传感器报警报修医工部经检测发现传感器损坏更换传感器设备修复后正常使用没有对病人造成不良后果[SEP],null,注射泵报警,2020年11月10日在我院血液科使用注射泵时发现传感器报警报修医工部经检测发现传感器损坏更换传感器设备修复后正常使用没有对病人造成不良后果,产品原因（包括说明书等）,传感器损坏,null,[CLS]null[SEP]注射泵报警[SEP]2020年11月10日在我院血液科使用注射泵时发现传感器报警报修医工部经检测发现传感器损坏更换传感器设备修复后正常使用没有对病人造成不良后果[SEP],注射泵报警,2020年11月10日在我院血液科使用注射泵时发现传感器报警报修医工部经检测发现传感器损坏更换传感器设备修复后正常使用没有对病人造成不良后果,由于该设备已处于超预期寿命使用状态设备部件已老化造成传感器损坏
123350300202012092,其他,[CLS]无法正常工作[SEP]感应不到注射器[SEP]要准备给患者推注硝酸甘油等药物准备给仪器上注射器时发现无法识别该20ml的注射器[SEP],无法正常工作,感应不到注射器,要准备给患者推注硝酸甘油等药物准备给仪器上注射器时发现无法识别该20ml的注射器,"无法确定,产品原因（包括说明书等）",仪器内的感应器有问题,无法正常工作,[CLS]无法正常工作[SEP]感应不到注射器[SEP]要准备给患者推注硝酸甘油等药物准备给仪器上注射器时发现无法识别该20ml的注射器[SEP],感应不到注射器,要准备给患者推注硝酸甘油等药物准备给仪器上注射器时发现无法识别该20ml的注射器,由于设备使用多年缺乏必要的维护及保养导致之前校准的数值发生偏移导致其不能够识别注射器
116210200202011164,其他,[CLS]null[SEP]正常使用过程中报警[SEP]设备正常使用过程中突然报警经检查注射器设备源均正常使用人员撤下设备并通知设备科[SEP],null,正常使用过程中报警,设备正常使用过程中突然报警经检查注射器设备源均正常使用人员撤下设备并通知设备科,产品原因（包括说明书等）,null,null,[CLS]null[SEP]正常使用过程中报警[SEP]设备正常使用过程中突然报警经检查注射器设备源均正常使用人员撤下设备并通知设备科[SEP],正常使用过程中报警,设备正常使用过程中突然报警经检查注射器设备源均正常使用人员撤下设备并通知设备科,由于设备已在医院使用7年处于超预期使用状态电路板因长期使用老化故障
120320300202011144,其他,[CLS]无[SEP]仪器前壳损坏[SEP]护士抽拉短杆时发现无法固定[SEP],无,仪器前壳损坏,护士抽拉短杆时发现无法固定,产品原因（包括说明书等）,短杆外壳破裂,无,[CLS]无[SEP]仪器前壳损坏[SEP]护士抽拉短杆时发现无法固定[SEP],仪器前壳损坏,护士抽拉短杆时发现无法固定,1检查发现注射泵前壳压柄通道处损坏压柄是注射泵上用于固定并识别注射器规格的结构部件与注射泵前壳压柄通道配合达到预期功能若前壳压柄通道损坏则可能导致压柄不能正常使用2怀疑是由于受到外力冲击导致前壳压柄处损坏
129441200202013899,其他,[CLS]null[SEP]固定夹断裂[SEP]20201020准备使用注射泵时发现注射泵固定夹断裂于是把故障注射泵送修[SEP],null,固定夹断裂,20201020准备使用注射泵时发现注射泵固定夹断裂于是把故障注射泵送修,无法确定,使用频繁,null,[CLS]null[SEP]固定夹断裂[SEP]20201020准备使用注射泵时发现注射泵固定夹断裂于是把故障注射泵送修[SEP],固定夹断裂,20201020准备使用注射泵时发现注射泵固定夹断裂于是把故障注射泵送修,经过疲劳测试我们发现使用ABS硬塑料内嵌金属预埋件材质制作的捏柄在经过数万次捏合后可能会出现开裂现象然后我们在ABS中增加适量玻纤再按相同工艺制作捏柄做对比实验没有出现开裂现象
128431800202011570,其他,[CLS]无[SEP]null[SEP]推杆坏[SEP],无,null,推杆坏,产品原因（包括说明书等）,推杆坏,无,[CLS]无[SEP]null[SEP]推杆坏[SEP],null,推杆坏,由于该设备在医院使用7年处于超预期使用长期频繁使用捏柄导致该部件磨损断裂
140654500202011287,其他,[CLS]不能进行病情的治疗[SEP]双通道注射泵外科损坏[SEP]2020年10月30日科室综合内科二病区在使用过程中开机时不慎将双通道注射泵损坏导致该设备状态异常无法对病人进行药液的治疗可能会影响治疗接到这个设备时先对其进行了故障的初步判断观察到是由于外力导致使其外科压柄损坏在对机器进行拆卸后发现其内部的压柄感应器也有损坏建议更换外科压柄以及内部的感应器更换后可正常使用[SEP],不能进行病情的治疗,双通道注射泵外科损坏,2020年10月30日科室综合内科二病区在使用过程中开机时不慎将双通道注射泵损坏导致该设备状态异常无法对病人进行药液的治疗可能会影响治疗接到这个设备时先对其进行了故障的初步判断观察到是由于外力导致使其外科压柄损坏在对机器进行拆卸后发现其内部的压柄感应器也有损坏建议更换外科压柄以及内部的感应器更换后可正常使用,无法确定,接到这个设备时先对其进行了故障的初步判断观察到是由于外力导致使其外科压柄损坏,不能进行病情的治疗,[CLS]不能进行病情的治疗[SEP]双通道注射泵外科损坏[SEP]2020年10月30日科室综合内科二病区在使用过程中开机时不慎将双通道注射泵损坏导致该设备状态异常无法对病人进行药液的治疗可能会影响治疗接到这个设备时先对其进行了故障的初步判断观察到是由于外力导致使其外科压柄损坏在对机器进行拆卸后发现其内部的压柄感应器也有损坏建议更换外科压柄以及内部的感应器更换后可正常使用[SEP],双通道注射泵外科损坏,2020年10月30日科室综合内科二病区在使用过程中开机时不慎将双通道注射泵损坏导致该设备状态异常无法对病人进行药液的治疗可能会影响治疗接到这个设备时先对其进行了故障的初步判断观察到是由于外力导致使其外科压柄损坏在对机器进行拆卸后发现其内部的压柄感应器也有损坏建议更换外科压柄以及内部的感应器更换后可正常使用,由于该设备已在医院使用8年处于超预期使用状态前壳压柄结构因长期频繁使用老化断裂
140650110202011094,其他,[CLS]精度不够影响治疗效果[SEP]注射速率不准确[SEP]护士发现使用中输注的液体和设定的液体在单位时间内有误差后撤机通知设备科工程师检修[SEP],精度不够影响治疗效果,注射速率不准确,护士发现使用中输注的液体和设定的液体在单位时间内有误差后撤机通知设备科工程师检修,产品原因（包括说明书等）,检修发现确实注射泵14通道存在误差,精度不够影响治疗效果,[CLS]精度不够影响治疗效果[SEP]注射速率不准确[SEP]护士发现使用中输注的液体和设定的液体在单位时间内有误差后撤机通知设备科工程师检修[SEP],注射速率不准确,护士发现使用中输注的液体和设定的液体在单位时间内有误差后撤机通知设备科工程师检修,由于设备已在医院使用超过6年属于超预期使用状态因缺乏必要的维护保养设备本身校准的注射器参数发生偏移导致流速过快
138620409202011287,其他,[CLS]无[SEP]空针夹子断裂[SEP]为患者输注药物液体固定空针时夹子断裂[SEP],无,空针夹子断裂,为患者输注药物液体固定空针时夹子断裂,"产品原因（包括说明书等）,操作原因,无法确定",null,无,[CLS]无[SEP]空针夹子断裂[SEP]为患者输注药物液体固定空针时夹子断裂[SEP],空针夹子断裂,为患者输注药物液体固定空针时夹子断裂,由于同一批次生产的注射泵未接到类似捏柄断裂的反馈初步分析此故障与产品结构无关可能是使用过程中频繁受力导致该部件断裂
137610400202011577,其他,[CLS]无伤害[SEP]开机报低电压[SEP]开机时发现报低电压[SEP],无伤害,开机报低电压,开机时发现报低电压,无法确定,事故原因无法确定,无伤害,[CLS]无伤害[SEP]开机报低电压[SEP]开机时发现报低电压[SEP],开机报低电压,开机时发现报低电压,1该设备已在医院使用7年由于电池本身属于消耗品所以目前电池电量属于枯竭状态使得开机报警电压低2由于电池电量低引发的报警属于正常报警
137610400202011575,其他,[CLS]无伤害[SEP]报警异常2[SEP]科室在使用过程中机器异常报警无法使用[SEP],无伤害,报警异常2,科室在使用过程中机器异常报警无法使用,无法确定,事故原因无法确定,无伤害,[CLS]无伤害[SEP]报警异常2[SEP]科室在使用过程中机器异常报警无法使用[SEP],报警异常2,科室在使用过程中机器异常报警无法使用,由于设备已处于超预期寿命使用状态长期使用造成内部检测模块的线路松动引发检测电路信号传递不通导致报警
137610400202011505,其他,[CLS]无[SEP]微量泵B通道不运行[SEP]患者血压低遵医嘱使用多巴胺微量泵入B通道界面显示运行正常1小时后复测血压仍低查看注射器中药液未减少立即为患者更换微量泵泵入患者血压升至正常将此微量泵送设备科维修[SEP],无,微量泵B通道不运行,患者血压低遵医嘱使用多巴胺微量泵入B通道界面显示运行正常1小时后复测血压仍低查看注射器中药液未减少立即为患者更换微量泵泵入患者血压升至正常将此微量泵送设备科维修,产品原因（包括说明书等）,微量泵故障,无,[CLS]无[SEP]微量泵B通道不运行[SEP]患者血压低遵医嘱使用多巴胺微量泵入B通道界面显示运行正常1小时后复测血压仍低查看注射器中药液未减少立即为患者更换微量泵泵入患者血压升至正常将此微量泵送设备科维修[SEP],微量泵B通道不运行,患者血压低遵医嘱使用多巴胺微量泵入B通道界面显示运行正常1小时后复测血压仍低查看注射器中药液未减少立即为患者更换微量泵泵入患者血压升至正常将此微量泵送设备科维修,1拆机检查发现长电位器插头松动松动原因可能是由于设备在医院长期使用已使用9年属于超预期使用状态转运过程中受到外力碰撞导致内部长电位器插头松动2长电位器是一种行程传感器与注射泵实际能否向前运行推注药物有关其插头松动会导致接触不良设备无法推注药物
134523000202011166,其他,[CLS]无[SEP]及时停用[SEP]换其他微泵治疗此事发现及时未造成后果2020年12月14日护士为病人进行微泵泵入治疗1小时后巡视微泵输液情况发现液体仍然为起始量未注入未报警显示残余堵塞即停止使用[SEP],无,及时停用,换其他微泵治疗此事发现及时未造成后果2020年12月14日护士为病人进行微泵泵入治疗1小时后巡视微泵输液情况发现液体仍然为起始量未注入未报警显示残余堵塞即停止使用,无法确定,换其他微泵治疗此事发现及时未造成后果2020年12月14日护士为病人进行微泵泵入治疗1小时后巡视微泵输液情况发现液体仍然为起始量未注入未报警显示残余堵塞即停止使用更,无,[CLS]无[SEP]及时停用[SEP]换其他微泵治疗此事发现及时未造成后果2020年12月14日护士为病人进行微泵泵入治疗1小时后巡视微泵输液情况发现液体仍然为起始量未注入未报警显示残余堵塞即停止使用[SEP],及时停用,换其他微泵治疗此事发现及时未造成后果2020年12月14日护士为病人进行微泵泵入治疗1小时后巡视微泵输液情况发现液体仍然为起始量未注入未报警显示残余堵塞即停止使用,经过检查发现注射泵对使用的注射器规格不匹配判断可能是未使用该款注射器对注射泵进行校准导致注射泵内部没有记录该款注射器的相关参数引发误报警
134523000202011165,其他,[CLS]血糖升高[SEP]null[SEP]2020年12月13日1244时患者血糖明显增高予加用普通胰岛素微量泵入降糖治疗运行20分钟后测患者血糖不降反升查看注射器内药物未见明显减少予更换微量泵后运行正常故予以上报医疗器械不良事件[SEP],血糖升高,null,2020年12月13日1244时患者血糖明显增高予加用普通胰岛素微量泵入降糖治疗运行20分钟后测患者血糖不降反升查看注射器内药物未见明显减少予更换微量泵后运行正常故予以上报医疗器械不良事件,无法确定,2020年12月13日1244时患者血糖明显增高予加用普通胰岛素微量泵入降糖治疗运行20分钟后测患者血糖不降反升查看注射器内药物未见明显减少予更换微量泵后运行正常微量泵运行故障,血糖升高,[CLS]血糖升高[SEP]null[SEP]2020年12月13日1244时患者血糖明显增高予加用普通胰岛素微量泵入降糖治疗运行20分钟后测患者血糖不降反升查看注射器内药物未见明显减少予更换微量泵后运行正常故予以上报医疗器械不良事件[SEP],null,2020年12月13日1244时患者血糖明显增高予加用普通胰岛素微量泵入降糖治疗运行20分钟后测患者血糖不降反升查看注射器内药物未见明显减少予更换微量泵后运行正常故予以上报医疗器械不良事件,初步分析是因为使用的注射器未进行校准注射器参数与机器保存参数不一致导致药液推进慢
125371700202011579,其他,[CLS]null[SEP]泵速快[SEP]2020年11月16日1102在检查仪器设备时发现此泵泵输过快暂停使用立即联系设备科[SEP],null,泵速快,2020年11月16日1102在检查仪器设备时发现此泵泵输过快暂停使用立即联系设备科,产品原因（包括说明书等）,机器正常故障,null,[CLS]null[SEP]泵速快[SEP]2020年11月16日1102在检查仪器设备时发现此泵泵输过快暂停使用立即联系设备科[SEP],泵速快,2020年11月16日1102在检查仪器设备时发现此泵泵输过快暂停使用立即联系设备科,1注射泵应进行定期校准使内部参数与所用的注射器相匹配才能保证输液精度2此台注射泵已在医院使用近7年处于超预期使用状态由于定期维护不够调查发现使用的注射器未进行校准因此造成流速过快
127740354202011249,其他,[CLS]null[SEP]设备不工作[SEP]正常操作设备异常[SEP],null,设备不工作,正常操作设备异常,产品原因（包括说明书等）,设备异常,null,[CLS]null[SEP]设备不工作[SEP]正常操作设备异常[SEP],设备不工作,正常操作设备异常,分析是使用的注射器没有在注射泵上进行校准因此注射泵内没有保存该款注射器的相关参数造成内部检测的压力值过大引发误报警
128431103202011136,其他,[CLS]患者输注药物未能按时输完影响药物疗效[SEP]输液泵未能按计划泵入药物量[SEP]邱细兰女46岁冠心病在局麻下行CAGPCI溶栓术遵医嘱予以注射替罗非班氯化钠注射液静脉注射抗凝抗血栓治疗药物注射完时间预计是中午1200但实际完成时间是1330[SEP],患者输注药物未能按时输完影响药物疗效,输液泵未能按计划泵入药物量,邱细兰女46岁冠心病在局麻下行CAGPCI溶栓术遵医嘱予以注射替罗非班氯化钠注射液静脉注射抗凝抗血栓治疗药物注射完时间预计是中午1200但实际完成时间是1330,产品原因（包括说明书等）,输液泵精密度不准确未能在规定时间内泵注完药液,患者输注药物未能按时输完影响药物疗效,[CLS]患者输注药物未能按时输完影响药物疗效[SEP]输液泵未能按计划泵入药物量[SEP]邱细兰女46岁冠心病在局麻下行CAGPCI溶栓术遵医嘱予以注射替罗非班氯化钠注射液静脉注射抗凝抗血栓治疗药物注射完时间预计是中午1200但实际完成时间是1330[SEP],输液泵未能按计划泵入药物量,邱细兰女46岁冠心病在局麻下行CAGPCI溶栓术遵医嘱予以注射替罗非班氯化钠注射液静脉注射抗凝抗血栓治疗药物注射完时间预计是中午1200但实际完成时间是1330,1各厂家注射器卷边部位设计厚度不同因此造成注射器与设备不匹配导致注射器识别错误2起初安装调试设备时已经校准当时使用的注射器后来使用中更换未校准的注射器导致设备识别错误
128431800202011392,其他,[CLS]无[SEP]null[SEP]报警异常[SEP],无,null,报警异常,产品原因（包括说明书等）,报警异常,无,[CLS]无[SEP]null[SEP]报警异常[SEP],null,报警异常,初步分析是因为使用的注射器未进行校准注射器参数与机器保存参数不一致导致药液未推注完成即触发报警停止运行送设备科重新校准后可正常使用故障排除
127740354202011245,其他,[CLS]null[SEP]无法工作[SEP]注射药物中无法使用[SEP],null,无法工作,注射药物中无法使用,产品原因（包括说明书等）,无法运行,null,[CLS]null[SEP]无法工作[SEP]注射药物中无法使用[SEP],无法工作,注射药物中无法使用,推测是转运过程中受到外力影响导致插头松动造成信号接触不良从而引发报警
125371104202011379,其他,[CLS]无[SEP]D010301_操作失效D010501_准备启动失效[SEP]患者12月5日入院治疗诊断为肺癌患者低钙12月14日遵医嘱为患者微量泵泵入钙剂用20ml针管放置时设备报警显示阻塞针管未阻塞更换50ml针管后正常运行之后试验用20ml针管操作接显示故障[SEP],无,D010301_操作失效D010501_准备启动失效,患者12月5日入院治疗诊断为肺癌患者低钙12月14日遵医嘱为患者微量泵泵入钙剂用20ml针管放置时设备报警显示阻塞针管未阻塞更换50ml针管后正常运行之后试验用20ml针管操作接显示故障,产品原因（包括说明书等）,设备老化故障,无,[CLS]无[SEP]D010301_操作失效D010501_准备启动失效[SEP]患者12月5日入院治疗诊断为肺癌患者低钙12月14日遵医嘱为患者微量泵泵入钙剂用20ml针管放置时设备报警显示阻塞针管未阻塞更换50ml针管后正常运行之后试验用20ml针管操作接显示故障[SEP],D010301_操作失效D010501_准备启动失效,患者12月5日入院治疗诊断为肺癌患者低钙12月14日遵医嘱为患者微量泵泵入钙剂用20ml针管放置时设备报警显示阻塞针管未阻塞更换50ml针管后正常运行之后试验用20ml针管操作接显示故障,经过检查发现注射泵对使用的注射器规格不匹配判断可能是未使用该款注射器对注射泵进行校准导致注射泵内部没有记录该款注射器的相关参数引发误报警
113740457202000139,其他,[CLS]影响患者使用[SEP]不走液[SEP]患者因右下肢疼痛一周入院治疗患者疼痛难忍遵医嘱泵入地左新止疼在泵入过程中突然不走液护士发现后重新连接注射器仍然不走液更换新注射泵给患者使用问题注射泵送修器械科[SEP],影响患者使用,不走液,患者因右下肢疼痛一周入院治疗患者疼痛难忍遵医嘱泵入地左新止疼在泵入过程中突然不走液护士发现后重新连接注射器仍然不走液更换新注射泵给患者使用问题注射泵送修器械科,产品原因（包括说明书等）,推杆损坏,影响患者使用,[CLS]影响患者使用[SEP]不走液[SEP]患者因右下肢疼痛一周入院治疗患者疼痛难忍遵医嘱泵入地左新止疼在泵入过程中突然不走液护士发现后重新连接注射器仍然不走液更换新注射泵给患者使用问题注射泵送修器械科[SEP],不走液,患者因右下肢疼痛一周入院治疗患者疼痛难忍遵医嘱泵入地左新止疼在泵入过程中突然不走液护士发现后重新连接注射器仍然不走液更换新注射泵给患者使用问题注射泵送修器械科,由于设备已在医院使用9年属于超预期使用状态可能是长期频繁使用导致捏柄老化
122340103202011577,其他,[CLS]null[SEP]给予患者使用注射泵时输液速度不准确[SEP]给予患者使用注射泵时输液速度不准确[SEP],null,给予患者使用注射泵时输液速度不准确,给予患者使用注射泵时输液速度不准确,产品原因（包括说明书等）,null,null,[CLS]null[SEP]给予患者使用注射泵时输液速度不准确[SEP]给予患者使用注射泵时输液速度不准确[SEP],给予患者使用注射泵时输液速度不准确,给予患者使用注射泵时输液速度不准确,由于设备已在医院使用8年属于超预期使用状态因缺乏必要的维护保养设备本身校准的注射器参数发生偏移导致流速过快
120321200202011492,其他,[CLS]无法注射[SEP]无法注射[SEP]2020113815护士遵医嘱对病人进行注射泵输液参数都调整好按开始键无法启动影响病人输液注射泵压杆松动无法使用更换一台后正常输液给病人带来痛苦[SEP],无法注射,无法注射,2020113815护士遵医嘱对病人进行注射泵输液参数都调整好按开始键无法启动影响病人输液注射泵压杆松动无法使用更换一台后正常输液给病人带来痛苦,产品原因（包括说明书等）,产品质量问题设计缺陷,无法注射,[CLS]无法注射[SEP]无法注射[SEP]2020113815护士遵医嘱对病人进行注射泵输液参数都调整好按开始键无法启动影响病人输液注射泵压杆松动无法使用更换一台后正常输液给病人带来痛苦[SEP],无法注射,2020113815护士遵医嘱对病人进行注射泵输液参数都调整好按开始键无法启动影响病人输液注射泵压杆松动无法使用更换一台后正常输液给病人带来痛苦,经判断应是设备正面受到撞击可能是摔到地上导致压柄受力过大开裂
125370910202011130,其他,[CLS]无[SEP]注射器固定夹裂注射器无法固定[SEP]注射器固定夹裂注射器无法使用更换新注射泵使用[SEP],无,注射器固定夹裂注射器无法固定,注射器固定夹裂注射器无法使用更换新注射泵使用,操作原因,用力过大按坏固定夹,无,[CLS]无[SEP]注射器固定夹裂注射器无法固定[SEP]注射器固定夹裂注射器无法使用更换新注射泵使用[SEP],注射器固定夹裂注射器无法固定,注射器固定夹裂注射器无法使用更换新注射泵使用,1经过分析和实验我们使用ABS玻纤材质制作的捏柄在经过数万次捏合后没有出现开裂现象2初步分析此故障可能是医护人员操作不当有力过大导致捏柄断裂
125370910202011117,其他,[CLS]无[SEP]注射器限位器加手柄使用时断裂机器无法更换注射器无法正常使用[SEP]遵医嘱护士使用注射泵为病人输液时欲更换注射器发现夹子手柄断裂无法更换[SEP],无,注射器限位器加手柄使用时断裂机器无法更换注射器无法正常使用,遵医嘱护士使用注射泵为病人输液时欲更换注射器发现夹子手柄断裂无法更换,产品原因（包括说明书等）,可能护士使用时用力过大也可能产品本身质量原因,无,[CLS]无[SEP]注射器限位器加手柄使用时断裂机器无法更换注射器无法正常使用[SEP]遵医嘱护士使用注射泵为病人输液时欲更换注射器发现夹子手柄断裂无法更换[SEP],注射器限位器加手柄使用时断裂机器无法更换注射器无法正常使用,遵医嘱护士使用注射泵为病人输液时欲更换注射器发现夹子手柄断裂无法更换,1经过分析和实验我们使用ABS玻纤材质制作的捏柄在经过数万次捏合后没有出现开裂现象2初步分析此故障可能是医护人员操作不当有力过大导致捏柄断裂
125371100202011638,其他,[CLS]影响患者液体滴泵入[SEP]设备报警阻塞[SEP]2020年7月27日患者崔丽华心衰入院进行治疗遵循医嘱给予患者平喘药物静推静推过程中注射泵反复阻塞报警验证留置针通畅更换注射泵后泵入通畅未对患者造成伤害通知设备科进行维修[SEP],影响患者液体滴泵入,设备报警阻塞,2020年7月27日患者崔丽华心衰入院进行治疗遵循医嘱给予患者平喘药物静推静推过程中注射泵反复阻塞报警验证留置针通畅更换注射泵后泵入通畅未对患者造成伤害通知设备科进行维修,产品原因（包括说明书等）,设备故障,影响患者液体滴泵入,[CLS]影响患者液体滴泵入[SEP]设备报警阻塞[SEP]2020年7月27日患者崔丽华心衰入院进行治疗遵循医嘱给予患者平喘药物静推静推过程中注射泵反复阻塞报警验证留置针通畅更换注射泵后泵入通畅未对患者造成伤害通知设备科进行维修[SEP],设备报警阻塞,2020年7月27日患者崔丽华心衰入院进行治疗遵循医嘱给予患者平喘药物静推静推过程中注射泵反复阻塞报警验证留置针通畅更换注射泵后泵入通畅未对患者造成伤害通知设备科进行维修,由于注射泵已使用6年处于超预期使用状态长时间使用压力参数发生了变化而导致内部感知的压力值超出了机器校准的压力值出现阻塞报警
129291712202011315,其他,[CLS]null[SEP]操作微量泵时一直报警[SEP]2020年11月15日在新市医院肿瘤一科因李瑞英患者癌痛需要用镇痛药治疗使用注射泵控制流速操作微量泵时一直报警注射泵滑脱不能使用及时更换其他微量泵使用未给患者造成影响[SEP],null,操作微量泵时一直报警,2020年11月15日在新市医院肿瘤一科因李瑞英患者癌痛需要用镇痛药治疗使用注射泵控制流速操作微量泵时一直报警注射泵滑脱不能使用及时更换其他微量泵使用未给患者造成影响,产品原因（包括说明书等）,注射泵滑脱不能使用,null,[CLS]null[SEP]操作微量泵时一直报警[SEP]2020年11月15日在新市医院肿瘤一科因李瑞英患者癌痛需要用镇痛药治疗使用注射泵控制流速操作微量泵时一直报警注射泵滑脱不能使用及时更换其他微量泵使用未给患者造成影响[SEP],操作微量泵时一直报警,2020年11月15日在新市医院肿瘤一科因李瑞英患者癌痛需要用镇痛药治疗使用注射泵控制流速操作微量泵时一直报警注射泵滑脱不能使用及时更换其他微量泵使用未给患者造成影响,1经拆机检查发现是用于检测行程的电位器插头脱落导致报警2造成插头脱落的原因可能是由于设备在使用期间转运过程中发生碰撞导致插头脱落
129291712202011368,其他,[CLS]null[SEP]D0102_意外停机[SEP]患者于2020年11月30日因车祸伤术后转入ICU遵医嘱给予舒芬太尼组液以5mlh泵入注射泵持续工作泵两小时后突然自行停止持续报警未接交流电已及时更换注射泵并上报维修未给患者造成影响[SEP],null,D0102_意外停机,患者于2020年11月30日因车祸伤术后转入ICU遵医嘱给予舒芬太尼组液以5mlh泵入注射泵持续工作泵两小时后突然自行停止持续报警未接交流电已及时更换注射泵并上报维修未给患者造成影响,产品原因（包括说明书等）,患者于2020年11月30日因车祸伤术后转入ICU遵医嘱给予舒芬太尼组液以5mlh泵入注射泵持续工作泵两小时后突然自行停止持续报警未接交流电已及时更换注射泵并上报维修未给患者造成影响,null,[CLS]null[SEP]D0102_意外停机[SEP]患者于2020年11月30日因车祸伤术后转入ICU遵医嘱给予舒芬太尼组液以5mlh泵入注射泵持续工作泵两小时后突然自行停止持续报警未接交流电已及时更换注射泵并上报维修未给患者造成影响[SEP],D0102_意外停机,患者于2020年11月30日因车祸伤术后转入ICU遵医嘱给予舒芬太尼组液以5mlh泵入注射泵持续工作泵两小时后突然自行停止持续报警未接交流电已及时更换注射泵并上报维修未给患者造成影响,由于交流插座与电源线未连接好注射泵在使用过程中由电池供电且未能及时充电导致电池电量不足而停止运行
115152707202011151,其他,[CLS]null[SEP]注射完毕后无报警存在安全隐患[SEP]药物注射完毕后无报警存在安全隐患[SEP],null,注射完毕后无报警存在安全隐患,药物注射完毕后无报警存在安全隐患,产品原因（包括说明书等）,可能扬声器故障,null,[CLS]null[SEP]注射完毕后无报警存在安全隐患[SEP]药物注射完毕后无报警存在安全隐患[SEP],注射完毕后无报警存在安全隐患,药物注射完毕后无报警存在安全隐患,经过拆机发现喇叭线插头与主控板插座略有松动因处接触不良导致喇叭不能正常发声
116210200202011346,其他,[CLS]影响治疗[SEP]使用过程中注射卡夹损坏[SEP]使用过程中注射卡夹损坏更坏卡夹注射泵恢复正常[SEP],影响治疗,使用过程中注射卡夹损坏,使用过程中注射卡夹损坏更坏卡夹注射泵恢复正常,产品原因（包括说明书等）,null,影响治疗,[CLS]影响治疗[SEP]使用过程中注射卡夹损坏[SEP]使用过程中注射卡夹损坏更坏卡夹注射泵恢复正常[SEP],使用过程中注射卡夹损坏,使用过程中注射卡夹损坏更坏卡夹注射泵恢复正常,由于产品已在医院使用8年处于超预期使用状态捏柄长期频繁使用老化故障
116210607202011105,其他,[CLS]设备无法正常给患者使用[SEP]设备开机后一直报警无法正常停止[SEP]给患者使用时发现设备开机后一直报警[SEP],设备无法正常给患者使用,设备开机后一直报警无法正常停止,给患者使用时发现设备开机后一直报警,产品原因（包括说明书等）,初步诊断报警复位开关故障,设备无法正常给患者使用,[CLS]设备无法正常给患者使用[SEP]设备开机后一直报警无法正常停止[SEP]给患者使用时发现设备开机后一直报警[SEP],设备开机后一直报警无法正常停止,给患者使用时发现设备开机后一直报警,1该设备已在医院使用7年由于电池本身属于消耗品所以目前电池电量属于枯竭状态使得开机报警电压低2由于电池电量低引发的报警属于正常报警
116210700202011687,其他,[CLS]无法充电[SEP]无法充电[SEP]无法充电[SEP],无法充电,无法充电,无法充电,产品原因（包括说明书等）,无法充电,无法充电,[CLS]无法充电[SEP]无法充电[SEP]无法充电[SEP],无法充电,无法充电,由于操作人员操作不当电源线与交流插座未连接好导致无法充电
116210608202011162,其他,[CLS]null[SEP]D020102_启动失效[SEP]无法开机[SEP],null,D020102_启动失效,无法开机,无法确定,null,null,[CLS]null[SEP]D020102_启动失效[SEP]无法开机[SEP],D020102_启动失效,无法开机,1设备内部电池为消耗品长期使用造成电池蓄电能力衰减无法正常蓄电2由于设备已在科室使用近8年处于超预期使用状态电源板因长时间使用电路老化造成电路中断
137610400202011361,其他,[CLS]无[SEP]不开机[SEP]护士在早班交接班时发现设备不开机随即联系设备科工程师维修[SEP],无,不开机,护士在早班交接班时发现设备不开机随即联系设备科工程师维修,产品原因（包括说明书等）,设备故障,无,[CLS]无[SEP]不开机[SEP]护士在早班交接班时发现设备不开机随即联系设备科工程师维修[SEP],不开机,护士在早班交接班时发现设备不开机随即联系设备科工程师维修,由于设备已在科室使用近6年处于超预期使用状态电源板因长时间使用电路老化造成电路中断
129291712202011136,其他,[CLS]M210202_给药不足[SEP]系统故障[SEP]患者血压不稳定需用升压药控制血压需用注射泵控制流速操作微量泵时发生微量泵报系统故障及时更换其他微量泵使用未给患者造成影响[SEP],M210202_给药不足,系统故障,患者血压不稳定需用升压药控制血压需用注射泵控制流速操作微量泵时发生微量泵报系统故障及时更换其他微量泵使用未给患者造成影响,产品原因（包括说明书等）,患者血压不稳定需用升压药控制血压需用注射泵控制流速操作微量泵时发生微量泵报系统故障及时更换其他微量泵使用未给患者造成影响,M210202_给药不足,[CLS]M210202_给药不足[SEP]系统故障[SEP]患者血压不稳定需用升压药控制血压需用注射泵控制流速操作微量泵时发生微量泵报系统故障及时更换其他微量泵使用未给患者造成影响[SEP],系统故障,患者血压不稳定需用升压药控制血压需用注射泵控制流速操作微量泵时发生微量泵报系统故障及时更换其他微量泵使用未给患者造成影响,主控板显示部分出现故障
140652801202011064,其他,[CLS]null[SEP]使用该机器时出现交流电断电的情况[SEP]医护人员于2020年7月15日使用该机器时出现交流电断电的情况[SEP],null,使用该机器时出现交流电断电的情况,医护人员于2020年7月15日使用该机器时出现交流电断电的情况,产品原因（包括说明书等）,null,null,[CLS]null[SEP]使用该机器时出现交流电断电的情况[SEP]医护人员于2020年7月15日使用该机器时出现交流电断电的情况[SEP],使用该机器时出现交流电断电的情况,医护人员于2020年7月15日使用该机器时出现交流电断电的情况,1由于电源模块是手工焊接存在虚焊的可能且此种现象不易检查随着产品长期使用而显现2跟踪同期投入使用以及过往的产品没有出现类似故障判断该现象属于生产过程中的偶发不良发生概率极低
140652811202011087,其他,[CLS]故障类不良事件设备不够用导致耽误治疗[SEP]注射器推杆推头断裂[SEP]于2020年10月15日CCU护士把故障注射泵自行送到设备科维修室要求尽快维修设备科工程师通过检修发现注射泵推杆推头断裂无法正常注射药物使用塑料专用胶水凝固粘贴后恢复正常状态[SEP],故障类不良事件设备不够用导致耽误治疗,注射器推杆推头断裂,于2020年10月15日CCU护士把故障注射泵自行送到设备科维修室要求尽快维修设备科工程师通过检修发现注射泵推杆推头断裂无法正常注射药物使用塑料专用胶水凝固粘贴后恢复正常状态,无法确定,可能设备老化或者操作不当引起断裂,故障类不良事件设备不够用导致耽误治疗,[CLS]故障类不良事件设备不够用导致耽误治疗[SEP]注射器推杆推头断裂[SEP]于2020年10月15日CCU护士把故障注射泵自行送到设备科维修室要求尽快维修设备科工程师通过检修发现注射泵推杆推头断裂无法正常注射药物使用塑料专用胶水凝固粘贴后恢复正常状态[SEP],注射器推杆推头断裂,于2020年10月15日CCU护士把故障注射泵自行送到设备科维修室要求尽快维修设备科工程师通过检修发现注射泵推杆推头断裂无法正常注射药物使用塑料专用胶水凝固粘贴后恢复正常状态,由于设备在医院已使用近7年属于超预期使用状态使用时存在旋转方向错误的情况导致压柄断裂
140654500202011156,其他,[CLS]null[SEP]D1016_电路故障[SEP]使用中黑屏自动关机[SEP],null,D1016_电路故障,使用中黑屏自动关机,产品原因（包括说明书等）,电源充电电路故障,null,[CLS]null[SEP]D1016_电路故障[SEP]使用中黑屏自动关机[SEP],D1016_电路故障,使用中黑屏自动关机,1经过拆机检查发现电源板焊盘脱焊2产品年限超预期使用导致电源老化发生故障非设计缺陷导致
140650105202011054,其他,[CLS]未对患者及他人造成任何伤害[SEP]注射器推杆手柄夹子断裂[SEP]安装注射器时推杆手柄夹子断裂[SEP],未对患者及他人造成任何伤害,注射器推杆手柄夹子断裂,安装注射器时推杆手柄夹子断裂,产品原因（包括说明书等）,长期使用推杆手柄夹子老化另外夹子未塑料制品易碎属于塑料夹子制造批次,未对患者及他人造成任何伤害,[CLS]未对患者及他人造成任何伤害[SEP]注射器推杆手柄夹子断裂[SEP]安装注射器时推杆手柄夹子断裂[SEP],注射器推杆手柄夹子断裂,安装注射器时推杆手柄夹子断裂,1通过实验使用ABS硬塑料内嵌金属预埋件材质制作的捏柄在经过数万次疲劳寿命测试可能会出现开裂现象在ABS中增加适量玻纤再按相同工艺制作捏柄做对比实验没有出现开裂现象2考虑设备已在医院使用6年多推测应该是原先使用的ABS硬塑料内嵌金属预埋件材质强度不够造成捏柄开裂
120740324202011070,其他,[CLS]null[SEP]连接电源状态下仍显示电压低充不进电[SEP]使用时连接电源状态下仍显示电压低充不进电[SEP],null,连接电源状态下仍显示电压低充不进电,使用时连接电源状态下仍显示电压低充不进电,无法确定,null,null,[CLS]null[SEP]连接电源状态下仍显示电压低充不进电[SEP]使用时连接电源状态下仍显示电压低充不进电[SEP],连接电源状态下仍显示电压低充不进电,使用时连接电源状态下仍显示电压低充不进电,由于此台设备已在医院使用近9年处于超预期寿命使用状态设备的交流电源供电装置老化故障不能正常导通因此设备无法正常连接交流电源
125370800202011106,其他,[CLS]影响病人正常治疗[SEP]注射泵异常报警[SEP]病人因急性心肌梗死住院治疗遵医嘱用输液泵精准输液2020年8月27日护士1900巡视病房发现病人正在使用的注射泵异常报警检查调整输液器放置正确故障仍不能排除立即更换新的输液泵继续为患者治疗故障机器报设备科维修[SEP],影响病人正常治疗,注射泵异常报警,病人因急性心肌梗死住院治疗遵医嘱用输液泵精准输液2020年8月27日护士1900巡视病房发现病人正在使用的注射泵异常报警检查调整输液器放置正确故障仍不能排除立即更换新的输液泵继续为患者治疗故障机器报设备科维修,产品原因（包括说明书等）,产品故障,影响病人正常治疗,[CLS]影响病人正常治疗[SEP]注射泵异常报警[SEP]病人因急性心肌梗死住院治疗遵医嘱用输液泵精准输液2020年8月27日护士1900巡视病房发现病人正在使用的注射泵异常报警检查调整输液器放置正确故障仍不能排除立即更换新的输液泵继续为患者治疗故障机器报设备科维修[SEP],注射泵异常报警,病人因急性心肌梗死住院治疗遵医嘱用输液泵精准输液2020年8月27日护士1900巡视病房发现病人正在使用的注射泵异常报警检查调整输液器放置正确故障仍不能排除立即更换新的输液泵继续为患者治疗故障机器报设备科维修,1经拆机检查发现故障发生的原因是传递该信号的FPC连接线磨损造成检测信号中断从而引发报警2造成传感器连接线损坏的原因可能是由于连接线没有安装到位与其他部件发生频繁摩擦导致磨损
125370909202011254,其他,[CLS]null[SEP]固定座不能使用[SEP]2020年9月20号8点44分因阵发性胸闷憋喘2天入心内科一区9月20号9点00分给予09NS50ml喘啶500mg静脉泵入时发现注射泵的固定座不能使用的现象9月20号9点05分给予更换注射泵产生满意的效果[SEP],null,固定座不能使用,2020年9月20号8点44分因阵发性胸闷憋喘2天入心内科一区9月20号9点00分给予09NS50ml喘啶500mg静脉泵入时发现注射泵的固定座不能使用的现象9月20号9点05分给予更换注射泵产生满意的效果,无法确定,null,null,[CLS]null[SEP]固定座不能使用[SEP]2020年9月20号8点44分因阵发性胸闷憋喘2天入心内科一区9月20号9点00分给予09NS50ml喘啶500mg静脉泵入时发现注射泵的固定座不能使用的现象9月20号9点05分给予更换注射泵产生满意的效果[SEP],固定座不能使用,2020年9月20号8点44分因阵发性胸闷憋喘2天入心内科一区9月20号9点00分给予09NS50ml喘啶500mg静脉泵入时发现注射泵的固定座不能使用的现象9月20号9点05分给予更换注射泵产生满意的效果,人为原因造成注射泵跌落导致注塑的紧固夹旋钮损坏
118230400202012135,其他,[CLS]无[SEP]null[SEP]静推过程中无法识别注射器机器一直报警[SEP],无,null,静推过程中无法识别注射器机器一直报警,产品原因（包括说明书等）,null,无,[CLS]无[SEP]null[SEP]静推过程中无法识别注射器机器一直报警[SEP],null,静推过程中无法识别注射器机器一直报警,由于此台注射泵已在医院使用超过7年处于超预期寿命使用状态注射泵前壳的压柄处因长期使用老化开裂导致注射泵识别功能失效
113130105202011069,其他,[CLS]null[SEP]微量注射泵不能开机[SEP]给患者使用微量注射泵进行扩血管药物治疗时微量泵接通电源后不能正常开机[SEP],null,微量注射泵不能开机,给患者使用微量注射泵进行扩血管药物治疗时微量泵接通电源后不能正常开机,产品原因（包括说明书等）,null,null,[CLS]null[SEP]微量注射泵不能开机[SEP]给患者使用微量注射泵进行扩血管药物治疗时微量泵接通电源后不能正常开机[SEP],微量注射泵不能开机,给患者使用微量注射泵进行扩血管药物治疗时微量泵接通电源后不能正常开机,由于此台设备已在医院使用9年处于超预期使用状态因设备老化及维护保养不足按键操作面板进水导致开机键损坏无法开机
125371101202011466,严重伤害,[CLS]定时定量不准确可能耽误病人治疗造成伤害影响病人恢复[SEP]注射泵报警完成注射定时定量不准确[SEP]20201211病人因脑出血在ICU住院再给病人用注射泵推送药物时发现机器报警输液完毕经检查发现实际药物未全部注射如没及时发现可能耽误病人治疗恢复造成伤害联系设备科维修并更换其他注射泵进行治疗[SEP],定时定量不准确可能耽误病人治疗造成伤害影响病人恢复,注射泵报警完成注射定时定量不准确,20201211病人因脑出血在ICU住院再给病人用注射泵推送药物时发现机器报警输液完毕经检查发现实际药物未全部注射如没及时发现可能耽误病人治疗恢复造成伤害联系设备科维修并更换其他注射泵进行治疗,产品原因（包括说明书等）,泵电机故障机器内部位置电位器故障,定时定量不准确可能耽误病人治疗造成伤害影响病人恢复,[CLS]定时定量不准确可能耽误病人治疗造成伤害影响病人恢复[SEP]注射泵报警完成注射定时定量不准确[SEP]20201211病人因脑出血在ICU住院再给病人用注射泵推送药物时发现机器报警输液完毕经检查发现实际药物未全部注射如没及时发现可能耽误病人治疗恢复造成伤害联系设备科维修并更换其他注射泵进行治疗[SEP],注射泵报警完成注射定时定量不准确,20201211病人因脑出血在ICU住院再给病人用注射泵推送药物时发现机器报警输液完毕经检查发现实际药物未全部注射如没及时发现可能耽误病人治疗恢复造成伤害联系设备科维修并更换其他注射泵进行治疗,1由于该设备已在医院使用7年处于超预期使用状态因设备缺乏必要的维护保养设备本身校准的注射器参数发生偏移导致流速过快2该不良事件后果不符合严重伤害的定义应为其它
113740457202000167,其他,[CLS]影响患者使用[SEP]注射器卡口按钮断裂[SEP]护士在准备给患者使用注射泵泵入药物时捏下注射器卡扣按钮随后断裂送修器械科更换新注射器卡口按钮[SEP],影响患者使用,注射器卡口按钮断裂,护士在准备给患者使用注射泵泵入药物时捏下注射器卡扣按钮随后断裂送修器械科更换新注射器卡口按钮,产品原因（包括说明书等）,注射器卡口按钮损坏,影响患者使用,[CLS]影响患者使用[SEP]注射器卡口按钮断裂[SEP]护士在准备给患者使用注射泵泵入药物时捏下注射器卡扣按钮随后断裂送修器械科更换新注射器卡口按钮[SEP],注射器卡口按钮断裂,护士在准备给患者使用注射泵泵入药物时捏下注射器卡扣按钮随后断裂送修器械科更换新注射器卡口按钮,由于设备已在医院使用9年属于超预期使用状态可能是长期频繁使用加速老化导致捏柄损坏
128431800202011586,其他,[CLS]无[SEP]null[SEP]错误报警[SEP],无,null,错误报警,产品原因（包括说明书等）,错误报警,无,[CLS]无[SEP]null[SEP]错误报警[SEP],null,错误报警,1设备对于注射器的识别功能与校准参数和系统内部参数都有关当校准参数与系统参数出现较大偏差时会出现注射器识别错误2经过售后工程师检测判定是校准参数与系统参数不一致导致
116210200202011403,其他,[CLS]影响治疗[SEP]给患者注射药物时突然报警无法正常使用[SEP]给患者注射药物时突然报警无法正常使用立即更换其他机器[SEP],影响治疗,给患者注射药物时突然报警无法正常使用,给患者注射药物时突然报警无法正常使用立即更换其他机器,产品原因（包括说明书等）,null,影响治疗,[CLS]影响治疗[SEP]给患者注射药物时突然报警无法正常使用[SEP]给患者注射药物时突然报警无法正常使用立即更换其他机器[SEP],给患者注射药物时突然报警无法正常使用,给患者注射药物时突然报警无法正常使用立即更换其他机器,1经拆机检查发现长电位器和主板连线的插头松动2由于设备已在医院使用8年属于超预期使用状态设备在科室长时间使用或移动可能因振动或碰撞导致连接线插头松动
129441906202011202,其他,[CLS]null[SEP]恒速输液过程中注射泵屏幕闪烁[SEP]20201122日下午4时护士给病人用注射泵进行输液恒速输液过程中注射泵屏幕闪烁无法正常使用后立即更换另一台注射泵继续进行输液[SEP],null,恒速输液过程中注射泵屏幕闪烁,20201122日下午4时护士给病人用注射泵进行输液恒速输液过程中注射泵屏幕闪烁无法正常使用后立即更换另一台注射泵继续进行输液,"无法确定,产品原因（包括说明书等）",可能由于设备接触不良或其他原因,null,[CLS]null[SEP]恒速输液过程中注射泵屏幕闪烁[SEP]20201122日下午4时护士给病人用注射泵进行输液恒速输液过程中注射泵屏幕闪烁无法正常使用后立即更换另一台注射泵继续进行输液[SEP],恒速输液过程中注射泵屏幕闪烁,20201122日下午4时护士给病人用注射泵进行输液恒速输液过程中注射泵屏幕闪烁无法正常使用后立即更换另一台注射泵继续进行输液,怀疑设备在使用时转运过程中出现磕碰造成显示屏与主控板连接松动导致显示屏闪烁
140650110202011151,其他,[CLS]无法正常使用[SEP]注射器尾夹断裂[SEP]护士早交接班时发现注射泵尾夹部分断裂导致无法固定注射器更换备用机后通知设备科工程师维护[SEP],无法正常使用,注射器尾夹断裂,护士早交接班时发现注射泵尾夹部分断裂导致无法固定注射器更换备用机后通知设备科工程师维护,无法确定,可能碰撞导致也可能尾夹塑料老化导致断裂,无法正常使用,[CLS]无法正常使用[SEP]注射器尾夹断裂[SEP]护士早交接班时发现注射泵尾夹部分断裂导致无法固定注射器更换备用机后通知设备科工程师维护[SEP],注射器尾夹断裂,护士早交接班时发现注射泵尾夹部分断裂导致无法固定注射器更换备用机后通知设备科工程师维护,由于该设备在医院使用7年超过说明书提示的约三年的使用寿命使用期限见附件说明书内容长期频繁使用捏柄导致该部件磨损断裂
137740347202011181,其他,[CLS]不能正常使用[SEP]输液泵液体残留液过多就报警[SEP]2020年11月15日为患儿输液时使用注射泵注射泵里有大约4ml液体时注射泵就报警输液完毕导致残余4ml无法输入需要人工缓慢推入剩余药液输完液体[SEP],不能正常使用,输液泵液体残留液过多就报警,2020年11月15日为患儿输液时使用注射泵注射泵里有大约4ml液体时注射泵就报警输液完毕导致残余4ml无法输入需要人工缓慢推入剩余药液输完液体,"无法确定,产品原因（包括说明书等）",设备故障,不能正常使用,[CLS]不能正常使用[SEP]输液泵液体残留液过多就报警[SEP]2020年11月15日为患儿输液时使用注射泵注射泵里有大约4ml液体时注射泵就报警输液完毕导致残余4ml无法输入需要人工缓慢推入剩余药液输完液体[SEP],输液泵液体残留液过多就报警,2020年11月15日为患儿输液时使用注射泵注射泵里有大约4ml液体时注射泵就报警输液完毕导致残余4ml无法输入需要人工缓慢推入剩余药液输完液体,由于设备已在医院使用5年属于超预期使用状态因缺乏必要的维护保养设备本身校准的注射器参数发生偏移医护人员使用前未及时校准导致残余量大
127740354202011187,其他,[CLS]null[SEP]报警不工作[SEP]报警不工作[SEP],null,报警不工作,报警不工作,无法确定,null,null,[CLS]null[SEP]报警不工作[SEP]报警不工作[SEP],报警不工作,报警不工作,该设备已在医院使用近7年属于超预期使用状态使用期限见附件说明书内容设备排线松动
127740353202011141,其他,[CLS]null[SEP]微量泵捏柄断裂不能自由分合导致微量泵的拉杆无法伸缩机器无法工作[SEP]微量泵捏柄断裂不能自由分合导致微量泵的拉杆无法伸缩机器无法工作[SEP],null,微量泵捏柄断裂不能自由分合导致微量泵的拉杆无法伸缩机器无法工作,微量泵捏柄断裂不能自由分合导致微量泵的拉杆无法伸缩机器无法工作,产品原因（包括说明书等）,微量泵捏柄老化导致捏柄断裂不能自由分合致使微量泵的拉杆无法伸缩机器无法工作,null,[CLS]null[SEP]微量泵捏柄断裂不能自由分合导致微量泵的拉杆无法伸缩机器无法工作[SEP]微量泵捏柄断裂不能自由分合导致微量泵的拉杆无法伸缩机器无法工作[SEP],微量泵捏柄断裂不能自由分合导致微量泵的拉杆无法伸缩机器无法工作,微量泵捏柄断裂不能自由分合导致微量泵的拉杆无法伸缩机器无法工作,由于产品已在医院使用7年处于超预期寿命使用状态捏柄长期频繁使用老化故障
127420105202011274,其他,[CLS]无[SEP]准备进行定点药物治疗前发现威高注射泵不能使用仪器开机后报仪器故障立即跟换微量泵[SEP]准备进行定点药物治疗前发现威高注射泵不能使用仪器开机后报仪器故障立即跟换微量泵[SEP],无,准备进行定点药物治疗前发现威高注射泵不能使用仪器开机后报仪器故障立即跟换微量泵,准备进行定点药物治疗前发现威高注射泵不能使用仪器开机后报仪器故障立即跟换微量泵,"产品原因（包括说明书等）,操作原因,无法确定",准备进行定点药物治疗前发现威高注射泵不能使用仪器开机后报仪器故障立即跟换微量泵,无,[CLS]无[SEP]准备进行定点药物治疗前发现威高注射泵不能使用仪器开机后报仪器故障立即跟换微量泵[SEP]准备进行定点药物治疗前发现威高注射泵不能使用仪器开机后报仪器故障立即跟换微量泵[SEP],准备进行定点药物治疗前发现威高注射泵不能使用仪器开机后报仪器故障立即跟换微量泵,准备进行定点药物治疗前发现威高注射泵不能使用仪器开机后报仪器故障立即跟换微量泵,1经拆机检查发现是负责传递离合检测信号的FPC线损坏损坏后造成检测信号中断发生报警2因为FPC线成扁平状且会随着注射泵推杆的推拉在注射泵内部来回移动所以分析其损坏的原因可能是由于线束整体厚度偏薄在移动过程中位置发生了偏移从而与其他器件发生刮擦导致磨损
137610400202011594,其他,[CLS]无[SEP]微量泵B通道不运行[SEP]白班患者血压低遵医嘱使用多巴胺微量泵入B通道界面显示运行正常1小时后复测血压仍低查看注射器中药液未减少立即为患者更换微量泵泵入患者血压升至正常将此微量泵送设备科维修[SEP],无,微量泵B通道不运行,白班患者血压低遵医嘱使用多巴胺微量泵入B通道界面显示运行正常1小时后复测血压仍低查看注射器中药液未减少立即为患者更换微量泵泵入患者血压升至正常将此微量泵送设备科维修,产品原因（包括说明书等）,微量泵B通道无法工作,无,[CLS]无[SEP]微量泵B通道不运行[SEP]白班患者血压低遵医嘱使用多巴胺微量泵入B通道界面显示运行正常1小时后复测血压仍低查看注射器中药液未减少立即为患者更换微量泵泵入患者血压升至正常将此微量泵送设备科维修[SEP],微量泵B通道不运行,白班患者血压低遵医嘱使用多巴胺微量泵入B通道界面显示运行正常1小时后复测血压仍低查看注射器中药液未减少立即为患者更换微量泵泵入患者血压升至正常将此微量泵送设备科维修,1拆机检查发现长电位器插头松动松动原因可能是由于设备在医院长期使用已使用9年属于超预期使用状态转运过程中受到外力碰撞导致内部长电位器插头松动2长电位器是一种行程传感器与注射泵实际能否向前运行推注药物有关其插头松动会导致接触不良设备无法推注药物
125370612202011429,其他,[CLS]无[SEP]通道不工作[SEP]20201221患者因心功能Ⅲ级高血压病贫血来院治疗护士遵医嘱给病人静脉泵入药物发现微量泵通道不工作调整无效立即更换注射泵重新为病人输液[SEP],无,通道不工作,20201221患者因心功能Ⅲ级高血压病贫血来院治疗护士遵医嘱给病人静脉泵入药物发现微量泵通道不工作调整无效立即更换注射泵重新为病人输液,产品原因（包括说明书等）,微量泵损坏,无,[CLS]无[SEP]通道不工作[SEP]20201221患者因心功能Ⅲ级高血压病贫血来院治疗护士遵医嘱给病人静脉泵入药物发现微量泵通道不工作调整无效立即更换注射泵重新为病人输液[SEP],通道不工作,20201221患者因心功能Ⅲ级高血压病贫血来院治疗护士遵医嘱给病人静脉泵入药物发现微量泵通道不工作调整无效立即更换注射泵重新为病人输液,1由于设备在医院已使用7年属于超预期寿命使用状态长时间运行长电位器插头松动导致信号中断无法启动运行
128431800202011592,其他,[CLS]无[SEP]null[SEP]推杆坏[SEP],无,null,推杆坏,产品原因（包括说明书等）,推杆坏,无,[CLS]无[SEP]null[SEP]推杆坏[SEP],null,推杆坏,由于设备已在医院使用7年属于超预期使用状态设备长期使用齿轮间润滑油逐渐缺失影响机械件之间的配合顺畅导致部件回弹无法到位使注射器推杆尾部的注射器夹不能正常打开
120320307202011357,其他,[CLS]无[SEP]开机压力报警[SEP]护士开机后发现压力报警[SEP],无,开机压力报警,护士开机后发现压力报警,产品原因（包括说明书等）,压力传感器故障,无,[CLS]无[SEP]开机压力报警[SEP]护士开机后发现压力报警[SEP],开机压力报警,护士开机后发现压力报警,1经过拆机检查发现压力传感器出现故障造成误报警2由于此台注射泵已在医院使用7年处于超预期使用状态压力传感器因老化而发生故障
120320307202011356,其他,[CLS]无[SEP]返回键不灵敏[SEP]护士接好管路调好参数后准备使用发现无法使用确认键[SEP],无,返回键不灵敏,护士接好管路调好参数后准备使用发现无法使用确认键,产品原因（包括说明书等）,按键失灵,无,[CLS]无[SEP]返回键不灵敏[SEP]护士接好管路调好参数后准备使用发现无法使用确认键[SEP],返回键不灵敏,护士接好管路调好参数后准备使用发现无法使用确认键,由于设备处于超预期使用状态确认键在长期多次的使用过程中已达到了设计使用寿命因此失灵
125370612202011398,其他,[CLS]无[SEP]注射泵不工作报警[SEP]20201214患者因脑出血入院治疗在为患者使用注射泵进行输液时调好流速开始后注射泵不能正常输液报警堵塞立即更换注射泵无上述现象发生[SEP],无,注射泵不工作报警,20201214患者因脑出血入院治疗在为患者使用注射泵进行输液时调好流速开始后注射泵不能正常输液报警堵塞立即更换注射泵无上述现象发生,产品原因（包括说明书等）,质量原因,无,[CLS]无[SEP]注射泵不工作报警[SEP]20201214患者因脑出血入院治疗在为患者使用注射泵进行输液时调好流速开始后注射泵不能正常输液报警堵塞立即更换注射泵无上述现象发生[SEP],注射泵不工作报警,20201214患者因脑出血入院治疗在为患者使用注射泵进行输液时调好流速开始后注射泵不能正常输液报警堵塞立即更换注射泵无上述现象发生,由于设备已在医院使用8年属于超预期使用状态长期使用导致设备内部压力值出现偏差引发报警
124361000202011016,其他,[CLS]不规则或偶发故障[SEP]机器报警不规则或偶发故障[SEP]该产品在使用过程中不规则或偶发故障经检查发现内部感应器断了重新胶固[SEP],不规则或偶发故障,机器报警不规则或偶发故障,该产品在使用过程中不规则或偶发故障经检查发现内部感应器断了重新胶固,产品原因（包括说明书等）,null,不规则或偶发故障,[CLS]不规则或偶发故障[SEP]机器报警不规则或偶发故障[SEP]该产品在使用过程中不规则或偶发故障经检查发现内部感应器断了重新胶固[SEP],机器报警不规则或偶发故障,该产品在使用过程中不规则或偶发故障经检查发现内部感应器断了重新胶固,由于设备已在医院使用7年处于超预期使用状态怀疑是转运过程中受到外力影响导致插头松动造成信号接触不良从而引发报警
125371806202011468,其他,[CLS]null[SEP]注射器压柄断裂[SEP]提拉压柄更换注射器时压柄断裂[SEP],null,注射器压柄断裂,提拉压柄更换注射器时压柄断裂,产品原因（包括说明书等）,null,null,[CLS]null[SEP]注射器压柄断裂[SEP]提拉压柄更换注射器时压柄断裂[SEP],注射器压柄断裂,提拉压柄更换注射器时压柄断裂,分析可能是压柄受到外力撞击或未按操作提示使用导致损坏
125371806202011469,其他,[CLS]null[SEP]当注射器中药量还剩接近5ml时设备报警注射器未顶紧药物不再输注[SEP]设备使用过程中当注射器中药量还剩接近5ml时设备报警注射器未顶紧药物不再输注[SEP],null,当注射器中药量还剩接近5ml时设备报警注射器未顶紧药物不再输注,设备使用过程中当注射器中药量还剩接近5ml时设备报警注射器未顶紧药物不再输注,产品原因（包括说明书等）,null,null,[CLS]null[SEP]当注射器中药量还剩接近5ml时设备报警注射器未顶紧药物不再输注[SEP]设备使用过程中当注射器中药量还剩接近5ml时设备报警注射器未顶紧药物不再输注[SEP],当注射器中药量还剩接近5ml时设备报警注射器未顶紧药物不再输注,设备使用过程中当注射器中药量还剩接近5ml时设备报警注射器未顶紧药物不再输注,1经拆机检查发现内部传递检测信号的线束发生破损导致信号传递异常引发报警2怀疑线束在设备内部受到摩擦导致破损
125371806202011229,其他,[CLS]null[SEP]设备开机报系统故障并注射器推杆座手持操作部位断裂[SEP]准备给患者使用注射泵时开机报系统故障注射器推杆座手持操作部位断裂[SEP],null,设备开机报系统故障并注射器推杆座手持操作部位断裂,准备给患者使用注射泵时开机报系统故障注射器推杆座手持操作部位断裂,产品原因（包括说明书等）,产品质量问题,null,[CLS]null[SEP]设备开机报系统故障并注射器推杆座手持操作部位断裂[SEP]准备给患者使用注射泵时开机报系统故障注射器推杆座手持操作部位断裂[SEP],设备开机报系统故障并注射器推杆座手持操作部位断裂,准备给患者使用注射泵时开机报系统故障注射器推杆座手持操作部位断裂,1拆机检查时发现电机转动时运行模块中的两个部件发生碰撞导致运行异常出现系统故障1报警2经过疲劳测试发现使用ABS硬塑料内嵌金属预埋件材质制作的捏柄在经过数万次捏合后可能会出现开裂现象在ABS中增加适量玻纤再按相同工艺制作捏柄做对比实验没有出现开裂现象推测ABS硬塑料内嵌金属预埋件材质强度不够造成捏柄开裂
137610400202011596,其他,[CLS]无[SEP]泵速不符合设定[SEP]患者在使用微量泵过程中泵入得泵速与预设量不相符使用微量泵的目的主要是控制速度泵速过快或过慢都会对患者病情的造成影响发现异常后立即更换1台微量泵使用[SEP],无,泵速不符合设定,患者在使用微量泵过程中泵入得泵速与预设量不相符使用微量泵的目的主要是控制速度泵速过快或过慢都会对患者病情的造成影响发现异常后立即更换1台微量泵使用,无法确定,可能是泵的马达的问题,无,[CLS]无[SEP]泵速不符合设定[SEP]患者在使用微量泵过程中泵入得泵速与预设量不相符使用微量泵的目的主要是控制速度泵速过快或过慢都会对患者病情的造成影响发现异常后立即更换1台微量泵使用[SEP],泵速不符合设定,患者在使用微量泵过程中泵入得泵速与预设量不相符使用微量泵的目的主要是控制速度泵速过快或过慢都会对患者病情的造成影响发现异常后立即更换1台微量泵使用,经过检查发现注射泵对使用的注射器规格不匹配判断可能是未使用该款注射器对注射泵进行校准导致注射泵内部没有记录该款注射器的相关参数引发注射速度偏快
125370604202011243,其他,[CLS]无[SEP]开机蜂鸣报警[SEP]2020年12月2日护士使用威高注射泵时开机报警未产生伤害通知设备科进行维修经工程师检查发现推头故障维修调试后恢复正常使用[SEP],无,开机蜂鸣报警,2020年12月2日护士使用威高注射泵时开机报警未产生伤害通知设备科进行维修经工程师检查发现推头故障维修调试后恢复正常使用,无法确定,推头故障,无,[CLS]无[SEP]开机蜂鸣报警[SEP]2020年12月2日护士使用威高注射泵时开机报警未产生伤害通知设备科进行维修经工程师检查发现推头故障维修调试后恢复正常使用[SEP],开机蜂鸣报警,2020年12月2日护士使用威高注射泵时开机报警未产生伤害通知设备科进行维修经工程师检查发现推头故障维修调试后恢复正常使用,由于该设备已处于超预期寿命使用状态设备部件已老化加上受到了外力的冲击更容易给设备造成伤害
125371100202011401,其他,[CLS]未对患者造成不良影响[SEP]自检不通过[SEP]2020年10月3日设备科工程师在每月设备巡检时发现单道注射泵不能正常开机自检程序不通过无法进行正常操作未对患者造成任何伤害立即安排维修[SEP],未对患者造成不良影响,自检不通过,2020年10月3日设备科工程师在每月设备巡检时发现单道注射泵不能正常开机自检程序不通过无法进行正常操作未对患者造成任何伤害立即安排维修,产品原因（包括说明书等）,传感器故障,未对患者造成不良影响,[CLS]未对患者造成不良影响[SEP]自检不通过[SEP]2020年10月3日设备科工程师在每月设备巡检时发现单道注射泵不能正常开机自检程序不通过无法进行正常操作未对患者造成任何伤害立即安排维修[SEP],自检不通过,2020年10月3日设备科工程师在每月设备巡检时发现单道注射泵不能正常开机自检程序不通过无法进行正常操作未对患者造成任何伤害立即安排维修,由于设备已处于超预期使用状态开机键因反复使用而老化故障导致不能开机
120321432202011039,其他,[CLS]无[SEP]注射泵开机屏闪下泵识别器断裂[SEP]注射泵在准备开机时发现开机屏闪无法正常使用[SEP],无,注射泵开机屏闪下泵识别器断裂,注射泵在准备开机时发现开机屏闪无法正常使用,无法确定,长期使用导致设备老化,无,[CLS]无[SEP]注射泵开机屏闪下泵识别器断裂[SEP]注射泵在准备开机时发现开机屏闪无法正常使用[SEP],注射泵开机屏闪下泵识别器断裂,注射泵在准备开机时发现开机屏闪无法正常使用,由于设备于2012年生产已在医院使用超过7年该注射泵寿命约为5年长期使用显示屏发生老化因此出现显示故障
125371801202011180,其他,[CLS]null[SEP]夹持注射器的夹子断裂[SEP]呼吸内科送来一台注射泵主诉在为患者静推药液时正常操作注射泵的夹子被捏断判断为注射泵夹子塑料太薄所致[SEP],null,夹持注射器的夹子断裂,呼吸内科送来一台注射泵主诉在为患者静推药液时正常操作注射泵的夹子被捏断判断为注射泵夹子塑料太薄所致,产品原因（包括说明书等）,注射泵夹子塑料太薄设计原因,null,[CLS]null[SEP]夹持注射器的夹子断裂[SEP]呼吸内科送来一台注射泵主诉在为患者静推药液时正常操作注射泵的夹子被捏断判断为注射泵夹子塑料太薄所致[SEP],夹持注射器的夹子断裂,呼吸内科送来一台注射泵主诉在为患者静推药液时正常操作注射泵的夹子被捏断判断为注射泵夹子塑料太薄所致,经实验发现目前使用的ABS硬塑料内嵌金属预埋件材质制作的捏柄在经过数万次捏合后可能会出现开裂现象在ABS中增加适量玻纤再按相同工艺制作捏柄做对比实验没有出现开裂现象分析是ABS硬塑料内嵌金属预埋件材质强度不够造成捏柄开裂
125371801202011202,其他,[CLS]null[SEP]夹持注射器的夹子断裂[SEP]注射泵在使用过程中夹持注射器的夹子断裂无法使用原因是夹子的材料塑料太薄长时间使用塑料老化所致[SEP],null,夹持注射器的夹子断裂,注射泵在使用过程中夹持注射器的夹子断裂无法使用原因是夹子的材料塑料太薄长时间使用塑料老化所致,产品原因（包括说明书等）,夹子塑料太薄老化,null,[CLS]null[SEP]夹持注射器的夹子断裂[SEP]注射泵在使用过程中夹持注射器的夹子断裂无法使用原因是夹子的材料塑料太薄长时间使用塑料老化所致[SEP],夹持注射器的夹子断裂,注射泵在使用过程中夹持注射器的夹子断裂无法使用原因是夹子的材料塑料太薄长时间使用塑料老化所致,1经疲劳测试我们发现使用ABS硬塑料内嵌金属预埋件材质制作的捏柄在经过数万次捏合后可能会出现开裂现象在ABS中增加适量玻纤再按相同工艺制作捏柄做对比实验没有出现开裂现象2根据以上实验结果分析是ABS硬塑料内嵌金属预埋件材质强度不够造成捏柄开裂
125371806202011201,其他,[CLS]null[SEP]注射泵推杆夹断裂[SEP]在准备给患者使用注射泵时往泵上安装注射器时发现推杆夹断裂设备无法使用[SEP],null,注射泵推杆夹断裂,在准备给患者使用注射泵时往泵上安装注射器时发现推杆夹断裂设备无法使用,产品原因（包括说明书等）,null,null,[CLS]null[SEP]注射泵推杆夹断裂[SEP]在准备给患者使用注射泵时往泵上安装注射器时发现推杆夹断裂设备无法使用[SEP],注射泵推杆夹断裂,在准备给患者使用注射泵时往泵上安装注射器时发现推杆夹断裂设备无法使用,经疲劳实验发现使用ABS硬塑料内嵌金属预埋件材质制作的捏柄在经过数万次捏合后可能会出现开裂现象在ABS中增加适量玻纤再按相同工艺制作捏柄做对比实验没有出现开裂现象分析可能是ABS硬塑料内嵌金属预埋件材质强度不够造成捏柄开裂
125371703202011167,其他,[CLS]无[SEP]无法固定输液器[SEP]2020年10月12日呼吸内一科医护人员为患者使用注射泵注射液体发现无法将输液器固定随即更换仪器[SEP],无,无法固定输液器,2020年10月12日呼吸内一科医护人员为患者使用注射泵注射液体发现无法将输液器固定随即更换仪器,产品原因（包括说明书等）,输液器固定夹断裂,无,[CLS]无[SEP]无法固定输液器[SEP]2020年10月12日呼吸内一科医护人员为患者使用注射泵注射液体发现无法将输液器固定随即更换仪器[SEP],无法固定输液器,2020年10月12日呼吸内一科医护人员为患者使用注射泵注射液体发现无法将输液器固定随即更换仪器,1经过疲劳测试我们发现使用ABS硬塑料内嵌金属预埋件材质制作的捏柄在经过数万次捏合后可能会出现开裂现象然后我们在ABS中增加适量玻纤再按相同工艺制作捏柄做对比实验没有出现开裂现象2考虑设备已在医院使用3年多分析应该是ABS硬塑料内嵌金属预埋件材质强度不够造成捏柄开裂
140654500202011335,其他,[CLS]延误病人治疗[SEP]使用康德莱50ml注射器时脱落报警无法识别[SEP]2020年10月18日我院淋巴瘤内科在病人化疗完后将使用微量泵给病人注射氯化钾使用山东威高微量注射泵型号为WGS1011使用注射器为康德莱50ml注射器在放入注射器以及开机后设备不能设别到注射器的规格因此报警脱落不能正常给病人注射药液延误病人的治疗时机在发生此事件后护士立刻使用其他品牌型号注射泵为病人继续治疗且报修医学工程科[SEP],延误病人治疗,使用康德莱50ml注射器时脱落报警无法识别,2020年10月18日我院淋巴瘤内科在病人化疗完后将使用微量泵给病人注射氯化钾使用山东威高微量注射泵型号为WGS1011使用注射器为康德莱50ml注射器在放入注射器以及开机后设备不能设别到注射器的规格因此报警脱落不能正常给病人注射药液延误病人的治疗时机在发生此事件后护士立刻使用其他品牌型号注射泵为病人继续治疗且报修医学工程科,无法确定,康德莱注射器为防止针管根部断裂加粗了根部的厚度导致注射泵无法识别注射器规格因其他注射泵均能识别注射器规格所以注射泵设计存在相关问题,延误病人治疗,[CLS]延误病人治疗[SEP]使用康德莱50ml注射器时脱落报警无法识别[SEP]2020年10月18日我院淋巴瘤内科在病人化疗完后将使用微量泵给病人注射氯化钾使用山东威高微量注射泵型号为WGS1011使用注射器为康德莱50ml注射器在放入注射器以及开机后设备不能设别到注射器的规格因此报警脱落不能正常给病人注射药液延误病人的治疗时机在发生此事件后护士立刻使用其他品牌型号注射泵为病人继续治疗且报修医学工程科[SEP],使用康德莱50ml注射器时脱落报警无法识别,2020年10月18日我院淋巴瘤内科在病人化疗完后将使用微量泵给病人注射氯化钾使用山东威高微量注射泵型号为WGS1011使用注射器为康德莱50ml注射器在放入注射器以及开机后设备不能设别到注射器的规格因此报警脱落不能正常给病人注射药液延误病人的治疗时机在发生此事件后护士立刻使用其他品牌型号注射泵为病人继续治疗且报修医学工程科,由于该设备处于超预期使用在医院频繁使用没有进行定期维护及校准导致不能识别注射器因而未能正常启动运行
125371101202011175,其他,[CLS]进药快伤害无法预期[SEP]注射泵推药快[SEP]2020年8月2日邢连华因消化道疾病在消化病房住院在使用注射泵时护士发现输液较快经过一系列调整问题仍未解决立即更换设备并报设备科维修未对患者造成伤害[SEP],进药快伤害无法预期,注射泵推药快,2020年8月2日邢连华因消化道疾病在消化病房住院在使用注射泵时护士发现输液较快经过一系列调整问题仍未解决立即更换设备并报设备科维修未对患者造成伤害,产品原因（包括说明书等）,怀疑设备系统故障或主板故障发厂家维修,进药快伤害无法预期,[CLS]进药快伤害无法预期[SEP]注射泵推药快[SEP]2020年8月2日邢连华因消化道疾病在消化病房住院在使用注射泵时护士发现输液较快经过一系列调整问题仍未解决立即更换设备并报设备科维修未对患者造成伤害[SEP],注射泵推药快,2020年8月2日邢连华因消化道疾病在消化病房住院在使用注射泵时护士发现输液较快经过一系列调整问题仍未解决立即更换设备并报设备科维修未对患者造成伤害,由于设备已在医院使用超过6年属于超预期使用状态因缺乏必要的维护保养设备本身校准的注射器参数发生偏移导致流速过快
127740353202011055,其他,[CLS]null[SEP]注射泵拉杆夹子损坏无法夹住注射器[SEP]注射泵拉杆夹子损坏无法夹住注射器[SEP],null,注射泵拉杆夹子损坏无法夹住注射器,注射泵拉杆夹子损坏无法夹住注射器,产品原因（包括说明书等）,注射泵拉杆夹子根部是塑料的老化损坏,null,[CLS]null[SEP]注射泵拉杆夹子损坏无法夹住注射器[SEP]注射泵拉杆夹子损坏无法夹住注射器[SEP],注射泵拉杆夹子损坏无法夹住注射器,注射泵拉杆夹子损坏无法夹住注射器,由于设备已在医院使用超过6年属于超预期使用状态可能是长期频繁使用导致捏柄老化
127420102202011261,其他,[CLS]无[SEP]null[SEP]使用设备时无反应经厂家工程师检测为电源损坏[SEP],无,null,使用设备时无反应经厂家工程师检测为电源损坏,无法确定,null,无,[CLS]无[SEP]null[SEP]使用设备时无反应经厂家工程师检测为电源损坏[SEP],null,使用设备时无反应经厂家工程师检测为电源损坏,1由于该设备已在医院使用超过6年处于超预期使用状态设备前壳压柄因长期使用磨损导致开裂2此台注射泵为2014年前生产属于前壳压柄导向柱变更前2016年的产品此处压柄部位全部由硬塑料注塑而成使用强度上有所欠缺
125371101202011179,其他,[CLS]无[SEP]不开机[SEP]2020年7月28日孙有才因甲状腺结节来我院内分泌住院治疗在使用注射泵时设备无法开机影响患者治疗过程立即更换设备并报设备科维修未对患者造成伤害[SEP],无,不开机,2020年7月28日孙有才因甲状腺结节来我院内分泌住院治疗在使用注射泵时设备无法开机影响患者治疗过程立即更换设备并报设备科维修未对患者造成伤害,产品原因（包括说明书等）,电源线损坏,无,[CLS]无[SEP]不开机[SEP]2020年7月28日孙有才因甲状腺结节来我院内分泌住院治疗在使用注射泵时设备无法开机影响患者治疗过程立即更换设备并报设备科维修未对患者造成伤害[SEP],不开机,2020年7月28日孙有才因甲状腺结节来我院内分泌住院治疗在使用注射泵时设备无法开机影响患者治疗过程立即更换设备并报设备科维修未对患者造成伤害,经过调查应是与其他设备混用电源线导致电源短路无法正常供电
125370701202011136,其他,[CLS]无[SEP]微量注射泵的固定夹从根部断裂无法修复[SEP]2020年07月28日上午0956器械科接到泌尿脑外科报修电话称科室内微量注射泵的固定夹断了工程师到科室内查看设备发现微量泵固定注射器推杆的固定夹有一半从根部断裂完全无法修复只能更换配件经过询问得知操作护士并未存在过度用力现象常规操作的情况下该部位不应该有断裂建议生产厂家对该部位进行加固或者更换材料加以改进目前该泵已更换配件维修好可正常使用[SEP],无,微量注射泵的固定夹从根部断裂无法修复,2020年07月28日上午0956器械科接到泌尿脑外科报修电话称科室内微量注射泵的固定夹断了工程师到科室内查看设备发现微量泵固定注射器推杆的固定夹有一半从根部断裂完全无法修复只能更换配件经过询问得知操作护士并未存在过度用力现象常规操作的情况下该部位不应该有断裂建议生产厂家对该部位进行加固或者更换材料加以改进目前该泵已更换配件维修好可正常使用,产品原因（包括说明书等）,经过询问得知操作护士并未存在过度用力现象常规操作的情况下该部位不应该有断裂建议生产厂家对该部位进行加固或者更换材料加以改进目前该泵已更换配件维修好可正常使用,无,[CLS]无[SEP]微量注射泵的固定夹从根部断裂无法修复[SEP]2020年07月28日上午0956器械科接到泌尿脑外科报修电话称科室内微量注射泵的固定夹断了工程师到科室内查看设备发现微量泵固定注射器推杆的固定夹有一半从根部断裂完全无法修复只能更换配件经过询问得知操作护士并未存在过度用力现象常规操作的情况下该部位不应该有断裂建议生产厂家对该部位进行加固或者更换材料加以改进目前该泵已更换配件维修好可正常使用[SEP],微量注射泵的固定夹从根部断裂无法修复,2020年07月28日上午0956器械科接到泌尿脑外科报修电话称科室内微量注射泵的固定夹断了工程师到科室内查看设备发现微量泵固定注射器推杆的固定夹有一半从根部断裂完全无法修复只能更换配件经过询问得知操作护士并未存在过度用力现象常规操作的情况下该部位不应该有断裂建议生产厂家对该部位进行加固或者更换材料加以改进目前该泵已更换配件维修好可正常使用,1针对捏柄开裂的问题技术人员使用出现开裂现象的同类捏柄其材质为ABS硬塑料内嵌金属预埋件进行疲劳实验在经过数万次捏合后会出现开裂现象2将捏柄的注塑材质改为尼龙玻纤再按相同工艺制作捏柄做对比实验没有出现开裂现象3结论ABS硬塑料内嵌金属预埋件材质注塑的捏柄强度不够造成捏柄开裂
134523000202011082,其他,[CLS]null[SEP]尾夹断离[SEP]202007161000责任护士加药NS50ml氯化钾2g20mlh泵完药更换注射器时尾夹断离电话23233988报告设备科同时报告护士长科主任[SEP],null,尾夹断离,202007161000责任护士加药NS50ml氯化钾2g20mlh泵完药更换注射器时尾夹断离电话23233988报告设备科同时报告护士长科主任,产品原因（包括说明书等）,null,null,[CLS]null[SEP]尾夹断离[SEP]202007161000责任护士加药NS50ml氯化钾2g20mlh泵完药更换注射器时尾夹断离电话23233988报告设备科同时报告护士长科主任[SEP],尾夹断离,202007161000责任护士加药NS50ml氯化钾2g20mlh泵完药更换注射器时尾夹断离电话23233988报告设备科同时报告护士长科主任,经过分析和实验我们发现使用ABS硬塑料内嵌金属预埋件材质制作的捏柄在经过数万次捏合后可能会出现开裂现象然后我们改用尼龙玻纤再按相同工艺制作捏柄做对比实验没有出现开裂现象因此怀疑ABS硬塑料内嵌金属预埋件材质强度不够造成捏柄开裂
134523000202010066,其他,[CLS]null[SEP]注射泵尾夹断离[SEP]202007061600责任护士加药NS40ml奥美拉唑40mg8mlh更换注射器时注射泵尾夹断离电话7002报告设备科同时报告护士长科主任[SEP],null,注射泵尾夹断离,202007061600责任护士加药NS40ml奥美拉唑40mg8mlh更换注射器时注射泵尾夹断离电话7002报告设备科同时报告护士长科主任,产品原因（包括说明书等）,null,null,[CLS]null[SEP]注射泵尾夹断离[SEP]202007061600责任护士加药NS40ml奥美拉唑40mg8mlh更换注射器时注射泵尾夹断离电话7002报告设备科同时报告护士长科主任[SEP],注射泵尾夹断离,202007061600责任护士加药NS40ml奥美拉唑40mg8mlh更换注射器时注射泵尾夹断离电话7002报告设备科同时报告护士长科主任,经过分析和实验我们发现使用ABS硬塑料内嵌金属预埋件材质制作的捏柄在经过数万次捏合后可能会出现开裂现象研发工程师调整了注塑材料采用尼龙玻纤材质再按相同工艺制作捏柄做对比实验没有出现开裂现象因此怀疑ABS硬塑料内嵌金属预埋件材质强度不够造成捏柄开裂
134523000202011099,其他,[CLS]null[SEP]报警故障[SEP]2020年8月29日23时48分医生查看32床患儿在患儿左侧肺部可闻及湿啰音遵医嘱予多巴酚丁胺45mg5葡萄糖注射液10ml微泵泵入护理人员遵医嘱按规范使用注射泵静脉输液治疗因药物特殊必须使用注射泵行输液治疗在使用前护理人员将注射泵开机检查是否完好发现注射泵无储电功能及报警音护理人员及时发现未给患者造成影响并立即更换输液泵故障的输液泵按医院要求送设备科修检[SEP],null,报警故障,2020年8月29日23时48分医生查看32床患儿在患儿左侧肺部可闻及湿啰音遵医嘱予多巴酚丁胺45mg5葡萄糖注射液10ml微泵泵入护理人员遵医嘱按规范使用注射泵静脉输液治疗因药物特殊必须使用注射泵行输液治疗在使用前护理人员将注射泵开机检查是否完好发现注射泵无储电功能及报警音护理人员及时发现未给患者造成影响并立即更换输液泵故障的输液泵按医院要求送设备科修检,产品原因（包括说明书等）,null,null,[CLS]null[SEP]报警故障[SEP]2020年8月29日23时48分医生查看32床患儿在患儿左侧肺部可闻及湿啰音遵医嘱予多巴酚丁胺45mg5葡萄糖注射液10ml微泵泵入护理人员遵医嘱按规范使用注射泵静脉输液治疗因药物特殊必须使用注射泵行输液治疗在使用前护理人员将注射泵开机检查是否完好发现注射泵无储电功能及报警音护理人员及时发现未给患者造成影响并立即更换输液泵故障的输液泵按医院要求送设备科修检[SEP],报警故障,2020年8月29日23时48分医生查看32床患儿在患儿左侧肺部可闻及湿啰音遵医嘱予多巴酚丁胺45mg5葡萄糖注射液10ml微泵泵入护理人员遵医嘱按规范使用注射泵静脉输液治疗因药物特殊必须使用注射泵行输液治疗在使用前护理人员将注射泵开机检查是否完好发现注射泵无储电功能及报警音护理人员及时发现未给患者造成影响并立即更换输液泵故障的输液泵按医院要求送设备科修检,1由于电源模块是手工焊接存在虚焊的可能且此种现象不易检查随着产品长期使用而显现2跟踪同期投入使用以及过往的产品没有出现类似故障判断该现象属于生产过程中的偶发不良发生概率极低
134523000202011101,其他,[CLS]null[SEP]泵尾夹断离[SEP]20200940100责任护士加药NS50ml胰岛素50单位泵5mlh更换注射器时发现泵尾夹断离电话7002报告设备科同时报告护士长科主任[SEP],null,泵尾夹断离,20200940100责任护士加药NS50ml胰岛素50单位泵5mlh更换注射器时发现泵尾夹断离电话7002报告设备科同时报告护士长科主任,产品原因（包括说明书等）,null,null,[CLS]null[SEP]泵尾夹断离[SEP]20200940100责任护士加药NS50ml胰岛素50单位泵5mlh更换注射器时发现泵尾夹断离电话7002报告设备科同时报告护士长科主任[SEP],泵尾夹断离,20200940100责任护士加药NS50ml胰岛素50单位泵5mlh更换注射器时发现泵尾夹断离电话7002报告设备科同时报告护士长科主任,1经过疲劳测试我们发现使用ABS硬塑料内嵌金属预埋件材质制作的捏柄在经过数万次捏合后可能会出现开裂现象2将捏柄注塑材质改为尼龙玻纤做对比实验在相同实验条件下没有出现开裂现象因此怀疑ABS硬塑料内嵌金属预埋件材质强度不够造成捏柄开裂
125371806202011414,其他,[CLS]null[SEP]设备系统故障报警[SEP]准备给患者使用注射泵时开机双道报系统故障[SEP],null,设备系统故障报警,准备给患者使用注射泵时开机双道报系统故障,产品原因（包括说明书等）,null,null,[CLS]null[SEP]设备系统故障报警[SEP]准备给患者使用注射泵时开机双道报系统故障[SEP],设备系统故障报警,准备给患者使用注射泵时开机双道报系统故障,可能是设置的流速较低1mLh启动后机械传动结构尚未完全咬合导致软件系统判定为运行模块发生故障引起的误报警
125371703202011206,严重伤害,[CLS]未造成伤害可能会延误患者病情的治疗[SEP]报警阻塞停止工作[SEP]2020年12月2日普外科医护人员使用注射泵为患者注射液体使用过程中注射泵报警阻塞停止工作医护人员调试后故障无法消除更换设备继续为患者注射[SEP],未造成伤害可能会延误患者病情的治疗,报警阻塞停止工作,2020年12月2日普外科医护人员使用注射泵为患者注射液体使用过程中注射泵报警阻塞停止工作医护人员调试后故障无法消除更换设备继续为患者注射,产品原因（包括说明书等）,工程师到场检修发现注射条件可判断为系统误报警调试后无法解除故障,未造成伤害可能会延误患者病情的治疗,[CLS]未造成伤害可能会延误患者病情的治疗[SEP]报警阻塞停止工作[SEP]2020年12月2日普外科医护人员使用注射泵为患者注射液体使用过程中注射泵报警阻塞停止工作医护人员调试后故障无法消除更换设备继续为患者注射[SEP],报警阻塞停止工作,2020年12月2日普外科医护人员使用注射泵为患者注射液体使用过程中注射泵报警阻塞停止工作医护人员调试后故障无法消除更换设备继续为患者注射,院方上报为严重伤害我公司认为应改为其他1经过拆机检查发现压力传感器出现故障造成误报警2由于此台注射泵已在医院使用超过7年处于超预期使用状态压力传感器因老化而发生故障
129442557202011204,严重伤害,[CLS]可能对患者造成严重伤害[SEP]设置时间及速度与实际入量不符[SEP]患者于202011151210入院诊断为急性心肌梗死按医嘱予阿替普酶静脉内溶栓治疗药物使用微泵控速使用注射器及电源仪器卡槽均无异常使用过程中设置时间及速度与实际入量不符影响药物治疗疾病的疗效耽误病情的诊疗[SEP],可能对患者造成严重伤害,设置时间及速度与实际入量不符,患者于202011151210入院诊断为急性心肌梗死按医嘱予阿替普酶静脉内溶栓治疗药物使用微泵控速使用注射器及电源仪器卡槽均无异常使用过程中设置时间及速度与实际入量不符影响药物治疗疾病的疗效耽误病情的诊疗,产品原因（包括说明书等）,null,可能对患者造成严重伤害,[CLS]可能对患者造成严重伤害[SEP]设置时间及速度与实际入量不符[SEP]患者于202011151210入院诊断为急性心肌梗死按医嘱予阿替普酶静脉内溶栓治疗药物使用微泵控速使用注射器及电源仪器卡槽均无异常使用过程中设置时间及速度与实际入量不符影响药物治疗疾病的疗效耽误病情的诊疗[SEP],设置时间及速度与实际入量不符,患者于202011151210入院诊断为急性心肌梗死按医嘱予阿替普酶静脉内溶栓治疗药物使用微泵控速使用注射器及电源仪器卡槽均无异常使用过程中设置时间及速度与实际入量不符影响药物治疗疾病的疗效耽误病情的诊疗,该设备在医院使用近6年处于超预期使用状态可能是设备在使用转运过程中受到碰撞导致压柄断裂造成注射器规格的错误识别该不良事件后果不符合严重伤害的定义应为其它
113130100202012348,其他,[CLS]null[SEP]堵塞报警[SEP]正常开机正常使用中突然报警显示堵塞立即联系维修[SEP],null,堵塞报警,正常开机正常使用中突然报警显示堵塞立即联系维修,产品原因（包括说明书等）,正常开机正常使用中突然报警显示堵塞立即联系维修,null,[CLS]null[SEP]堵塞报警[SEP]正常开机正常使用中突然报警显示堵塞立即联系维修[SEP],堵塞报警,正常开机正常使用中突然报警显示堵塞立即联系维修,由于此台注射泵已在医院使用超过8年处于超预期使用状态注射泵由于长期使用后维护保养不足导致内部压力检测参数出现偏差所以发生了误报警
113130100202012245,其他,[CLS]null[SEP]报堵塞[SEP]使用过程中突然报警显示堵塞立即联系维修更换输液泵继续为患者治疗[SEP],null,报堵塞,使用过程中突然报警显示堵塞立即联系维修更换输液泵继续为患者治疗,产品原因（包括说明书等）,使用过程中突然报警显示堵塞立即联系维修更换输液泵继续为患者治疗,null,[CLS]null[SEP]报堵塞[SEP]使用过程中突然报警显示堵塞立即联系维修更换输液泵继续为患者治疗[SEP],报堵塞,使用过程中突然报警显示堵塞立即联系维修更换输液泵继续为患者治疗,由于设备已在医院使用8年以上处于超预期使用状态设备内部的压力检测值可能因缺乏校准维护导致出现偏差引发了误报警
113130100202012345,其他,[CLS]null[SEP]控制板按键不能用[SEP]正常开机的情况下控制板按键不能用因此更换注射泵并立即联系维修[SEP],null,控制板按键不能用,正常开机的情况下控制板按键不能用因此更换注射泵并立即联系维修,产品原因（包括说明书等）,正常开机的情况下控制板按键不能用因此更换注射泵并立即联系维修,null,[CLS]null[SEP]控制板按键不能用[SEP]正常开机的情况下控制板按键不能用因此更换注射泵并立即联系维修[SEP],控制板按键不能用,正常开机的情况下控制板按键不能用因此更换注射泵并立即联系维修,由于产品已在医院使用超过8年处于超预期使用状态启动键长期频繁使用老化故障
125370509202011524,其他,[CLS]null[SEP]D0101_故障提示D040305_分配不准[SEP]20201019白班期间为降低患者血压遵医嘱给予降压药物泵入泵入的药物未达到设定速度且微量泵报警提示音消音护理人员发现及时并及时更换并未给患者造成任何影响[SEP],null,D0101_故障提示D040305_分配不准,20201019白班期间为降低患者血压遵医嘱给予降压药物泵入泵入的药物未达到设定速度且微量泵报警提示音消音护理人员发现及时并及时更换并未给患者造成任何影响,产品原因（包括说明书等）,输液泵剂量校准故障,null,[CLS]null[SEP]D0101_故障提示D040305_分配不准[SEP]20201019白班期间为降低患者血压遵医嘱给予降压药物泵入泵入的药物未达到设定速度且微量泵报警提示音消音护理人员发现及时并及时更换并未给患者造成任何影响[SEP],D0101_故障提示D040305_分配不准,20201019白班期间为降低患者血压遵医嘱给予降压药物泵入泵入的药物未达到设定速度且微量泵报警提示音消音护理人员发现及时并及时更换并未给患者造成任何影响,1由于此台设备已在医院使用超过6年处于超预期使用状态设备上的喇叭老化故障不能正常发声2设备长期使用维护保养不足没有进行定期校准所以导致流速过快提前完成给药
125371703202011192,其他,[CLS]null[SEP]注射推杆损坏[SEP]内二科护士在给患者做注射治疗时按正常规程操作打开电源准备好注射剂发现注射推杆损坏立即联系设备科人员维修[SEP],null,注射推杆损坏,内二科护士在给患者做注射治疗时按正常规程操作打开电源准备好注射剂发现注射推杆损坏立即联系设备科人员维修,产品原因（包括说明书等）,产品质量问题,null,[CLS]null[SEP]注射推杆损坏[SEP]内二科护士在给患者做注射治疗时按正常规程操作打开电源准备好注射剂发现注射推杆损坏立即联系设备科人员维修[SEP],注射推杆损坏,内二科护士在给患者做注射治疗时按正常规程操作打开电源准备好注射剂发现注射推杆损坏立即联系设备科人员维修,1经过疲劳测试我们发现使用ABSPC材质制作的捏柄在经过数万次捏合后可能会出现开裂现象2将捏柄的注塑材质改为尼龙玻纤做对比实验则没有出现开裂现象因此怀疑原先使用的ABSPC材质强度不够会造成捏柄开裂
125371104202011236,其他,[CLS]M210202_给药不足[SEP]D05040502_输出低[SEP]患者诊断为癫痫因呼吸困难留有气管导管2020年9月24日遵医嘱持续应用微量泵行气道湿化1730给予患者更换湿化液以6mlh持续泵入1820分发现微量泵注射实际数值为2mlh于实际数值不相符影响患者治疗立即为患者更换微量泵[SEP],M210202_给药不足,D05040502_输出低,患者诊断为癫痫因呼吸困难留有气管导管2020年9月24日遵医嘱持续应用微量泵行气道湿化1730给予患者更换湿化液以6mlh持续泵入1820分发现微量泵注射实际数值为2mlh于实际数值不相符影响患者治疗立即为患者更换微量泵,产品原因（包括说明书等）,产品泵入问题影响患者治疗,M210202_给药不足,[CLS]M210202_给药不足[SEP]D05040502_输出低[SEP]患者诊断为癫痫因呼吸困难留有气管导管2020年9月24日遵医嘱持续应用微量泵行气道湿化1730给予患者更换湿化液以6mlh持续泵入1820分发现微量泵注射实际数值为2mlh于实际数值不相符影响患者治疗立即为患者更换微量泵[SEP],D05040502_输出低,患者诊断为癫痫因呼吸困难留有气管导管2020年9月24日遵医嘱持续应用微量泵行气道湿化1730给予患者更换湿化液以6mlh持续泵入1820分发现微量泵注射实际数值为2mlh于实际数值不相符影响患者治疗立即为患者更换微量泵,由于此台设备已在医院使用近9年处于超预期使用状态缺乏定期校准维护导致流速偏慢
125371101202011262,其他,[CLS]无[SEP]使用过程中报警异常2[SEP]2020916姜淑英因出血性休克入院ICU治疗在对病人使用注射泵输液时注射泵报警异常2更换注射泵使用然后联系设备科维修故障设备[SEP],无,使用过程中报警异常2,2020916姜淑英因出血性休克入院ICU治疗在对病人使用注射泵输液时注射泵报警异常2更换注射泵使用然后联系设备科维修故障设备,无法确定,联系厂家可能是内部电路板问题拆机发现电路板潮湿可能是医护人员操作时不小心将液体洒在机器内部导致故障,无,[CLS]无[SEP]使用过程中报警异常2[SEP]2020916姜淑英因出血性休克入院ICU治疗在对病人使用注射泵输液时注射泵报警异常2更换注射泵使用然后联系设备科维修故障设备[SEP],使用过程中报警异常2,2020916姜淑英因出血性休克入院ICU治疗在对病人使用注射泵输液时注射泵报警异常2更换注射泵使用然后联系设备科维修故障设备,1使用人员不慎将药液洒在设备上且未及时清理导致部分药液渗入设备的主控板中造成了误报警2由于设备已在医院使用近7年处于超预期使用状态设备的部分防水措施因老化导致效果衰减使得设备内部进液
125371100202011398,其他,[CLS]无[SEP]药物提前应用[SEP]2020年7月20日患者因反复眼睑双下肢浮肿9年胸闷憋气5天入院大夫医嘱应用呋塞米微量泵泵入4小时泵完给患者应用微量泵时速度调的准确结果药物提前应用护士发现后给予更换微量泵立即通知设备科给予维修未造成不良影响[SEP],无,药物提前应用,2020年7月20日患者因反复眼睑双下肢浮肿9年胸闷憋气5天入院大夫医嘱应用呋塞米微量泵泵入4小时泵完给患者应用微量泵时速度调的准确结果药物提前应用护士发现后给予更换微量泵立即通知设备科给予维修未造成不良影响,产品原因（包括说明书等）,参数设置问题,无,[CLS]无[SEP]药物提前应用[SEP]2020年7月20日患者因反复眼睑双下肢浮肿9年胸闷憋气5天入院大夫医嘱应用呋塞米微量泵泵入4小时泵完给患者应用微量泵时速度调的准确结果药物提前应用护士发现后给予更换微量泵立即通知设备科给予维修未造成不良影响[SEP],药物提前应用,2020年7月20日患者因反复眼睑双下肢浮肿9年胸闷憋气5天入院大夫医嘱应用呋塞米微量泵泵入4小时泵完给患者应用微量泵时速度调的准确结果药物提前应用护士发现后给予更换微量泵立即通知设备科给予维修未造成不良影响,由于该设备已在医院使用近5年处于超预期使用状态设备缺少定期的维护保养导致流速不准
125370110202011079,其他,[CLS]null[SEP]注射泵固定注射器处的卡扣断裂[SEP]病人因颅内感染入院遵医嘱给予丙戊酸钠注射泵持续泵入于202075号使用过程中出现固定注射器处的卡扣断裂发现后立即更换注射泵未对病人造成不良影响[SEP],null,注射泵固定注射器处的卡扣断裂,病人因颅内感染入院遵医嘱给予丙戊酸钠注射泵持续泵入于202075号使用过程中出现固定注射器处的卡扣断裂发现后立即更换注射泵未对病人造成不良影响,产品原因（包括说明书等）,产品材质问题,null,[CLS]null[SEP]注射泵固定注射器处的卡扣断裂[SEP]病人因颅内感染入院遵医嘱给予丙戊酸钠注射泵持续泵入于202075号使用过程中出现固定注射器处的卡扣断裂发现后立即更换注射泵未对病人造成不良影响[SEP],注射泵固定注射器处的卡扣断裂,病人因颅内感染入院遵医嘱给予丙戊酸钠注射泵持续泵入于202075号使用过程中出现固定注射器处的卡扣断裂发现后立即更换注射泵未对病人造成不良影响,操作人员在取下注射器时因设备的注射器左右夹被药液浸入不能灵活张开释放注射器尾翼故在用力打开左右夹时把左右夹别断
125371410202011151,其他,[CLS]无[SEP]注射器选择夹脱落晃动[SEP]2020年6月5日内科ICU送修注射泵一台据该科室反映当天该科室进行日常设备维护保养时发现该设备注射器夹出现晃动随即送修未对病人造成不良影响[SEP],无,注射器选择夹脱落晃动,2020年6月5日内科ICU送修注射泵一台据该科室反映当天该科室进行日常设备维护保养时发现该设备注射器夹出现晃动随即送修未对病人造成不良影响,无法确定,null,无,[CLS]无[SEP]注射器选择夹脱落晃动[SEP]2020年6月5日内科ICU送修注射泵一台据该科室反映当天该科室进行日常设备维护保养时发现该设备注射器夹出现晃动随即送修未对病人造成不良影响[SEP],注射器选择夹脱落晃动,2020年6月5日内科ICU送修注射泵一台据该科室反映当天该科室进行日常设备维护保养时发现该设备注射器夹出现晃动随即送修未对病人造成不良影响,由于该设备已在医院使用7年处于超预期使用状态前壳压柄结构因长期频繁使用老化开裂
125371410202011236,其他,[CLS]无[SEP]推拉盒损坏[SEP]2020年10月12日内科ICU送修注射泵一台据该科室反映当日该科室进行日常设备维护保养时发现该设备推拉盒捏合柄断裂随即送修未对病人造成不良影响[SEP],无,推拉盒损坏,2020年10月12日内科ICU送修注射泵一台据该科室反映当日该科室进行日常设备维护保养时发现该设备推拉盒捏合柄断裂随即送修未对病人造成不良影响,无法确定,null,无,[CLS]无[SEP]推拉盒损坏[SEP]2020年10月12日内科ICU送修注射泵一台据该科室反映当日该科室进行日常设备维护保养时发现该设备推拉盒捏合柄断裂随即送修未对病人造成不良影响[SEP],推拉盒损坏,2020年10月12日内科ICU送修注射泵一台据该科室反映当日该科室进行日常设备维护保养时发现该设备推拉盒捏合柄断裂随即送修未对病人造成不良影响,1由于设备已在医院使用近7年属于超预期使用状态捏柄反复受到按压导致磨损开裂2捏柄的注塑材质为ABSPC经过疲劳测试发现频繁使用后可能造成开裂
125371806202011265,其他,[CLS]null[SEP]2通道确认键失灵造成参数无法调整[SEP]在给患者输注药物治疗时开机2通道输入相关参数后按确认键发现确认键失灵造成参数无法调整该通道无法使用[SEP],null,2通道确认键失灵造成参数无法调整,在给患者输注药物治疗时开机2通道输入相关参数后按确认键发现确认键失灵造成参数无法调整该通道无法使用,产品原因（包括说明书等）,null,null,[CLS]null[SEP]2通道确认键失灵造成参数无法调整[SEP]在给患者输注药物治疗时开机2通道输入相关参数后按确认键发现确认键失灵造成参数无法调整该通道无法使用[SEP],2通道确认键失灵造成参数无法调整,在给患者输注药物治疗时开机2通道输入相关参数后按确认键发现确认键失灵造成参数无法调整该通道无法使用,1拆机检查发现是主控板上位于确认键位置的按键失灵导致2确认键因其功能因素会被反复使用按键个体质量存在差异导致失灵
125371806202011269,其他,[CLS]null[SEP]注射泵注射器活塞卡座坏[SEP]护理人员准备给患者使用注射泵进行输注治疗时发现注射器活塞卡座坏[SEP],null,注射泵注射器活塞卡座坏,护理人员准备给患者使用注射泵进行输注治疗时发现注射器活塞卡座坏,产品原因（包括说明书等）,null,null,[CLS]null[SEP]注射泵注射器活塞卡座坏[SEP]护理人员准备给患者使用注射泵进行输注治疗时发现注射器活塞卡座坏[SEP],注射泵注射器活塞卡座坏,护理人员准备给患者使用注射泵进行输注治疗时发现注射器活塞卡座坏,1经过疲劳测试我们发现使用ABSPC内嵌金属预埋件材质制作的捏柄在经过数万次捏合后会出现应力变化可能导致开裂现象2更改捏柄的注塑材料改用尼龙玻纤再按相同工艺内嵌金属预埋件制作捏柄做对比实验没有出现开裂现象3根据以上两点我公司分析是ABSPC内嵌金属预埋件材质强度不够长期频繁使用会造成捏柄开裂
125371806202011312,其他,[CLS]null[SEP]注射泵两个通道的注射器针栓固定夹断裂[SEP]护理人员在准备给患者进行注射泵药物注射时发现两个通道针栓固定夹断裂无法固定注射器针栓[SEP],null,注射泵两个通道的注射器针栓固定夹断裂,护理人员在准备给患者进行注射泵药物注射时发现两个通道针栓固定夹断裂无法固定注射器针栓,产品原因（包括说明书等）,材质问题或设计缺陷,null,[CLS]null[SEP]注射泵两个通道的注射器针栓固定夹断裂[SEP]护理人员在准备给患者进行注射泵药物注射时发现两个通道针栓固定夹断裂无法固定注射器针栓[SEP],注射泵两个通道的注射器针栓固定夹断裂,护理人员在准备给患者进行注射泵药物注射时发现两个通道针栓固定夹断裂无法固定注射器针栓,1经过疲劳测试我们发现使用ABSPC内嵌金属预埋件材质制作的捏柄在经过数万次捏合后可能会出现开裂现象2将注塑材料改用尼龙玻纤再按相同工艺制作捏柄做对比实验没有出现开裂现象分析是ABSPC内嵌金属预埋件材质强度不够造成捏柄开裂
125371806202011313,其他,[CLS]null[SEP]注射泵1通道针栓固定夹断2通道针栓固定夹有裂痕[SEP]准备给患者使用注射泵注射药物治疗时发现注射泵针栓固定夹一个断掉一个出现裂痕设备无法使用[SEP],null,注射泵1通道针栓固定夹断2通道针栓固定夹有裂痕,准备给患者使用注射泵注射药物治疗时发现注射泵针栓固定夹一个断掉一个出现裂痕设备无法使用,产品原因（包括说明书等）,设备材质问题或设计缺陷,null,[CLS]null[SEP]注射泵1通道针栓固定夹断2通道针栓固定夹有裂痕[SEP]准备给患者使用注射泵注射药物治疗时发现注射泵针栓固定夹一个断掉一个出现裂痕设备无法使用[SEP],注射泵1通道针栓固定夹断2通道针栓固定夹有裂痕,准备给患者使用注射泵注射药物治疗时发现注射泵针栓固定夹一个断掉一个出现裂痕设备无法使用,经过实验我们发现使用ABS硬塑料内嵌金属预埋件材质制作的捏柄在经过数万次捏合后可能会出现开裂现象改用尼龙玻纤再按相同工艺制作捏柄做对比实验没有出现开裂现象因此推测ABS硬塑料内嵌金属预埋件材质强度不够造成捏柄开裂
125371806202011407,其他,[CLS]null[SEP]一通道报警时指示灯闪烁但喇叭不响[SEP]注射泵使用过程中医务人员发现该注射泵报警报警时报警指示灯闪烁但喇叭不响[SEP],null,一通道报警时指示灯闪烁但喇叭不响,注射泵使用过程中医务人员发现该注射泵报警报警时报警指示灯闪烁但喇叭不响,产品原因（包括说明书等）,null,null,[CLS]null[SEP]一通道报警时指示灯闪烁但喇叭不响[SEP]注射泵使用过程中医务人员发现该注射泵报警报警时报警指示灯闪烁但喇叭不响[SEP],一通道报警时指示灯闪烁但喇叭不响,注射泵使用过程中医务人员发现该注射泵报警报警时报警指示灯闪烁但喇叭不响,经过拆机发现喇叭线插头与主控板插座略有松动因处接触不良导致喇叭不能正常发声
113130100202012193,其他,[CLS]未对患者造成身体伤害[SEP]设备无法充电[SEP]2020年11月3日患者肺癌术后为给患者补钾使用注射泵使用时发现注射泵无法充电随后立即更换注射泵联系设备处维修上报不良事件[SEP],未对患者造成身体伤害,设备无法充电,2020年11月3日患者肺癌术后为给患者补钾使用注射泵使用时发现注射泵无法充电随后立即更换注射泵联系设备处维修上报不良事件,产品原因（包括说明书等）,2020年11月3日患者肺癌术后为给患者补钾使用注射泵使用时发现注射泵无法充电随后立即更换注射泵联系设备处维修上报不良事件,未对患者造成身体伤害,[CLS]未对患者造成身体伤害[SEP]设备无法充电[SEP]2020年11月3日患者肺癌术后为给患者补钾使用注射泵使用时发现注射泵无法充电随后立即更换注射泵联系设备处维修上报不良事件[SEP],设备无法充电,2020年11月3日患者肺癌术后为给患者补钾使用注射泵使用时发现注射泵无法充电随后立即更换注射泵联系设备处维修上报不良事件,由于设备已在医院使用9年处于超预期使用状态电路板因长期使用老化故障
128431800202011263,其他,[CLS]无[SEP]null[SEP]夹子断裂[SEP],无,null,夹子断裂,产品原因（包括说明书等）,夹子断裂,无,[CLS]无[SEP]null[SEP]夹子断裂[SEP],null,夹子断裂,经过分析和实验我们发现使用ABS硬塑料内嵌金属预埋件材质制作的捏柄在经过数万次捏合后可能会出现开裂现象在ABS中增加适量玻纤再按相同工艺制作捏柄做对比实验没有出现开裂现象推测ABS硬塑料内嵌金属预埋件材质强度不够造成捏柄开裂
128431800202011262,其他,[CLS]无[SEP]null[SEP]夹子断裂[SEP],无,null,夹子断裂,产品原因（包括说明书等）,夹子断裂,无,[CLS]无[SEP]null[SEP]夹子断裂[SEP],null,夹子断裂,经过实验使用ABS硬塑料内嵌金属预埋件材质制作的捏柄在经过数万次捏合后可能会出现开裂现象在ABS中增加适量玻纤再按相同工艺制作捏柄做对比实验没有出现开裂现象因此怀疑ABS硬塑料内嵌金属预埋件材质强度不够造成捏柄开裂
128431800202011260,其他,[CLS]无[SEP]无[SEP]夹子断裂[SEP],无,无,夹子断裂,产品原因（包括说明书等）,夹子断裂,无,[CLS]无[SEP]无[SEP]夹子断裂[SEP],无,夹子断裂,1通过实验使用ABS硬塑料内嵌金属预埋件材质制作的捏柄在经过数万次疲劳寿命测试可能会出现开裂现象在ABS中增加适量玻纤再按相同工艺制作捏柄做对比实验没有出现开裂现象2考虑设备已在医院使用3年多推测应该是原先使用的ABS硬塑料内嵌金属预埋件材质强度不够造成捏柄开裂
120320300202011087,其他,[CLS]null[SEP]损坏压柄[SEP]损坏压柄[SEP],null,损坏压柄,损坏压柄,操作原因,设备碰撞损坏压柄,null,[CLS]null[SEP]损坏压柄[SEP]损坏压柄[SEP],损坏压柄,损坏压柄,由于维护不当导致设备受到外力撞击损坏了设备部件
125371410202011186,其他,[CLS]无[SEP]把手折断[SEP]2020年8月8日内科ICU送修注射泵一台据该科室反映当日该科室进行日常设备维护保养时发现该设备注射量拉杆处开关把手折断随即送修未对病人造成不良影响[SEP],无,把手折断,2020年8月8日内科ICU送修注射泵一台据该科室反映当日该科室进行日常设备维护保养时发现该设备注射量拉杆处开关把手折断随即送修未对病人造成不良影响,无法确定,null,无,[CLS]无[SEP]把手折断[SEP]2020年8月8日内科ICU送修注射泵一台据该科室反映当日该科室进行日常设备维护保养时发现该设备注射量拉杆处开关把手折断随即送修未对病人造成不良影响[SEP],把手折断,2020年8月8日内科ICU送修注射泵一台据该科室反映当日该科室进行日常设备维护保养时发现该设备注射量拉杆处开关把手折断随即送修未对病人造成不良影响,由于产品已达到设计的使用寿命长期频繁使用加速老化造成捏柄损坏
125371806202011190,其他,[CLS]null[SEP]开机2通道报系统故障[SEP]开机后2通道报系统故障[SEP],null,开机2通道报系统故障,开机后2通道报系统故障,产品原因（包括说明书等）,该设备2020年1月采购使用半年多报系统故障考虑产品质量问题,null,[CLS]null[SEP]开机2通道报系统故障[SEP]开机后2通道报系统故障[SEP],开机2通道报系统故障,开机后2通道报系统故障,查看该设备的生产记录找到该工位组装人员重新作业发现该员工组装方法正确因此分析应是员工组装此台设备时不慎将两部件位置装偏斜使得部件位置之间发生干涉
125371410202011153,其他,[CLS]无[SEP]注射器夹具晃动无法选中输液器规格[SEP]2020年6月18日内科ICU送修输液泵一台据该科室描述当日该科室在进行日常设备维护保养时发现该设备无法选中注射器规格随即送修未对病人造成不良影响[SEP],无,注射器夹具晃动无法选中输液器规格,2020年6月18日内科ICU送修输液泵一台据该科室描述当日该科室在进行日常设备维护保养时发现该设备无法选中注射器规格随即送修未对病人造成不良影响,无法确定,null,无,[CLS]无[SEP]注射器夹具晃动无法选中输液器规格[SEP]2020年6月18日内科ICU送修输液泵一台据该科室描述当日该科室在进行日常设备维护保养时发现该设备无法选中注射器规格随即送修未对病人造成不良影响[SEP],注射器夹具晃动无法选中输液器规格,2020年6月18日内科ICU送修输液泵一台据该科室描述当日该科室在进行日常设备维护保养时发现该设备无法选中注射器规格随即送修未对病人造成不良影响,由于设备已超预期寿命使用多年缺乏必要的维护及保养导致之前校准的数值发生偏移导致其不能够识别注射器
125371706202011213,其他,[CLS]无[SEP]使用过程中提示下通道堵塞[SEP]2020年8月22日责任护士遵医嘱使用注射泵为患者输注药液连接管路后提示下通道堵塞立即更换其他设备未对患者造成伤害[SEP],无,使用过程中提示下通道堵塞,2020年8月22日责任护士遵医嘱使用注射泵为患者输注药液连接管路后提示下通道堵塞立即更换其他设备未对患者造成伤害,产品原因（包括说明书等）,质量问题,无,[CLS]无[SEP]使用过程中提示下通道堵塞[SEP]2020年8月22日责任护士遵医嘱使用注射泵为患者输注药液连接管路后提示下通道堵塞立即更换其他设备未对患者造成伤害[SEP],使用过程中提示下通道堵塞,2020年8月22日责任护士遵医嘱使用注射泵为患者输注药液连接管路后提示下通道堵塞立即更换其他设备未对患者造成伤害,1经过检查由于设备主控板功能异常导致发生完成误报警2该台设备已在医院使用6年处于超预期使用状态设备的主控板已经达到设计使用寿命发生故障
125371706202011214,其他,[CLS]无[SEP]注射药物时显示下通道堵塞[SEP]2020年8月24日责任护士遵医嘱使用注射泵为患者输注药物过程中机器提示下通道堵塞立即停用更换其他设备继续输注药物未对患者造成伤害[SEP],无,注射药物时显示下通道堵塞,2020年8月24日责任护士遵医嘱使用注射泵为患者输注药物过程中机器提示下通道堵塞立即停用更换其他设备继续输注药物未对患者造成伤害,产品原因（包括说明书等）,设备故障,无,[CLS]无[SEP]注射药物时显示下通道堵塞[SEP]2020年8月24日责任护士遵医嘱使用注射泵为患者输注药物过程中机器提示下通道堵塞立即停用更换其他设备继续输注药物未对患者造成伤害[SEP],注射药物时显示下通道堵塞,2020年8月24日责任护士遵医嘱使用注射泵为患者输注药物过程中机器提示下通道堵塞立即停用更换其他设备继续输注药物未对患者造成伤害,由于设备已在医院使用6年处于超预期使用状态怀疑是转运过程中受到外力影响导致插头松动造成信号接触不良从而引发报警
125370905202011116,其他,[CLS]无[SEP]无[SEP]2020年8月26日重症医学科800给患者用注射泵辅助输液时无法调节参数立即更换其他注射泵输液治疗810送设备科维修830恢复正常使用未对患者造成影响[SEP],无,无,2020年8月26日重症医学科800给患者用注射泵辅助输液时无法调节参数立即更换其他注射泵输液治疗810送设备科维修830恢复正常使用未对患者造成影响,产品原因（包括说明书等）,返回按键失灵,无,[CLS]无[SEP]无[SEP]2020年8月26日重症医学科800给患者用注射泵辅助输液时无法调节参数立即更换其他注射泵输液治疗810送设备科维修830恢复正常使用未对患者造成影响[SEP],无,2020年8月26日重症医学科800给患者用注射泵辅助输液时无法调节参数立即更换其他注射泵输液治疗810送设备科维修830恢复正常使用未对患者造成影响,由于设备处于超预期使用状态确认键在长期多次的使用过程中已达到了设计使用寿命因此失灵
125371806202011204,其他,[CLS]null[SEP]设备使用过程中报注射器脱落重启设备报警复位该情况反复出现多次[SEP]设备使用过程中报注射器脱落重启设备报警复位这种情况反复出现多次[SEP],null,设备使用过程中报注射器脱落重启设备报警复位该情况反复出现多次,设备使用过程中报注射器脱落重启设备报警复位这种情况反复出现多次,产品原因（包括说明书等）,null,null,[CLS]null[SEP]设备使用过程中报注射器脱落重启设备报警复位该情况反复出现多次[SEP]设备使用过程中报注射器脱落重启设备报警复位这种情况反复出现多次[SEP],设备使用过程中报注射器脱落重启设备报警复位该情况反复出现多次,设备使用过程中报注射器脱落重启设备报警复位这种情况反复出现多次,由于设备校准的参数与医院使用的注射器规格不匹配导致未能正确识别注射器
128431800202011175,其他,[CLS]无[SEP]注射泵压柄断裂[SEP]压柄断裂[SEP],无,注射泵压柄断裂,压柄断裂,产品原因（包括说明书等）,null,无,[CLS]无[SEP]注射泵压柄断裂[SEP]压柄断裂[SEP],注射泵压柄断裂,压柄断裂,经判断应是设备正面受到撞击可能是摔到地上导致压柄受力过大开裂
128431800202011261,其他,[CLS]无[SEP]无[SEP]夹子断裂[SEP],无,无,夹子断裂,产品原因（包括说明书等）,夹子断裂,无,[CLS]无[SEP]无[SEP]夹子断裂[SEP],无,夹子断裂,12019年中旬结合我公司售后部门维修信息反馈和不良事件发现注射泵捏柄部件存在高强度使用后开裂的可能随后我公司技术人员对捏柄强度开展调查2经过疲劳实验我们发现使用ABS硬塑料内嵌金属预埋件材质制作的捏柄在经过数万次捏合后可能会出现开裂现象经过技术研发人员的讨论和实验在ABS中增加适量玻纤再按相同工艺制作捏柄做对比实验没有出现开裂现象因此推测可能是ABS硬塑料内嵌金属预埋件材质强度不够造成捏柄开裂
137610803202011132,严重伤害,[CLS]可能延误治疗[SEP]注射泵不能正常泵注药物[SEP]2020年9月20日在为该患者泵注头孢类抗生素设置以50毫升每小时泵入5分钟护士巡视时发现药物未泵入立即给予更换其他注射泵未对患者造成伤害此事件的发生因护士发现及时未给患者造成严重伤害考虑此产品经过维修再次使用且用于输入急救药品时如产品发生同类故障有可能因输液不及时延误最佳治疗时间给患者造成严重伤害[SEP],可能延误治疗,注射泵不能正常泵注药物,2020年9月20日在为该患者泵注头孢类抗生素设置以50毫升每小时泵入5分钟护士巡视时发现药物未泵入立即给予更换其他注射泵未对患者造成伤害此事件的发生因护士发现及时未给患者造成严重伤害考虑此产品经过维修再次使用且用于输入急救药品时如产品发生同类故障有可能因输液不及时延误最佳治疗时间给患者造成严重伤害,产品原因（包括说明书等）,注射泵推注杆的夹子松动,可能延误治疗,[CLS]可能延误治疗[SEP]注射泵不能正常泵注药物[SEP]2020年9月20日在为该患者泵注头孢类抗生素设置以50毫升每小时泵入5分钟护士巡视时发现药物未泵入立即给予更换其他注射泵未对患者造成伤害此事件的发生因护士发现及时未给患者造成严重伤害考虑此产品经过维修再次使用且用于输入急救药品时如产品发生同类故障有可能因输液不及时延误最佳治疗时间给患者造成严重伤害[SEP],注射泵不能正常泵注药物,2020年9月20日在为该患者泵注头孢类抗生素设置以50毫升每小时泵入5分钟护士巡视时发现药物未泵入立即给予更换其他注射泵未对患者造成伤害此事件的发生因护士发现及时未给患者造成严重伤害考虑此产品经过维修再次使用且用于输入急救药品时如产品发生同类故障有可能因输液不及时延误最佳治疗时间给患者造成严重伤害,经过调查分析该不良事件不属于严重伤害应为其它由于设备已在医院使用6年属于超预期寿命使用状态压柄导向柱因达到设计使用寿命而老化断裂
125371101202000215,其他,[CLS]无[SEP]无法固定注射器无法打开后端的扳手[SEP]202077病人因肠梗阻住院需要定量输药使用机器时发现安装注射器注射器推进杆无法移动推杆后端的手动扳手断掉故无法使用通知设备科维修[SEP],无,无法固定注射器无法打开后端的扳手,202077病人因肠梗阻住院需要定量输药使用机器时发现安装注射器注射器推进杆无法移动推杆后端的手动扳手断掉故无法使用通知设备科维修,产品原因（包括说明书等）,推进杆扳手断了发现材质为塑料多次使用后容易断裂类似的机器已发生多次系产品本身问题建议改进,无,[CLS]无[SEP]无法固定注射器无法打开后端的扳手[SEP]202077病人因肠梗阻住院需要定量输药使用机器时发现安装注射器注射器推进杆无法移动推杆后端的手动扳手断掉故无法使用通知设备科维修[SEP],无法固定注射器无法打开后端的扳手,202077病人因肠梗阻住院需要定量输药使用机器时发现安装注射器注射器推进杆无法移动推杆后端的手动扳手断掉故无法使用通知设备科维修,因设备已超预期寿命使用2年部件达到了设备的设计使用寿命频繁使用出现老化损坏
125371703202011134,其他,[CLS]无[SEP]注射器固定夹损坏[SEP]2020年8月7日神经内一科医护人员打电话报修一台注射泵故障无法使用工程师到厂检修后判断输液器固定夹损坏[SEP],无,注射器固定夹损坏,2020年8月7日神经内一科医护人员打电话报修一台注射泵故障无法使用工程师到厂检修后判断输液器固定夹损坏,"产品原因（包括说明书等）,操作原因",外力导致固定夹损坏,无,[CLS]无[SEP]注射器固定夹损坏[SEP]2020年8月7日神经内一科医护人员打电话报修一台注射泵故障无法使用工程师到厂检修后判断输液器固定夹损坏[SEP],注射器固定夹损坏,2020年8月7日神经内一科医护人员打电话报修一台注射泵故障无法使用工程师到厂检修后判断输液器固定夹损坏,由于该设备已处于超预期寿命使用状态设备部件已老化加上受到了外力的冲击更容易给设备造成伤害
133513435202000007,其他,[CLS]可能导致患者其他医疗事故发生[SEP]屏幕显示药物正常注入实际药物未注入患者体内[SEP]患者因慢性胆囊炎急发入我院治疗遵医嘱使用双通道注射泵为患者静脉泵入药物配置药液启动仪器后仪器屏幕显示药液正常泵入护理人员观察10分钟后发现注射器内药液计量并未改变立即更换注射泵观察确认正常注入继续为患者进行治疗此次事件的发生延迟了患者的治疗增加了医疗风险事后护理人员加强对患者的病情观察及护理至不良事件上报时未发生更一周内严重伤害[SEP],可能导致患者其他医疗事故发生,屏幕显示药物正常注入实际药物未注入患者体内,患者因慢性胆囊炎急发入我院治疗遵医嘱使用双通道注射泵为患者静脉泵入药物配置药液启动仪器后仪器屏幕显示药液正常泵入护理人员观察10分钟后发现注射器内药液计量并未改变立即更换注射泵观察确认正常注入继续为患者进行治疗此次事件的发生延迟了患者的治疗增加了医疗风险事后护理人员加强对患者的病情观察及护理至不良事件上报时未发生更一周内严重伤害,操作原因,操作原因科室未进行设备的日常性能检查导致设备已出现故障未及时进行维修,可能导致患者其他医疗事故发生,[CLS]可能导致患者其他医疗事故发生[SEP]屏幕显示药物正常注入实际药物未注入患者体内[SEP]患者因慢性胆囊炎急发入我院治疗遵医嘱使用双通道注射泵为患者静脉泵入药物配置药液启动仪器后仪器屏幕显示药液正常泵入护理人员观察10分钟后发现注射器内药液计量并未改变立即更换注射泵观察确认正常注入继续为患者进行治疗此次事件的发生延迟了患者的治疗增加了医疗风险事后护理人员加强对患者的病情观察及护理至不良事件上报时未发生更一周内严重伤害[SEP],屏幕显示药物正常注入实际药物未注入患者体内,患者因慢性胆囊炎急发入我院治疗遵医嘱使用双通道注射泵为患者静脉泵入药物配置药液启动仪器后仪器屏幕显示药液正常泵入护理人员观察10分钟后发现注射器内药液计量并未改变立即更换注射泵观察确认正常注入继续为患者进行治疗此次事件的发生延迟了患者的治疗增加了医疗风险事后护理人员加强对患者的病情观察及护理至不良事件上报时未发生更一周内严重伤害,1拆机检查发现设备主控板有进液迹象进液导致主板损坏使得启动后未能控制电机运转2该设备使用时通常会处于输液环境中即设备上方悬挂有输液袋操作时输液袋内药液流出落在设备上未及时清理随着长时间使用和药液累积增多药液会渗入设备内部损坏主控板等部件
116210608202011012,其他,[CLS]null[SEP]D0101_故障提示[SEP]电池损坏[SEP],null,D0101_故障提示,电池损坏,无法确定,null,null,[CLS]null[SEP]D0101_故障提示[SEP]电池损坏[SEP],D0101_故障提示,电池损坏,注射泵配备的电池为可充电锂电池该电池属于消耗品随着使用年限的增加电池性能会衰减由于设备已经处于超预期使用状态电池蓄电能力降低所以未连接交流电时会报警电量低
115152707202011027,其他,[CLS]注射泵不能使用[SEP]卡注射器卡子断裂[SEP]我院ICU使用威高注射泵使用时卡注射器卡子断裂不能使用更换注射泵[SEP],注射泵不能使用,卡注射器卡子断裂,我院ICU使用威高注射泵使用时卡注射器卡子断裂不能使用更换注射泵,产品原因（包括说明书等）,卡子强度不足易坏,注射泵不能使用,[CLS]注射泵不能使用[SEP]卡注射器卡子断裂[SEP]我院ICU使用威高注射泵使用时卡注射器卡子断裂不能使用更换注射泵[SEP],卡注射器卡子断裂,我院ICU使用威高注射泵使用时卡注射器卡子断裂不能使用更换注射泵,初步分析此故障属于个别现象可能是使用过程中受到外力影响导致该部件断裂
125371100202011214,其他,[CLS]无[SEP]无法开机[SEP]2020年7月17日护士在对设备进行例行检查时发现该注射泵无法开机无法正常使用护士立即通知设备科进行维修确保设备正常使用[SEP],无,无法开机,2020年7月17日护士在对设备进行例行检查时发现该注射泵无法开机无法正常使用护士立即通知设备科进行维修确保设备正常使用,无法确定,无法确定,无,[CLS]无[SEP]无法开机[SEP]2020年7月17日护士在对设备进行例行检查时发现该注射泵无法开机无法正常使用护士立即通知设备科进行维修确保设备正常使用[SEP],无法开机,2020年7月17日护士在对设备进行例行检查时发现该注射泵无法开机无法正常使用护士立即通知设备科进行维修确保设备正常使用,1设备内部电池为消耗品长期使用造成电池蓄电能力衰减无法正常蓄电2由于设备已在科室使用近7年处于超预期使用状态电源板因长时间使用电路老化造成电路中断
140650105201900117,其他,[CLS]无[SEP]不工作报警[SEP]通电开机报警不工作[SEP],无,不工作报警,通电开机报警不工作,产品原因（包括说明书等）,开机不工作报警,无,[CLS]无[SEP]不工作报警[SEP]通电开机报警不工作[SEP],不工作报警,通电开机报警不工作,由于设备已处于超预期寿命使用状态长期使用造成内部检测模块的线路松动引发检测电路信号传递不通导致报警
125371100202000255,其他,[CLS]无[SEP]注射泵屏幕暗[SEP]2020年7月8日在准备使用注射泵为住院患者进行药物治疗时开机发现注射泵屏幕发暗影响识别注射参数数据立即停止使用更换另外的注射泵为患者治疗未对患者造成伤害通知设备科维修[SEP],无,注射泵屏幕暗,2020年7月8日在准备使用注射泵为住院患者进行药物治疗时开机发现注射泵屏幕发暗影响识别注射参数数据立即停止使用更换另外的注射泵为患者治疗未对患者造成伤害通知设备科维修,产品原因（包括说明书等）,背光屏坏,无,[CLS]无[SEP]注射泵屏幕暗[SEP]2020年7月8日在准备使用注射泵为住院患者进行药物治疗时开机发现注射泵屏幕发暗影响识别注射参数数据立即停止使用更换另外的注射泵为患者治疗未对患者造成伤害通知设备科维修[SEP],注射泵屏幕暗,2020年7月8日在准备使用注射泵为住院患者进行药物治疗时开机发现注射泵屏幕发暗影响识别注射参数数据立即停止使用更换另外的注射泵为患者治疗未对患者造成伤害通知设备科维修,由于设备频繁使用达到设计的使用年限显示屏正常老化导致背光发暗
125371101202000185,其他,[CLS]无[SEP]拉杆故障[SEP]2020629于振海因心衰来院治疗护士在给患者使用注射泵注射药物时拉杆出现故障导致输液泵从病床上摔下更换注射泵联系设备科维修[SEP],无,拉杆故障,2020629于振海因心衰来院治疗护士在给患者使用注射泵注射药物时拉杆出现故障导致输液泵从病床上摔下更换注射泵联系设备科维修,产品原因（包括说明书等）,拉杆故障,无,[CLS]无[SEP]拉杆故障[SEP]2020629于振海因心衰来院治疗护士在给患者使用注射泵注射药物时拉杆出现故障导致输液泵从病床上摔下更换注射泵联系设备科维修[SEP],拉杆故障,2020629于振海因心衰来院治疗护士在给患者使用注射泵注射药物时拉杆出现故障导致输液泵从病床上摔下更换注射泵联系设备科维修,由于设备已超预期寿命使用多年部件已达到设计使用寿命频繁使用导致螺孔内的螺纹磨损不能与螺杆起到咬合的效果附说明书中关于使用期限的描述
124360412202010245,其他,[CLS]暂无[SEP]屏幕花屏[SEP]于20200417日在检查设备时发现一台注射泵的屏幕花屏经联系器械科维修工程师检查后发现屏幕排线损坏经调取配件更换后设备开机能够正常使用[SEP],暂无,屏幕花屏,于20200417日在检查设备时发现一台注射泵的屏幕花屏经联系器械科维修工程师检查后发现屏幕排线损坏经调取配件更换后设备开机能够正常使用,无法确定,和设备使用期限有关,暂无,[CLS]暂无[SEP]屏幕花屏[SEP]于20200417日在检查设备时发现一台注射泵的屏幕花屏经联系器械科维修工程师检查后发现屏幕排线损坏经调取配件更换后设备开机能够正常使用[SEP],屏幕花屏,于20200417日在检查设备时发现一台注射泵的屏幕花屏经联系器械科维修工程师检查后发现屏幕排线损坏经调取配件更换后设备开机能够正常使用,由于设备已超预期寿命使用多年内部电路超出设计使用寿命老化损坏
125371101202000220,其他,[CLS]无[SEP]设备注射时间不准[SEP]202073病人因心脏病入院治疗需要定量定时输入药物治疗在对其进行注射泵输药前发现设定时间和注射时间不一致联系设备科进行维修更换其他设备使用[SEP],无,设备注射时间不准,202073病人因心脏病入院治疗需要定量定时输入药物治疗在对其进行注射泵输药前发现设定时间和注射时间不一致联系设备科进行维修更换其他设备使用,产品原因（包括说明书等）,时间重置影响使用,无,[CLS]无[SEP]设备注射时间不准[SEP]202073病人因心脏病入院治疗需要定量定时输入药物治疗在对其进行注射泵输药前发现设定时间和注射时间不一致联系设备科进行维修更换其他设备使用[SEP],设备注射时间不准,202073病人因心脏病入院治疗需要定量定时输入药物治疗在对其进行注射泵输药前发现设定时间和注射时间不一致联系设备科进行维修更换其他设备使用,由于设备已超预期寿命使用缺乏必要的维护保养设备本身校准的注射器参数发生偏移导致注射器规格的错误识别附说明书中关于设备使用期限的描述
140650110202000054,其他,[CLS]无法正常使用[SEP]注射器尾夹断裂推杆无法拔出[SEP]护士发现注射泵尾夹推杆无法拔出随后送修设备科[SEP],无法正常使用,注射器尾夹断裂推杆无法拔出,护士发现注射泵尾夹推杆无法拔出随后送修设备科,无法确定,尾夹断裂导致推杆无法拔出,无法正常使用,[CLS]无法正常使用[SEP]注射器尾夹断裂推杆无法拔出[SEP]护士发现注射泵尾夹推杆无法拔出随后送修设备科[SEP],注射器尾夹断裂推杆无法拔出,护士发现注射泵尾夹推杆无法拔出随后送修设备科,由于设备已超预期寿命使用多年捏柄频繁使用早已达到设计使用寿命自然老化损坏
125371703202000141,其他,[CLS]无[SEP]注射器助推杆固定夹破损[SEP]2020年7月2日消化内科报修一台注射泵故障无法固定注射器工程师检修后判断为助推杆固定夹破裂损坏无法使用返厂维修[SEP],无,注射器助推杆固定夹破损,2020年7月2日消化内科报修一台注射泵故障无法固定注射器工程师检修后判断为助推杆固定夹破裂损坏无法使用返厂维修,产品原因（包括说明书等）,助推器固定夹破裂损坏,无,[CLS]无[SEP]注射器助推杆固定夹破损[SEP]2020年7月2日消化内科报修一台注射泵故障无法固定注射器工程师检修后判断为助推杆固定夹破裂损坏无法使用返厂维修[SEP],注射器助推杆固定夹破损,2020年7月2日消化内科报修一台注射泵故障无法固定注射器工程师检修后判断为助推杆固定夹破裂损坏无法使用返厂维修,分析可能是由于捏柄频繁使用导致加速磨损受力过大而损坏
125371703202000124,其他,[CLS]null[SEP]注射泵无法推注液体[SEP]2020年6月23日消化内科医务人员为患者使用注射泵注射液体发现注射泵无法推注液体工程师检修后判断推注器齿轮固定架松动[SEP],null,注射泵无法推注液体,2020年6月23日消化内科医务人员为患者使用注射泵注射液体发现注射泵无法推注液体工程师检修后判断推注器齿轮固定架松动,产品原因（包括说明书等）,注射泵无法推注液体因为推注器固定支架松动,null,[CLS]null[SEP]注射泵无法推注液体[SEP]2020年6月23日消化内科医务人员为患者使用注射泵注射液体发现注射泵无法推注液体工程师检修后判断推注器齿轮固定架松动[SEP],注射泵无法推注液体,2020年6月23日消化内科医务人员为患者使用注射泵注射液体发现注射泵无法推注液体工程师检修后判断推注器齿轮固定架松动,推断可能是由于设备长期使用齿轮间润滑油逐渐缺失影响机械件之间的配合顺畅导致部件回弹无法到位使注射器夹不能正常打开
129441200202000715,其他,[CLS]null[SEP]固定夹损坏[SEP]2020610上午使用注射泵给12床患者注射药物准备固定配置好药物的注射器时发现固定夹损坏不能固定注射器立即更换另一台注射泵并送故障设备维修[SEP],null,固定夹损坏,2020610上午使用注射泵给12床患者注射药物准备固定配置好药物的注射器时发现固定夹损坏不能固定注射器立即更换另一台注射泵并送故障设备维修,无法确定,使用频繁老化,null,[CLS]null[SEP]固定夹损坏[SEP]2020610上午使用注射泵给12床患者注射药物准备固定配置好药物的注射器时发现固定夹损坏不能固定注射器立即更换另一台注射泵并送故障设备维修[SEP],固定夹损坏,2020610上午使用注射泵给12床患者注射药物准备固定配置好药物的注射器时发现固定夹损坏不能固定注射器立即更换另一台注射泵并送故障设备维修,分析可能是压柄受到外力撞击或未按操作提示使用导致损坏
127740353202000051,其他,[CLS]固定注射器推杆的夹子断裂机器无法工作[SEP]固定注射器推杆的夹子断裂机器无法工作[SEP]固定注射器推杆的夹子断裂机器无法工作[SEP],固定注射器推杆的夹子断裂机器无法工作,固定注射器推杆的夹子断裂机器无法工作,固定注射器推杆的夹子断裂机器无法工作,产品原因（包括说明书等）,固定注射器推杆的夹子断裂机器无法工作,固定注射器推杆的夹子断裂机器无法工作,[CLS]固定注射器推杆的夹子断裂机器无法工作[SEP]固定注射器推杆的夹子断裂机器无法工作[SEP]固定注射器推杆的夹子断裂机器无法工作[SEP],固定注射器推杆的夹子断裂机器无法工作,固定注射器推杆的夹子断裂机器无法工作,由于该部件使用时需要频繁捏动怀疑可能是受到药液腐蚀使该部件强度减弱导致损坏
137610400202000252,其他,[CLS]无[SEP]注射泵固定夹子损坏无法固定注射器[SEP]20200628在给患者进行注射液体时发现注射泵固定注射器的夹子损坏导致无法固定注射器立即予以更换并上报设备科维修[SEP],无,注射泵固定夹子损坏无法固定注射器,20200628在给患者进行注射液体时发现注射泵固定注射器的夹子损坏导致无法固定注射器立即予以更换并上报设备科维修,无法确定,null,无,[CLS]无[SEP]注射泵固定夹子损坏无法固定注射器[SEP]20200628在给患者进行注射液体时发现注射泵固定注射器的夹子损坏导致无法固定注射器立即予以更换并上报设备科维修[SEP],注射泵固定夹子损坏无法固定注射器,20200628在给患者进行注射液体时发现注射泵固定注射器的夹子损坏导致无法固定注射器立即予以更换并上报设备科维修,1经拆机检查发现是内部固定压柄的卡扣脱落导致压柄与注射泵前壳脱离2初步分析可能是在使用过程中转运时发生碰撞导致卡扣脱落
125371410202000126,其他,[CLS]无[SEP]夹持座损坏[SEP]2020年5月6日手术室送修注射泵一台据该科室反映当天该科室在进行日常设备维护保养时发现该设备的注射器夹持装置破损决定更换未对病人造成不良影响[SEP],无,夹持座损坏,2020年5月6日手术室送修注射泵一台据该科室反映当天该科室在进行日常设备维护保养时发现该设备的注射器夹持装置破损决定更换未对病人造成不良影响,无法确定,null,无,[CLS]无[SEP]夹持座损坏[SEP]2020年5月6日手术室送修注射泵一台据该科室反映当天该科室在进行日常设备维护保养时发现该设备的注射器夹持装置破损决定更换未对病人造成不良影响[SEP],夹持座损坏,2020年5月6日手术室送修注射泵一台据该科室反映当天该科室在进行日常设备维护保养时发现该设备的注射器夹持装置破损决定更换未对病人造成不良影响,通过现场检查和调查得知设备曾发生跌落导致推拉盒部件损坏
134523000202000044,其他,[CLS]屏幕白屏[SEP]null[SEP]2020年5月27日4时4床患者因吐沫3天咳嗽1天气促半天入院护理人员遵医嘱按规范使用注射泵静脉输液治疗因患儿年龄小必须使用注射泵行输液治疗在使用前护理人员将注射泵开机检查是否完好发现注射泵的屏幕出现白屏护理人员及时发现未给患者造成影响并立即更换输液泵白屏的输液泵按医院要求送设备科修检[SEP],屏幕白屏,null,2020年5月27日4时4床患者因吐沫3天咳嗽1天气促半天入院护理人员遵医嘱按规范使用注射泵静脉输液治疗因患儿年龄小必须使用注射泵行输液治疗在使用前护理人员将注射泵开机检查是否完好发现注射泵的屏幕出现白屏护理人员及时发现未给患者造成影响并立即更换输液泵白屏的输液泵按医院要求送设备科修检,产品原因（包括说明书等）,null,屏幕白屏,[CLS]屏幕白屏[SEP]null[SEP]2020年5月27日4时4床患者因吐沫3天咳嗽1天气促半天入院护理人员遵医嘱按规范使用注射泵静脉输液治疗因患儿年龄小必须使用注射泵行输液治疗在使用前护理人员将注射泵开机检查是否完好发现注射泵的屏幕出现白屏护理人员及时发现未给患者造成影响并立即更换输液泵白屏的输液泵按医院要求送设备科修检[SEP],null,2020年5月27日4时4床患者因吐沫3天咳嗽1天气促半天入院护理人员遵医嘱按规范使用注射泵静脉输液治疗因患儿年龄小必须使用注射泵行输液治疗在使用前护理人员将注射泵开机检查是否完好发现注射泵的屏幕出现白屏护理人员及时发现未给患者造成影响并立即更换输液泵白屏的输液泵按医院要求送设备科修检,因为屏幕采用焊接方式与主控板连接分析可能是个别焊点存在虚焊情况长期使用后导致虚焊处信号传递不通从而引发白屏现象
120321200202000177,其他,[CLS]无[SEP]跳闸断电[SEP]东院区37病区护士在使用注射泵正常对患者进行药物注射治疗时中午时分机器突然断电影响患者的治疗[SEP],无,跳闸断电,东院区37病区护士在使用注射泵正常对患者进行药物注射治疗时中午时分机器突然断电影响患者的治疗,产品原因（包括说明书等）,电源线短路电源线老化,无,[CLS]无[SEP]跳闸断电[SEP]东院区37病区护士在使用注射泵正常对患者进行药物注射治疗时中午时分机器突然断电影响患者的治疗[SEP],跳闸断电,东院区37病区护士在使用注射泵正常对患者进行药物注射治疗时中午时分机器突然断电影响患者的治疗,1因外部电源线插头处使用时不慎滴入药液导致外部电源线短路设备因无法正常供电而断电2因设备已属于超预期使用状态内部电池老化不具备供电功能因此在交流供电停止后直接断电
125371803202000114,其他,[CLS]null[SEP]注射泵报错阻塞[SEP]2020年5月19日在我院消化科使用注射泵使用过程中出现阻塞不良事件无法给患者使用当日采用更换设备方法事件好转经工程师检测发现注射泵选择后无匹配返厂让厂家定标校准[SEP],null,注射泵报错阻塞,2020年5月19日在我院消化科使用注射泵使用过程中出现阻塞不良事件无法给患者使用当日采用更换设备方法事件好转经工程师检测发现注射泵选择后无匹配返厂让厂家定标校准,产品原因（包括说明书等）,注射泵选择后无匹配,null,[CLS]null[SEP]注射泵报错阻塞[SEP]2020年5月19日在我院消化科使用注射泵使用过程中出现阻塞不良事件无法给患者使用当日采用更换设备方法事件好转经工程师检测发现注射泵选择后无匹配返厂让厂家定标校准[SEP],注射泵报错阻塞,2020年5月19日在我院消化科使用注射泵使用过程中出现阻塞不良事件无法给患者使用当日采用更换设备方法事件好转经工程师检测发现注射泵选择后无匹配返厂让厂家定标校准,经过检查发现注射泵对使用的注射器规格不匹配判断可能是未使用该款注射器对注射泵进行校准导致注射泵内部没有记录该款注射器的相关参数引发误报警
125370712202000359,其他,[CLS]null[SEP]注射泵双通道的固定座频繁断裂影响科室使用[SEP]科室在使用过程中注射泵双通道的固定座发生断裂无法使用遂联系医工科更换配件[SEP],null,注射泵双通道的固定座频繁断裂影响科室使用,科室在使用过程中注射泵双通道的固定座发生断裂无法使用遂联系医工科更换配件,"操作原因,产品原因（包括说明书等）",产品工艺问题使用问题,null,[CLS]null[SEP]注射泵双通道的固定座频繁断裂影响科室使用[SEP]科室在使用过程中注射泵双通道的固定座发生断裂无法使用遂联系医工科更换配件[SEP],注射泵双通道的固定座频繁断裂影响科室使用,科室在使用过程中注射泵双通道的固定座发生断裂无法使用遂联系医工科更换配件,由于设备处于超预期寿命使用状态长期频繁按压加剧了捏柄的磨损导致损坏
127420400202000068,其他,[CLS]null[SEP]无法开机运行[SEP]药物注射治疗正常操作无法开机[SEP],null,无法开机运行,药物注射治疗正常操作无法开机,无法确定,注射泵内部排线脱落,null,[CLS]null[SEP]无法开机运行[SEP]药物注射治疗正常操作无法开机[SEP],无法开机运行,药物注射治疗正常操作无法开机,拆机检查发现内部线路插头松动导致电源线路不通无法开机分析是使用时在转移搬运过程中发生磕碰导致插头松动设备处于超预期寿命使用状态没有进行及时检修和保养因此发生故障
137610400202000229,其他,[CLS]无[SEP]null[SEP]2020年6月5日在给患者用注射泵进行注射液体时突然注射泵报错立即予以更换并上报设备科维修[SEP],无,null,2020年6月5日在给患者用注射泵进行注射液体时突然注射泵报错立即予以更换并上报设备科维修,无法确定,null,无,[CLS]无[SEP]null[SEP]2020年6月5日在给患者用注射泵进行注射液体时突然注射泵报错立即予以更换并上报设备科维修[SEP],null,2020年6月5日在给患者用注射泵进行注射液体时突然注射泵报错立即予以更换并上报设备科维修,分析是使用的注射器没有在注射泵上进行校准因此注射泵内没有保存该款注射器的相关参数造成内部检测的压力值过大引发误报警
125371806202000142,其他,[CLS]null[SEP]注射泵压杆根部断开无法压紧注射器[SEP]准备使用注射泵时发现存在该故障无法正常使用[SEP],null,注射泵压杆根部断开无法压紧注射器,准备使用注射泵时发现存在该故障无法正常使用,产品原因（包括说明书等）,设计缺陷导致容易出现碰撞发生该类故障,null,[CLS]null[SEP]注射泵压杆根部断开无法压紧注射器[SEP]准备使用注射泵时发现存在该故障无法正常使用[SEP],注射泵压杆根部断开无法压紧注射器,准备使用注射泵时发现存在该故障无法正常使用,因放置问题导致设备从桌子上意外掉落摔坏前壳压柄导向柱
137610400202000231,其他,[CLS]无[SEP]注射泵一通道报警导致无法使用[SEP]2020年5月28日在给患者进行注射液体治疗时发现注射泵一通道报警导致无法使用立即停止使用并上报设备科维修[SEP],无,注射泵一通道报警导致无法使用,2020年5月28日在给患者进行注射液体治疗时发现注射泵一通道报警导致无法使用立即停止使用并上报设备科维修,产品原因（包括说明书等）,null,无,[CLS]无[SEP]注射泵一通道报警导致无法使用[SEP]2020年5月28日在给患者进行注射液体治疗时发现注射泵一通道报警导致无法使用立即停止使用并上报设备科维修[SEP],注射泵一通道报警导致无法使用,2020年5月28日在给患者进行注射液体治疗时发现注射泵一通道报警导致无法使用立即停止使用并上报设备科维修,经检查发现用于识别注射器的压柄部位脱落导致注射器未能被设备正常识别压柄脱落的原因可能是由于设备在转运过程中发生碰撞导致用于固定压柄的卡扣脱落
140654500202000030,其他,[CLS]无[SEP]无法推药[SEP]正常使用[SEP],无,无法推药,正常使用,产品原因（包括说明书等）,限位开关脱落,无,[CLS]无[SEP]无法推药[SEP]正常使用[SEP],无法推药,正常使用,拆机发现设备的行程传感器插头脱落由于设备已在医院使用7年以上属于超预期寿命使用状态可能是设备在使用转运过程中受到碰撞导致插头脱落
137610400202000246,其他,[CLS]无[SEP]注射未完成微量泵报警显示异常并停止注射[SEP]2020年06月24日0900监3床患者下肢浮肿遵医嘱给予患者使用09氯化钠48毫升加呋塞米20毫克5毫升小时微量泵入0930患者微量泵药物剩余48毫升微量泵报警提示异常停止注射立即调整注射器位置重新启动该微量泵依然报警并显示异常停止注射立即给予患者更换微量泵继续为患者注射剩余药物患者及家属知情并无异议[SEP],无,注射未完成微量泵报警显示异常并停止注射,2020年06月24日0900监3床患者下肢浮肿遵医嘱给予患者使用09氯化钠48毫升加呋塞米20毫克5毫升小时微量泵入0930患者微量泵药物剩余48毫升微量泵报警提示异常停止注射立即调整注射器位置重新启动该微量泵依然报警并显示异常停止注射立即给予患者更换微量泵继续为患者注射剩余药物患者及家属知情并无异议,产品原因（包括说明书等）,null,无,[CLS]无[SEP]注射未完成微量泵报警显示异常并停止注射[SEP]2020年06月24日0900监3床患者下肢浮肿遵医嘱给予患者使用09氯化钠48毫升加呋塞米20毫克5毫升小时微量泵入0930患者微量泵药物剩余48毫升微量泵报警提示异常停止注射立即调整注射器位置重新启动该微量泵依然报警并显示异常停止注射立即给予患者更换微量泵继续为患者注射剩余药物患者及家属知情并无异议[SEP],注射未完成微量泵报警显示异常并停止注射,2020年06月24日0900监3床患者下肢浮肿遵医嘱给予患者使用09氯化钠48毫升加呋塞米20毫克5毫升小时微量泵入0930患者微量泵药物剩余48毫升微量泵报警提示异常停止注射立即调整注射器位置重新启动该微量泵依然报警并显示异常停止注射立即给予患者更换微量泵继续为患者注射剩余药物患者及家属知情并无异议,1拆机检查发现是用于检测行程的电位器插头脱落导致报警2造成插头脱落的原因可能是由于设备在使用期间转运过程中发生碰撞导致插头脱落
125370909202000131,其他,[CLS]null[SEP]微量泵第一通道不工作[SEP]护士在巡视病房时发现该微量泵第一通道不工作报系统故障关机重启也无法消除故障立即更换另外一台微量泵为患者泵入药物由于该设备为保修期内联系售后工程师告知此故障只能返厂维修[SEP],null,微量泵第一通道不工作,护士在巡视病房时发现该微量泵第一通道不工作报系统故障关机重启也无法消除故障立即更换另外一台微量泵为患者泵入药物由于该设备为保修期内联系售后工程师告知此故障只能返厂维修,无法确定,null,null,[CLS]null[SEP]微量泵第一通道不工作[SEP]护士在巡视病房时发现该微量泵第一通道不工作报系统故障关机重启也无法消除故障立即更换另外一台微量泵为患者泵入药物由于该设备为保修期内联系售后工程师告知此故障只能返厂维修[SEP],微量泵第一通道不工作,护士在巡视病房时发现该微量泵第一通道不工作报系统故障关机重启也无法消除故障立即更换另外一台微量泵为患者泵入药物由于该设备为保修期内联系售后工程师告知此故障只能返厂维修,经设备工程师现场检测发现是设备内的压力传感器故障从而引发报警
125370509202000180,其他,[CLS]null[SEP]D040301_自动注入失效[SEP]20200502为患者泵入胰岛素时注射泵显示泵入状态三十分钟后护士巡视病房发现药物未泵入患者及家属情绪急躁进行安抚后并更换注射泵[SEP],null,D040301_自动注入失效,20200502为患者泵入胰岛素时注射泵显示泵入状态三十分钟后护士巡视病房发现药物未泵入患者及家属情绪急躁进行安抚后并更换注射泵,产品原因（包括说明书等）,注射泵故障,null,[CLS]null[SEP]D040301_自动注入失效[SEP]20200502为患者泵入胰岛素时注射泵显示泵入状态三十分钟后护士巡视病房发现药物未泵入患者及家属情绪急躁进行安抚后并更换注射泵[SEP],D040301_自动注入失效,20200502为患者泵入胰岛素时注射泵显示泵入状态三十分钟后护士巡视病房发现药物未泵入患者及家属情绪急躁进行安抚后并更换注射泵,由于设备已在医院使用近4年属于超预期使用状态压力检测参数出现偏差需要重新校准
125370509202000145,其他,[CLS]症状未得到缓解[SEP]注射泵出现液体不输入状态[SEP]20200410下午4时为患者泵入药物护士规范操作正确机器未出现不良状态巡视病房时发现机器异常未出现报警药物未泵入更换注射泵继续为患者泵入药物[SEP],症状未得到缓解,注射泵出现液体不输入状态,20200410下午4时为患者泵入药物护士规范操作正确机器未出现不良状态巡视病房时发现机器异常未出现报警药物未泵入更换注射泵继续为患者泵入药物,产品原因（包括说明书等）,null,症状未得到缓解,[CLS]症状未得到缓解[SEP]注射泵出现液体不输入状态[SEP]20200410下午4时为患者泵入药物护士规范操作正确机器未出现不良状态巡视病房时发现机器异常未出现报警药物未泵入更换注射泵继续为患者泵入药物[SEP],注射泵出现液体不输入状态,20200410下午4时为患者泵入药物护士规范操作正确机器未出现不良状态巡视病房时发现机器异常未出现报警药物未泵入更换注射泵继续为患者泵入药物,由于设备在医院频繁使用没有进行定期维护及校准导致不能识别注射器因而未能正常启动运行
125371410202000109,其他,[CLS]无[SEP]无法选中输液器规格[SEP]2020年5月6日手术室送修注射泵一台据该科室反映当日科室进行日常设备维护保养时发现该设备正常夹持输液器后屏幕不显示输液器规格且无法开始工作未对病人造成不良影响[SEP],无,无法选中输液器规格,2020年5月6日手术室送修注射泵一台据该科室反映当日科室进行日常设备维护保养时发现该设备正常夹持输液器后屏幕不显示输液器规格且无法开始工作未对病人造成不良影响,无法确定,null,无,[CLS]无[SEP]无法选中输液器规格[SEP]2020年5月6日手术室送修注射泵一台据该科室反映当日科室进行日常设备维护保养时发现该设备正常夹持输液器后屏幕不显示输液器规格且无法开始工作未对病人造成不良影响[SEP],无法选中输液器规格,2020年5月6日手术室送修注射泵一台据该科室反映当日科室进行日常设备维护保养时发现该设备正常夹持输液器后屏幕不显示输液器规格且无法开始工作未对病人造成不良影响,由于设备在医院已使用6年属于超预期使用状态使用时存在旋转方向错误的情况导致压柄断裂
125371100202000142,其他,[CLS]无[SEP]注射时报警[SEP]2020年5月8日护士在对患者进行注射泵注射治疗时该设备频繁误报警护士在对患者更换设备后通知设备科进行维修未对患者造成不良影响[SEP],无,注射时报警,2020年5月8日护士在对患者进行注射泵注射治疗时该设备频繁误报警护士在对患者更换设备后通知设备科进行维修未对患者造成不良影响,产品原因（包括说明书等）,设备参数问题,无,[CLS]无[SEP]注射时报警[SEP]2020年5月8日护士在对患者进行注射泵注射治疗时该设备频繁误报警护士在对患者更换设备后通知设备科进行维修未对患者造成不良影响[SEP],注射时报警,2020年5月8日护士在对患者进行注射泵注射治疗时该设备频繁误报警护士在对患者更换设备后通知设备科进行维修未对患者造成不良影响,由于设备已在医院使用7年属于超预期使用状态长期使用导致设备内部压力值出现偏差引发报警
137610400201900621,其他,[CLS]无[SEP]null[SEP]使用注射泵给患儿注射液体时发现走液不准立即停止使用并上报设备科维修设备科工程师发现是注射器型号设置错误修改后正常并上报不良事件[SEP],无,null,使用注射泵给患儿注射液体时发现走液不准立即停止使用并上报设备科维修设备科工程师发现是注射器型号设置错误修改后正常并上报不良事件,产品原因（包括说明书等）,null,无,[CLS]无[SEP]null[SEP]使用注射泵给患儿注射液体时发现走液不准立即停止使用并上报设备科维修设备科工程师发现是注射器型号设置错误修改后正常并上报不良事件[SEP],null,使用注射泵给患儿注射液体时发现走液不准立即停止使用并上报设备科维修设备科工程师发现是注射器型号设置错误修改后正常并上报不良事件,1检查发现注射泵前壳压柄通道处损坏压柄是注射泵上用于固定并识别注射器规格的结构部件与注射泵前壳压柄通道配合达到预期功能若前壳压柄通道损坏则可能导致压柄不能正常使用2怀疑是由于受到外力冲击导致前壳压柄处损坏
137610400202000104,其他,[CLS]无[SEP]微量泵报警不止仪器故障[SEP]在给患者正常使用过程中突然报警不止显示遗忘操作主管护士立即停止使用并打电话给设备科维修经查属于微量泵故障予以维修并上报不良事件[SEP],无,微量泵报警不止仪器故障,在给患者正常使用过程中突然报警不止显示遗忘操作主管护士立即停止使用并打电话给设备科维修经查属于微量泵故障予以维修并上报不良事件,产品原因（包括说明书等）,null,无,[CLS]无[SEP]微量泵报警不止仪器故障[SEP]在给患者正常使用过程中突然报警不止显示遗忘操作主管护士立即停止使用并打电话给设备科维修经查属于微量泵故障予以维修并上报不良事件[SEP],微量泵报警不止仪器故障,在给患者正常使用过程中突然报警不止显示遗忘操作主管护士立即停止使用并打电话给设备科维修经查属于微量泵故障予以维修并上报不良事件,由于操作人员将设备停留在待启动界面2min后没有进行任何操作引发设备启动遗忘报警属于人为遗忘操作引发的正常报警
125371101202000064,其他,[CLS]无[SEP]注射泵拉杆拉不动[SEP]2020416患者因消化道出血静脉泵入生长抑素泵完一支重新更换时发现注射泵拉杆拉不动更换注射泵并通知设备科维修未对患者造成伤害[SEP],无,注射泵拉杆拉不动,2020416患者因消化道出血静脉泵入生长抑素泵完一支重新更换时发现注射泵拉杆拉不动更换注射泵并通知设备科维修未对患者造成伤害,产品原因（包括说明书等）,注射泵拉杆拉不动,无,[CLS]无[SEP]注射泵拉杆拉不动[SEP]2020416患者因消化道出血静脉泵入生长抑素泵完一支重新更换时发现注射泵拉杆拉不动更换注射泵并通知设备科维修未对患者造成伤害[SEP],注射泵拉杆拉不动,2020416患者因消化道出血静脉泵入生长抑素泵完一支重新更换时发现注射泵拉杆拉不动更换注射泵并通知设备科维修未对患者造成伤害,由于设备已在医院使用超过6年属于超预期使用状态捏柄反复受到按压导致磨损开裂
137610400202000115,其他,[CLS]无[SEP]微量泵报警显示仪器运行故障[SEP]2020年03月28日患者7床张志平术后于1545安返病房当班护士遵医嘱给予患者使用微量泵泵入生长抑素以达到抑制腺体分泌预防出血的作用于1830微量泵报警显示仪器运行故障当班护士立即给予更换微量泵患者治疗未受到影响[SEP],无,微量泵报警显示仪器运行故障,2020年03月28日患者7床张志平术后于1545安返病房当班护士遵医嘱给予患者使用微量泵泵入生长抑素以达到抑制腺体分泌预防出血的作用于1830微量泵报警显示仪器运行故障当班护士立即给予更换微量泵患者治疗未受到影响,产品原因（包括说明书等）,null,无,[CLS]无[SEP]微量泵报警显示仪器运行故障[SEP]2020年03月28日患者7床张志平术后于1545安返病房当班护士遵医嘱给予患者使用微量泵泵入生长抑素以达到抑制腺体分泌预防出血的作用于1830微量泵报警显示仪器运行故障当班护士立即给予更换微量泵患者治疗未受到影响[SEP],微量泵报警显示仪器运行故障,2020年03月28日患者7床张志平术后于1545安返病房当班护士遵医嘱给予患者使用微量泵泵入生长抑素以达到抑制腺体分泌预防出血的作用于1830微量泵报警显示仪器运行故障当班护士立即给予更换微量泵患者治疗未受到影响,分析可能是由于捏柄长时间频繁使用或受到外力撞击后内部出现裂痕再受力导致损坏
125370604202000028,其他,[CLS]无[SEP]注射器固定夹子断裂无法固定注射器[SEP]2020年4月18日护理在使用威高注射泵产品发现注射泵夹子断裂无法固定注射器未对患者使用没产生伤害经过报修设备科对夹子进行更换后恢复正常使用[SEP],无,注射器固定夹子断裂无法固定注射器,2020年4月18日护理在使用威高注射泵产品发现注射泵夹子断裂无法固定注射器未对患者使用没产生伤害经过报修设备科对夹子进行更换后恢复正常使用,产品原因（包括说明书等）,2020年4月18日护理在使用威高注射泵产品发现注射泵夹子断裂无法固定注射器未对患者使用没产生伤害经设备科拆开发现夹子连接处窄小使夹子强度不够特别容易损坏,无,[CLS]无[SEP]注射器固定夹子断裂无法固定注射器[SEP]2020年4月18日护理在使用威高注射泵产品发现注射泵夹子断裂无法固定注射器未对患者使用没产生伤害经过报修设备科对夹子进行更换后恢复正常使用[SEP],注射器固定夹子断裂无法固定注射器,2020年4月18日护理在使用威高注射泵产品发现注射泵夹子断裂无法固定注射器未对患者使用没产生伤害经过报修设备科对夹子进行更换后恢复正常使用,由于同一批次生产的注射泵未接到类似捏柄断裂的反馈故初步分析此故障与产品结构无关可能是使用过程中受到外力影响导致该部件断裂
125371703202000063,其他,[CLS]无[SEP]输液器夹断裂针管无法固定[SEP]2020年4月9日呼吸内一科医务人员发现一台输液泵输液夹断裂无法使用[SEP],无,输液器夹断裂针管无法固定,2020年4月9日呼吸内一科医务人员发现一台输液泵输液夹断裂无法使用,"产品原因（包括说明书等）,操作原因",输液夹断裂不排除外力碰撞导致,无,[CLS]无[SEP]输液器夹断裂针管无法固定[SEP]2020年4月9日呼吸内一科医务人员发现一台输液泵输液夹断裂无法使用[SEP],输液器夹断裂针管无法固定,2020年4月9日呼吸内一科医务人员发现一台输液泵输液夹断裂无法使用,怀疑收到外力碰撞导致推拉盒破损
120740324202000002,其他,[CLS]电源短路无法使用并有安全隐患[SEP]电源短路无法使用并有安全隐患[SEP]使用时发现电源短路无法使用且有安全隐患[SEP],电源短路无法使用并有安全隐患,电源短路无法使用并有安全隐患,使用时发现电源短路无法使用且有安全隐患,无法确定,null,电源短路无法使用并有安全隐患,[CLS]电源短路无法使用并有安全隐患[SEP]电源短路无法使用并有安全隐患[SEP]使用时发现电源短路无法使用且有安全隐患[SEP],电源短路无法使用并有安全隐患,使用时发现电源短路无法使用且有安全隐患,1该设备已在医院使用近7年属于超预期使用状态使用期限见附件说明书内容设备内部电路及器件已发生老化2经检查发现内部电源正常只有交流插座烧坏应是使用时设备上方输液袋漏液液体滴落到交流插座中引发短路
115152707202000005,其他,[CLS]可能发生注射速率不准[SEP]注射器规格识别错误[SEP]我院肿瘤内科使用注射泵为患者进行药物注射护士发现50ml注射器识别为5ml且无报警注射器识别错误会导致速率加快存在很大安全隐患[SEP],可能发生注射速率不准,注射器规格识别错误,我院肿瘤内科使用注射泵为患者进行药物注射护士发现50ml注射器识别为5ml且无报警注射器识别错误会导致速率加快存在很大安全隐患,"产品原因（包括说明书等）,操作原因",1注射泵故障错误识别注射器规格2操作规程要求使用前核对注射器是否识别正确若护士不能及时发现存在很大安全隐患,可能发生注射速率不准,[CLS]可能发生注射速率不准[SEP]注射器规格识别错误[SEP]我院肿瘤内科使用注射泵为患者进行药物注射护士发现50ml注射器识别为5ml且无报警注射器识别错误会导致速率加快存在很大安全隐患[SEP],注射器规格识别错误,我院肿瘤内科使用注射泵为患者进行药物注射护士发现50ml注射器识别为5ml且无报警注射器识别错误会导致速率加快存在很大安全隐患,1各厂家注射器卷边部位设计厚度不同因此造成注射器与设备不匹配导致注射器识别错误2起初安装调试设备时已经校准当时使用的注射器后来使用中更换未校准的注射器导致设备识别错误
125371801202000012,其他,[CLS]null[SEP]注射泵电量不足[SEP]患者蒋德连因脑梗死于2020217入住我科为利尿治疗使用注射泵泵入托拉塞米2020218日上午950分护士卞毅敬在使用注射泵时发现电量不足随即插入电源线接通电源使用[SEP],null,注射泵电量不足,患者蒋德连因脑梗死于2020217入住我科为利尿治疗使用注射泵泵入托拉塞米2020218日上午950分护士卞毅敬在使用注射泵时发现电量不足随即插入电源线接通电源使用,产品原因（包括说明书等）,注射泵电池充不上电,null,[CLS]null[SEP]注射泵电量不足[SEP]患者蒋德连因脑梗死于2020217入住我科为利尿治疗使用注射泵泵入托拉塞米2020218日上午950分护士卞毅敬在使用注射泵时发现电量不足随即插入电源线接通电源使用[SEP],注射泵电量不足,患者蒋德连因脑梗死于2020217入住我科为利尿治疗使用注射泵泵入托拉塞米2020218日上午950分护士卞毅敬在使用注射泵时发现电量不足随即插入电源线接通电源使用,设备使用时没有连接交流电源由内部电池供电电池电量不足时引发报警属于正常报警
125370905202000018,其他,[CLS]无[SEP]开机报警[SEP]2020年3月11日对注射泵日常保养时开机发现报警立即联系维修人员未对患者造成影响[SEP],无,开机报警,2020年3月11日对注射泵日常保养时开机发现报警立即联系维修人员未对患者造成影响,无法确定,限位开关未弹起,无,[CLS]无[SEP]开机报警[SEP]2020年3月11日对注射泵日常保养时开机发现报警立即联系维修人员未对患者造成影响[SEP],开机报警,2020年3月11日对注射泵日常保养时开机发现报警立即联系维修人员未对患者造成影响,1该设备已在医院使用超过7年由于电池本身属于消耗品所以目前电池电量属于枯竭状态使得开机报警电压低2由于电池电量低引发的报警属于正常报警
125370701202000009,其他,[CLS]无[SEP]注射泵开机后报警并提示报警信息系统故障4重启后报警依然存在无法使用[SEP]患者因低血糖于2020年02月01日到我院急诊留观病区就诊上午800遵医嘱给予高渗糖微量泵入治疗开机后发现机器报警提示报警信息系统故障4关机重启后机器依然报警立即停止使用并更换新注射泵继续给予治疗未对患者造成影响及时向患者做好解释工作取得患者理解通知器械科工程师前来检修事后对此事件予以记录上报[SEP],无,注射泵开机后报警并提示报警信息系统故障4重启后报警依然存在无法使用,患者因低血糖于2020年02月01日到我院急诊留观病区就诊上午800遵医嘱给予高渗糖微量泵入治疗开机后发现机器报警提示报警信息系统故障4关机重启后机器依然报警立即停止使用并更换新注射泵继续给予治疗未对患者造成影响及时向患者做好解释工作取得患者理解通知器械科工程师前来检修事后对此事件予以记录上报,产品原因（包括说明书等）,经过咨询厂家工程师得知该报错是由于通讯模块故障导致等待发回厂家维修,无,[CLS]无[SEP]注射泵开机后报警并提示报警信息系统故障4重启后报警依然存在无法使用[SEP]患者因低血糖于2020年02月01日到我院急诊留观病区就诊上午800遵医嘱给予高渗糖微量泵入治疗开机后发现机器报警提示报警信息系统故障4关机重启后机器依然报警立即停止使用并更换新注射泵继续给予治疗未对患者造成影响及时向患者做好解释工作取得患者理解通知器械科工程师前来检修事后对此事件予以记录上报[SEP],注射泵开机后报警并提示报警信息系统故障4重启后报警依然存在无法使用,患者因低血糖于2020年02月01日到我院急诊留观病区就诊上午800遵医嘱给予高渗糖微量泵入治疗开机后发现机器报警提示报警信息系统故障4关机重启后机器依然报警立即停止使用并更换新注射泵继续给予治疗未对患者造成影响及时向患者做好解释工作取得患者理解通知器械科工程师前来检修事后对此事件予以记录上报,1拆机检查发现主从道间通信线插头从插座上脱落2怀疑是设备受到外力磕碰导致插头脱落
125371003202000001,其他,[CLS]延长治疗时间[SEP]注射泵故障报警[SEP]202019接收病区送修注射泵科室反映该机开机后故障报警无法使用[SEP],延长治疗时间,注射泵故障报警,202019接收病区送修注射泵科室反映该机开机后故障报警无法使用,无法确定,拆机检测为线路板故障,延长治疗时间,[CLS]延长治疗时间[SEP]注射泵故障报警[SEP]202019接收病区送修注射泵科室反映该机开机后故障报警无法使用[SEP],注射泵故障报警,202019接收病区送修注射泵科室反映该机开机后故障报警无法使用,1由于设备外壳下通道压柄处碎裂导致设备无法正常识别注射器从而引发脱落报警2由于设备下通道推拉盒碎裂导致推拉盒内部线路故障运行模块信号传递异常引发异常2报警3两处碎裂可能是设备碰撞造成
125371703202000062,其他,[CLS]无[SEP]使用过程中自动停止[SEP]2020年4月7日心内二科医务人员使用注射泵为患者注射液体使用过程中注射泵自动停止工作医务人员重新启动注射泵故障仍会出现更换注射泵重新为患者注射[SEP],无,使用过程中自动停止,2020年4月7日心内二科医务人员使用注射泵为患者注射液体使用过程中注射泵自动停止工作医务人员重新启动注射泵故障仍会出现更换注射泵重新为患者注射,产品原因（包括说明书等）,注射泵自动停止注射工程师检修后怀疑为注射泵控制系统故障,无,[CLS]无[SEP]使用过程中自动停止[SEP]2020年4月7日心内二科医务人员使用注射泵为患者注射液体使用过程中注射泵自动停止工作医务人员重新启动注射泵故障仍会出现更换注射泵重新为患者注射[SEP],使用过程中自动停止,2020年4月7日心内二科医务人员使用注射泵为患者注射液体使用过程中注射泵自动停止工作医务人员重新启动注射泵故障仍会出现更换注射泵重新为患者注射,1由于压柄破损影响注射器固定效果导致不能正常推注药物2该设备已在医院使用5年以上属于超预期使用状态设备的部件由于长期使用老化损坏
133513435201900020,其他,[CLS]无可能导致患者其他医疗事故发生[SEP]注射泵在使用过程中屏幕出现闪烁[SEP]遵医嘱为患者进行治疗使用注射泵的过程中出现屏幕闪烁[SEP],无可能导致患者其他医疗事故发生,注射泵在使用过程中屏幕出现闪烁,遵医嘱为患者进行治疗使用注射泵的过程中出现屏幕闪烁,产品原因（包括说明书等）,遵医嘱为患者进行治疗使用注射泵的过程中出现屏幕闪烁立即更换注射泵为患者继续治疗,无可能导致患者其他医疗事故发生,[CLS]无可能导致患者其他医疗事故发生[SEP]注射泵在使用过程中屏幕出现闪烁[SEP]遵医嘱为患者进行治疗使用注射泵的过程中出现屏幕闪烁[SEP],注射泵在使用过程中屏幕出现闪烁,遵医嘱为患者进行治疗使用注射泵的过程中出现屏幕闪烁,怀疑设备在使用时转运过程中出现磕碰造成显示屏与主控板连接松动导致显示屏闪烁
140654500201900222,其他,[CLS]null[SEP]开机后报警异常5注射推杆压力控制器故障[SEP]开机后报警异常5注射推杆压力控制器故障[SEP],null,开机后报警异常5注射推杆压力控制器故障,开机后报警异常5注射推杆压力控制器故障,无法确定,开机后报警异常5注射推杆压力控制器故障,null,[CLS]null[SEP]开机后报警异常5注射推杆压力控制器故障[SEP]开机后报警异常5注射推杆压力控制器故障[SEP],开机后报警异常5注射推杆压力控制器故障,开机后报警异常5注射推杆压力控制器故障,由于设备已使用5年以上属于超预期使用状态使用期限见附件说明书内容长期使用后原有的压力值参数发生偏移导致压力检测异常
140654500201900221,其他,[CLS]null[SEP]开机后报警异常2电机推动螺杆位置传感器线路脱落[SEP]开机后报警异常2电机推动螺杆位置传感器线路脱落[SEP],null,开机后报警异常2电机推动螺杆位置传感器线路脱落,开机后报警异常2电机推动螺杆位置传感器线路脱落,无法确定,开机后报警异常2电机推动螺杆位置传感器线路脱落,null,[CLS]null[SEP]开机后报警异常2电机推动螺杆位置传感器线路脱落[SEP]开机后报警异常2电机推动螺杆位置传感器线路脱落[SEP],开机后报警异常2电机推动螺杆位置传感器线路脱落,开机后报警异常2电机推动螺杆位置传感器线路脱落,1拆机检查发现运行传感器插头松动导致运行信号传递异常引发报警2由于该设备已在医院使用5年以上属于超预期使用状态使用期限见附件说明书内容长期使用导致内部插头松动
140650110201900132,其他,[CLS]断电后无法使用会停止注射[SEP]断开电源线自动关机[SEP]护士使用中发现只要断开电源线就会导致机器关机怀疑电池损坏通知设备科检修[SEP],断电后无法使用会停止注射,断开电源线自动关机,护士使用中发现只要断开电源线就会导致机器关机怀疑电池损坏通知设备科检修,产品原因（包括说明书等）,检修发现此注射泵电池仓内无电池与厂家沟通发现是出厂将电池漏装,断电后无法使用会停止注射,[CLS]断电后无法使用会停止注射[SEP]断开电源线自动关机[SEP]护士使用中发现只要断开电源线就会导致机器关机怀疑电池损坏通知设备科检修[SEP],断开电源线自动关机,护士使用中发现只要断开电源线就会导致机器关机怀疑电池损坏通知设备科检修,1设备内无电池因此不能开机2设备已在医院使用超过7年处于超预期使用状态经确认由于医院保管不当将电池丢失
125371706202000003,其他,[CLS]无[SEP]使用过程中报警显示停机状态[SEP]于202014责任护士遵医嘱为患者定量泵入药物安装注射器等准备工作就绪开机检测设备显示正常液体正常泵入过程中突然报警显示停机状态重复开机一段时间后仍出现此故障立即停用更换为患者完成药物注射耽误患者治疗时间未造成不良影响[SEP],无,使用过程中报警显示停机状态,于202014责任护士遵医嘱为患者定量泵入药物安装注射器等准备工作就绪开机检测设备显示正常液体正常泵入过程中突然报警显示停机状态重复开机一段时间后仍出现此故障立即停用更换为患者完成药物注射耽误患者治疗时间未造成不良影响,产品原因（包括说明书等）,报警系统异常,无,[CLS]无[SEP]使用过程中报警显示停机状态[SEP]于202014责任护士遵医嘱为患者定量泵入药物安装注射器等准备工作就绪开机检测设备显示正常液体正常泵入过程中突然报警显示停机状态重复开机一段时间后仍出现此故障立即停用更换为患者完成药物注射耽误患者治疗时间未造成不良影响[SEP],使用过程中报警显示停机状态,于202014责任护士遵医嘱为患者定量泵入药物安装注射器等准备工作就绪开机检测设备显示正常液体正常泵入过程中突然报警显示停机状态重复开机一段时间后仍出现此故障立即停用更换为患者完成药物注射耽误患者治疗时间未造成不良影响,由于设备已在医院使用近6年属于超预期寿命使用状态主板和压力传感器因老化而发生故障导致报警发生
123350322201900032,其他,[CLS]null[SEP]D0305_松动连接[SEP]2019年4月30日患者因支气管扩张伴感染在仙游县总医院住院治疗2019年4月30日我科室的医务人员使用注射泵对患者进行控制静脉注射量在组装完好情况下注射泵仍显示注射器脱落及时停用该设备更换另一台注射泵未对患者产生影响[SEP],null,D0305_松动连接,2019年4月30日患者因支气管扩张伴感染在仙游县总医院住院治疗2019年4月30日我科室的医务人员使用注射泵对患者进行控制静脉注射量在组装完好情况下注射泵仍显示注射器脱落及时停用该设备更换另一台注射泵未对患者产生影响,产品原因（包括说明书等）,可能是注射泵卡槽设置问题,null,[CLS]null[SEP]D0305_松动连接[SEP]2019年4月30日患者因支气管扩张伴感染在仙游县总医院住院治疗2019年4月30日我科室的医务人员使用注射泵对患者进行控制静脉注射量在组装完好情况下注射泵仍显示注射器脱落及时停用该设备更换另一台注射泵未对患者产生影响[SEP],D0305_松动连接,2019年4月30日患者因支气管扩张伴感染在仙游县总医院住院治疗2019年4月30日我科室的医务人员使用注射泵对患者进行控制静脉注射量在组装完好情况下注射泵仍显示注射器脱落及时停用该设备更换另一台注射泵未对患者产生影响,由于使用的避光注射器外套卷边太厚不能卡入注射泵卡槽属于非正常安装状态因此触发注射器脱落报警
125371806202000001,其他,[CLS]null[SEP]注射泵显示屏白屏[SEP]在准备给患者使用注射泵时开机发现显示屏白屏无法调节参数无法使用[SEP],null,注射泵显示屏白屏,在准备给患者使用注射泵时开机发现显示屏白屏无法调节参数无法使用,产品原因（包括说明书等）,显示屏质量问题,null,[CLS]null[SEP]注射泵显示屏白屏[SEP]在准备给患者使用注射泵时开机发现显示屏白屏无法调节参数无法使用[SEP],注射泵显示屏白屏,在准备给患者使用注射泵时开机发现显示屏白屏无法调节参数无法使用,显示屏本身出现故障
125371803202000006,其他,[CLS]null[SEP]注射泵报警[SEP]2020年1月8日在我院心内二科使用注射泵时发现设定12小时注射结束结果推6小时就完成了送修医工部反复检测后正常使用没有对病人造成不良后果[SEP],null,注射泵报警,2020年1月8日在我院心内二科使用注射泵时发现设定12小时注射结束结果推6小时就完成了送修医工部反复检测后正常使用没有对病人造成不良后果,操作原因,人员误操作,null,[CLS]null[SEP]注射泵报警[SEP]2020年1月8日在我院心内二科使用注射泵时发现设定12小时注射结束结果推6小时就完成了送修医工部反复检测后正常使用没有对病人造成不良后果[SEP],注射泵报警,2020年1月8日在我院心内二科使用注射泵时发现设定12小时注射结束结果推6小时就完成了送修医工部反复检测后正常使用没有对病人造成不良后果,由于临床使用人员操作失误参数设置错误非产品本身问题
127740353202000002,其他,[CLS]null[SEP]注射泵手柄夹子损坏[SEP]注射泵手柄夹子损坏[SEP],null,注射泵手柄夹子损坏,注射泵手柄夹子损坏,产品原因（包括说明书等）,塑料手柄老化,null,[CLS]null[SEP]注射泵手柄夹子损坏[SEP]注射泵手柄夹子损坏[SEP],注射泵手柄夹子损坏,注射泵手柄夹子损坏,由于该设备在医院使用近5年超过说明书提示的约三年的使用寿命使用期限见附件说明书内容长期频繁使用捏柄导致该部件磨损断裂
120740324201900106,其他,[CLS]泵运行实际不走无法使用[SEP]泵运行实际不走无法使用[SEP]使用过程中发现正常运转泵不走[SEP],泵运行实际不走无法使用,泵运行实际不走无法使用,使用过程中发现正常运转泵不走,无法确定,机械故障,泵运行实际不走无法使用,[CLS]泵运行实际不走无法使用[SEP]泵运行实际不走无法使用[SEP]使用过程中发现正常运转泵不走[SEP],泵运行实际不走无法使用,使用过程中发现正常运转泵不走,1设备已在医院使用超过6年属于超预期使用状态见附件注射泵使用期限截自说明书2设备使用年限过长主控板线路老化导致
125371101201900514,其他,[CLS]无[SEP]注射泵充电后仍显示电量为零[SEP]20191286床患者宋恩甫因胸外伤后吞咽困难入院后行胃造瘘术CT示胆囊结石使用注射泵持续泵入生长抑素患者带注射泵下床活动时拔掉电源后注射泵停止工作电量显示为零立即更换注射泵联系设备科维修未对患者造成伤害[SEP],无,注射泵充电后仍显示电量为零,20191286床患者宋恩甫因胸外伤后吞咽困难入院后行胃造瘘术CT示胆囊结石使用注射泵持续泵入生长抑素患者带注射泵下床活动时拔掉电源后注射泵停止工作电量显示为零立即更换注射泵联系设备科维修未对患者造成伤害,产品原因（包括说明书等）,注射泵充电后仍显示电量为零,无,[CLS]无[SEP]注射泵充电后仍显示电量为零[SEP]20191286床患者宋恩甫因胸外伤后吞咽困难入院后行胃造瘘术CT示胆囊结石使用注射泵持续泵入生长抑素患者带注射泵下床活动时拔掉电源后注射泵停止工作电量显示为零立即更换注射泵联系设备科维修未对患者造成伤害[SEP],注射泵充电后仍显示电量为零,20191286床患者宋恩甫因胸外伤后吞咽困难入院后行胃造瘘术CT示胆囊结石使用注射泵持续泵入生长抑素患者带注射泵下床活动时拔掉电源后注射泵停止工作电量显示为零立即更换注射泵联系设备科维修未对患者造成伤害,1设备已在医院使用近6年属于超预期使用状态2电池本身属于消耗品由于长期使用已经处于耗尽衰竭状态无法正常充放电
125371101202000026,其他,[CLS]无[SEP]使用过程中注射泵报警[SEP]202022715床患者潘咸光因肠梗阻泵入生长抑素泵入过程中注射泵报警查看注射泵右上角显示异常2右下角显示停止查输液通路无异常电路正常注射泵各参数无异常重新启动后几分钟注射泵又报警并自动停止重新更换注射泵并通知设备科维修未对患者造成伤害[SEP],无,使用过程中注射泵报警,202022715床患者潘咸光因肠梗阻泵入生长抑素泵入过程中注射泵报警查看注射泵右上角显示异常2右下角显示停止查输液通路无异常电路正常注射泵各参数无异常重新启动后几分钟注射泵又报警并自动停止重新更换注射泵并通知设备科维修未对患者造成伤害,产品原因（包括说明书等）,使用过程中注射泵报警,无,[CLS]无[SEP]使用过程中注射泵报警[SEP]202022715床患者潘咸光因肠梗阻泵入生长抑素泵入过程中注射泵报警查看注射泵右上角显示异常2右下角显示停止查输液通路无异常电路正常注射泵各参数无异常重新启动后几分钟注射泵又报警并自动停止重新更换注射泵并通知设备科维修未对患者造成伤害[SEP],使用过程中注射泵报警,202022715床患者潘咸光因肠梗阻泵入生长抑素泵入过程中注射泵报警查看注射泵右上角显示异常2右下角显示停止查输液通路无异常电路正常注射泵各参数无异常重新启动后几分钟注射泵又报警并自动停止重新更换注射泵并通知设备科维修未对患者造成伤害,1经拆机检查发现长电位器和主板连线的插头松动2由于设备已在医院使用近7年属于超预期使用状态设备在科室长时间使用或移动可能因振动或碰撞导致连接线插头松动附说明书产品使用期限说明
125370712201900762,其他,[CLS]无伤害[SEP]连续报警[SEP]为患者提供药物静脉泵入时微量泵突然不停报警但是观察药物仍然能够顺利输注但是报警音不停造成不必要的噪音引起患者烦躁责任护士遂立即更换微量泵未发生再报警现象安慰患者保证治疗的顺利进行[SEP],无伤害,连续报警,为患者提供药物静脉泵入时微量泵突然不停报警但是观察药物仍然能够顺利输注但是报警音不停造成不必要的噪音引起患者烦躁责任护士遂立即更换微量泵未发生再报警现象安慰患者保证治疗的顺利进行,产品原因（包括说明书等）,系统问题,无伤害,[CLS]无伤害[SEP]连续报警[SEP]为患者提供药物静脉泵入时微量泵突然不停报警但是观察药物仍然能够顺利输注但是报警音不停造成不必要的噪音引起患者烦躁责任护士遂立即更换微量泵未发生再报警现象安慰患者保证治疗的顺利进行[SEP],连续报警,为患者提供药物静脉泵入时微量泵突然不停报警但是观察药物仍然能够顺利输注但是报警音不停造成不必要的噪音引起患者烦躁责任护士遂立即更换微量泵未发生再报警现象安慰患者保证治疗的顺利进行,使用时未连接交流电源电池供电运行一段时间后电量低引发报警
116210200201900540,其他,[CLS]null[SEP]正常运行一段时间后注射器不再向前推进机器报警[SEP]正常开机连接注射器并设置参数并连接到病人身上开始工作一段时间后机器报警停止工作[SEP],null,正常运行一段时间后注射器不再向前推进机器报警,正常开机连接注射器并设置参数并连接到病人身上开始工作一段时间后机器报警停止工作,产品原因（包括说明书等）,null,null,[CLS]null[SEP]正常运行一段时间后注射器不再向前推进机器报警[SEP]正常开机连接注射器并设置参数并连接到病人身上开始工作一段时间后机器报警停止工作[SEP],正常运行一段时间后注射器不再向前推进机器报警,正常开机连接注射器并设置参数并连接到病人身上开始工作一段时间后机器报警停止工作,1由于设备在医院已使用超过6年属于超预期寿命使用状态2检查电源线插头与交流电插座连接处交流电插座连接部分均正常3检查电源线发现有接触不良的现象导致设备由电池供电工作电池电量即将耗尽从而触发报警
127420400201900325,其他,[CLS]微量泵无法固定容易下滑[SEP]微量泵无法固定容易下滑[SEP]注射泵固定不住容易下滑报修[SEP],微量泵无法固定容易下滑,微量泵无法固定容易下滑,注射泵固定不住容易下滑报修,产品原因（包括说明书等）,微量泵使用过程中在固定杆上无法固定容易下滑微量泵背部固定装置滑丝无法紧固,微量泵无法固定容易下滑,[CLS]微量泵无法固定容易下滑[SEP]微量泵无法固定容易下滑[SEP]注射泵固定不住容易下滑报修[SEP],微量泵无法固定容易下滑,注射泵固定不住容易下滑报修,由于该设备已在医院使用约6年属于超预期使用状态反复使用导致紧固夹螺纹磨损
113130658201900108,其他,[CLS]延误治疗[SEP]注射泵上下显示时间不一致上道泵设置好后重启仍恢复出厂设置时间[SEP]患者使用双道注射泵注射泵上下显示时间不一致上道泵设置好后重启仍恢复出厂设置时间[SEP],延误治疗,注射泵上下显示时间不一致上道泵设置好后重启仍恢复出厂设置时间,患者使用双道注射泵注射泵上下显示时间不一致上道泵设置好后重启仍恢复出厂设置时间,产品原因（包括说明书等）,null,延误治疗,[CLS]延误治疗[SEP]注射泵上下显示时间不一致上道泵设置好后重启仍恢复出厂设置时间[SEP]患者使用双道注射泵注射泵上下显示时间不一致上道泵设置好后重启仍恢复出厂设置时间[SEP],注射泵上下显示时间不一致上道泵设置好后重启仍恢复出厂设置时间,患者使用双道注射泵注射泵上下显示时间不一致上道泵设置好后重启仍恢复出厂设置时间,设备时间由主板上的纽扣电池控制由于纽扣电池电量用完导致设备时间自动恢复成出厂设置时间且无法保存更新
125371100201900565,其他,[CLS]未对患者造成任何伤害[SEP]注射泵报警[SEP]2019年12月8日护士发现给患者精准输注药物的单道注射泵报警无法继续为患者治疗立即更换备用机继续治疗未对患者造成任何伤害立即通知设备科工程师维修[SEP],未对患者造成任何伤害,注射泵报警,2019年12月8日护士发现给患者精准输注药物的单道注射泵报警无法继续为患者治疗立即更换备用机继续治疗未对患者造成任何伤害立即通知设备科工程师维修,产品原因（包括说明书等）,传感器故障,未对患者造成任何伤害,[CLS]未对患者造成任何伤害[SEP]注射泵报警[SEP]2019年12月8日护士发现给患者精准输注药物的单道注射泵报警无法继续为患者治疗立即更换备用机继续治疗未对患者造成任何伤害立即通知设备科工程师维修[SEP],注射泵报警,2019年12月8日护士发现给患者精准输注药物的单道注射泵报警无法继续为患者治疗立即更换备用机继续治疗未对患者造成任何伤害立即通知设备科工程师维修,1经拆机检查发现设备运行模块有关长电位器行程传感器插头松动导致2由于设备在医院使用5年以上可能是设备转运过程中受到外力碰撞导致插头松动
111231500201903260,其他,[CLS]null[SEP]设备A通道数据丢失或者损坏[SEP]设备A通道数据丢失或者损坏故障现象注射量与设置量不一致[SEP],null,设备A通道数据丢失或者损坏,设备A通道数据丢失或者损坏故障现象注射量与设置量不一致,产品原因（包括说明书等）,null,null,[CLS]null[SEP]设备A通道数据丢失或者损坏[SEP]设备A通道数据丢失或者损坏故障现象注射量与设置量不一致[SEP],设备A通道数据丢失或者损坏,设备A通道数据丢失或者损坏故障现象注射量与设置量不一致,1经拆机检查发现内部传递检测信号的线束发生破损导致信号传递异常引发报警2怀疑线束在设备内部受到摩擦导致破损
137610400201900507,其他,[CLS]无[SEP]null[SEP]患者在使用微量泵过程中泵入得泵速与预设量不相符使用微量泵的目的主要是控制速度泵速过快或过慢都会对患者病情的造成影响发现异常后立即更换1台微量泵使用[SEP],无,null,患者在使用微量泵过程中泵入得泵速与预设量不相符使用微量泵的目的主要是控制速度泵速过快或过慢都会对患者病情的造成影响发现异常后立即更换1台微量泵使用,产品原因（包括说明书等）,null,无,[CLS]无[SEP]null[SEP]患者在使用微量泵过程中泵入得泵速与预设量不相符使用微量泵的目的主要是控制速度泵速过快或过慢都会对患者的病情造成影响发现异常后立即更换1台微量泵使用[SEP],null,患者在使用微量泵过程中泵入得泵速与预设量不相符使用微量泵的目的主要是控制速度泵速过快或过慢都会对患者的病情造成影响发现异常后立即更换1台微量泵使用,1拆机发现设备内部离合信号传递线束破损导致离合信号传递受阻引发报警2线束可能是由于受到内部其他部件的频繁磨损导致
125371801201900229,其他,[CLS]null[SEP]对注射器无反应[SEP]20191130日计量院来院对注射泵进行计量检测发现对注射器无反应j经检测为注射泵压柄故障建议厂家维修[SEP],null,对注射器无反应,20191130日计量院来院对注射泵进行计量检测发现对注射器无反应j经检测为注射泵压柄故障建议厂家维修,产品原因（包括说明书等）,注射泵压柄故障,null,[CLS]null[SEP]对注射器无反应[SEP]20191130日计量院来院对注射泵进行计量检测发现对注射器无反应j经检测为注射泵压柄故障建议厂家维修[SEP],对注射器无反应,20191130日计量院来院对注射泵进行计量检测发现对注射器无反应j经检测为注射泵压柄故障建议厂家维修,自定义品牌1由于校准过其他品牌注射器内部参数与康德莱注射器不同所以未能识别非设备故障
125371202201900303,其他,[CLS]无[SEP]注射泵报警失灵[SEP]2019年2月25日910患者因憋喘入院治疗经过常规检查遵医嘱给予氯化钠注射液20ml西地兰02mg喘定025g输液治疗20分钟后针管内药液推注完成未报警护理人员立即停止使用更换其他注射泵治疗正常进行[SEP],无,注射泵报警失灵,2019年2月25日910患者因憋喘入院治疗经过常规检查遵医嘱给予氯化钠注射液20ml西地兰02mg喘定025g输液治疗20分钟后针管内药液推注完成未报警护理人员立即停止使用更换其他注射泵治疗正常进行,产品原因（包括说明书等）,产品故障问题,无,[CLS]无[SEP]注射泵报警失灵[SEP]2019年2月25日910患者因憋喘入院治疗经过常规检查遵医嘱给予氯化钠注射液20ml西地兰02mg喘定025g输液治疗20分钟后针管内药液推注完成未报警护理人员立即停止使用更换其他注射泵治疗正常进行[SEP],注射泵报警失灵,2019年2月25日910患者因憋喘入院治疗经过常规检查遵医嘱给予氯化钠注射液20ml西地兰02mg喘定025g输液治疗20分钟后针管内药液推注完成未报警护理人员立即停止使用更换其他注射泵治疗正常进行,经过拆机检查发现喇叭线插头松动导致喇叭无法发声
125371104201900391,其他,[CLS]无[SEP]药物泵完后未报警[SEP]患者诊断为左下肢深静脉血栓2019年10月21日为患者遵医嘱为患者泵入药物治疗注射用完后未报警发现及时未对患者造成不良影响[SEP],无,药物泵完后未报警,患者诊断为左下肢深静脉血栓2019年10月21日为患者遵医嘱为患者泵入药物治疗注射用完后未报警发现及时未对患者造成不良影响,产品原因（包括说明书等）,机械工作能力损耗,无,[CLS]无[SEP]药物泵完后未报警[SEP]患者诊断为左下肢深静脉血栓2019年10月21日为患者遵医嘱为患者泵入药物治疗注射用完后未报警发现及时未对患者造成不良影响[SEP],药物泵完后未报警,患者诊断为左下肢深静脉血栓2019年10月21日为患者遵医嘱为患者泵入药物治疗注射用完后未报警发现及时未对患者造成不良影响,经拆机检查发现是喇叭不发声
125370101201900164,其他,[CLS]null[SEP]注射泵顶端卡扣无法完全闭合[SEP]2019年11月06日08时20分我院手术室护士在检查仪器时发现品牌为山东威高的一台注射泵顶端卡扣无法完全闭合考虑到可能会导致注射器推进不顺容易造成液体计量不准设备科人员拆卸后发现卡扣及内部齿轮均为注塑材质本身误差较大容易产生彼此之间的阻碍因此立即联系厂家并于2019年11月10日收到厂家卡扣配件经设备科人员更换后故障解除[SEP],null,注射泵顶端卡扣无法完全闭合,2019年11月06日08时20分我院手术室护士在检查仪器时发现品牌为山东威高的一台注射泵顶端卡扣无法完全闭合考虑到可能会导致注射器推进不顺容易造成液体计量不准设备科人员拆卸后发现卡扣及内部齿轮均为注塑材质本身误差较大容易产生彼此之间的阻碍因此立即联系厂家并于2019年11月10日收到厂家卡扣配件经设备科人员更换后故障解除,产品原因（包括说明书等）,注射泵卡扣无法完全闭合设备科人员拆卸后发现卡扣及内部齿轮均为注塑材质本身误差较大容易产生彼此之间的阻碍,null,[CLS]null[SEP]注射泵顶端卡扣无法完全闭合[SEP]2019年11月06日08时20分我院手术室护士在检查仪器时发现品牌为山东威高的一台注射泵顶端卡扣无法完全闭合考虑到可能会导致注射器推进不顺容易造成液体计量不准设备科人员拆卸后发现卡扣及内部齿轮均为注塑材质本身误差较大容易产生彼此之间的阻碍因此立即联系厂家并于2019年11月10日收到厂家卡扣配件经设备科人员更换后故障解除[SEP],注射泵顶端卡扣无法完全闭合,2019年11月06日08时20分我院手术室护士在检查仪器时发现品牌为山东威高的一台注射泵顶端卡扣无法完全闭合考虑到可能会导致注射器推进不顺容易造成液体计量不准设备科人员拆卸后发现卡扣及内部齿轮均为注塑材质本身误差较大容易产生彼此之间的阻碍因此立即联系厂家并于2019年11月10日收到厂家卡扣配件经设备科人员更换后故障解除,经过拆机检查推拉盒内部摆齿轮位置偏离由于注射器夹的状态与推拉盒内部摆齿轮有关所以导致注射器夹子不能完全闭合怀疑是安装注射器时按压注射器夹力量过大导致内部摆齿轮位置偏离
125371100201900398,其他,[CLS]无[SEP]D1201_设备或部件脱离[SEP]2019年11月5日患者因腹痛入院治疗遵医嘱使用注射泵辅助治疗在使用过程中拉杆脱落无法使用延误患者治疗[SEP],无,D1201_设备或部件脱离,2019年11月5日患者因腹痛入院治疗遵医嘱使用注射泵辅助治疗在使用过程中拉杆脱落无法使用延误患者治疗,产品原因（包括说明书等）,拉杆损坏机械故障,无,[CLS]无[SEP]D1201_设备或部件脱离[SEP]2019年11月5日患者因腹痛入院治疗遵医嘱使用注射泵辅助治疗在使用过程中拉杆脱落无法使用延误患者治疗[SEP],D1201_设备或部件脱离,2019年11月5日患者因腹痛入院治疗遵医嘱使用注射泵辅助治疗在使用过程中拉杆脱落无法使用延误患者治疗,1压柄的正确的使用方法是将压柄上提至顶端然后左旋902由于临床使用时未按照产品使用要求进行操作未将压柄上提至顶端就用力旋转造成压柄处断裂
140650110201900112,其他,[CLS]影响病人使用延缓病人康复时间[SEP]注射器尾夹断裂[SEP]护士在仪器表面消毒过程中发现注射器尾夹开裂[SEP],影响病人使用延缓病人康复时间,注射器尾夹断裂,护士在仪器表面消毒过程中发现注射器尾夹开裂,无法确定,注射泵不明原因尾夹开裂导致仪器无法正常工作,影响病人使用延缓病人康复时间,[CLS]影响病人使用延缓病人康复时间[SEP]注射器尾夹断裂[SEP]护士在仪器表面消毒过程中发现注射器尾夹开裂[SEP],注射器尾夹断裂,护士在仪器表面消毒过程中发现注射器尾夹开裂,设备于2013年投入使用已在医院使用6年由于长期频繁使用捏柄反复受到按压导致磨损开裂
127420105201900214,其他,[CLS]无任何损害[SEP]注射过程中威高微量泵多次报离合未关闭且处理无效[SEP]注射过程中威高微量泵多次报离合未关闭且处理无效[SEP],无任何损害,注射过程中威高微量泵多次报离合未关闭且处理无效,注射过程中威高微量泵多次报离合未关闭且处理无效,无法确定,产品原因,无任何损害,[CLS]无任何损害[SEP]注射过程中威高微量泵多次报离合未关闭且处理无效[SEP]注射过程中威高微量泵多次报离合未关闭且处理无效[SEP],注射过程中威高微量泵多次报离合未关闭且处理无效,注射过程中威高微量泵多次报离合未关闭且处理无效,1离合未闭报警是为了检测注射泵内部运行状态的预防性报警当该报警发生时注射泵会停止运行2可能为操作不当注射器尾端没有正确的安装在注射泵上造成注射泵内部传动部分没有完全接触从而引发报警
120740324201900055,其他,[CLS]不开机无法使用[SEP]无法使用[SEP]使用前发现无法开机不能使用[SEP],不开机无法使用,无法使用,使用前发现无法开机不能使用,无法确定,电源板损坏,不开机无法使用,[CLS]不开机无法使用[SEP]无法使用[SEP]使用前发现无法开机不能使用[SEP],无法使用,使用前发现无法开机不能使用,1注射泵由于工作年限较长使用近6年超出了正常设计使用年限配件材质老化导致断裂2说明书中关于产品使用寿命的描述为约3年详见附件
134523000201900080,其他,[CLS]null[SEP]D150101_断裂[SEP]2019年7月20日护士病人进行微量输注时注射泵卡了断裂无法卡紧注射器进行泵入液体为注射泵故障此事发现及时未造成后果[SEP],null,D150101_断裂,2019年7月20日护士病人进行微量输注时注射泵卡了断裂无法卡紧注射器进行泵入液体为注射泵故障此事发现及时未造成后果,产品原因（包括说明书等）,null,null,[CLS]null[SEP]D150101_断裂[SEP]2019年7月20日护士病人进行微量输注时注射泵卡了断裂无法卡紧注射器进行泵入液体为注射泵故障此事发现及时未造成后果[SEP],D150101_断裂,2019年7月20日护士病人进行微量输注时注射泵卡了断裂无法卡紧注射器进行泵入液体为注射泵故障此事发现及时未造成后果,1注射泵捏柄是用于固定注射器按手连接活塞推药的部分的机械结构件在装夹注射器时应捏住捏柄使机器的注射器夹张开装好注射器后松开捏柄使注射器夹加紧注射器按手2初步分析是使用时转动所需的扭力过大捏柄受力过大而断裂
127420400201900299,其他,[CLS]null[SEP]设备后固定器不能固定[SEP]注射泵后固定器不能有效固定螺杆滑扣[SEP],null,设备后固定器不能固定,注射泵后固定器不能有效固定螺杆滑扣,产品原因（包括说明书等）,固定器材料偏软使用一段时间后出现滑扣现象,null,[CLS]null[SEP]设备后固定器不能固定[SEP]注射泵后固定器不能有效固定螺杆滑扣[SEP],设备后固定器不能固定,注射泵后固定器不能有效固定螺杆滑扣,1紧固夹是用于将注射泵固定在可移动支架上的部件由紧固夹支架和螺杆旋钮组成详见示意图2该设备已在医院使用超过5年由于长期反复使用导致紧固夹螺纹磨损
125371806201900257,其他,[CLS]null[SEP]2通道报警无法使用[SEP]设备开机后2通道报警该通道无法使用[SEP],null,2通道报警无法使用,设备开机后2通道报警该通道无法使用,产品原因（包括说明书等）,null,null,[CLS]null[SEP]2通道报警无法使用[SEP]设备开机后2通道报警该通道无法使用[SEP],2通道报警无法使用,设备开机后2通道报警该通道无法使用,1经检查内部压力值参数发现注射泵检测到的压力值持续为0即无法检测到压力因此触发报警2拆机发现压力传感器线插头松动导致信号无法正常传递使得压力值持续为0无法检测到压力3插头松动的原因可能是设备转运过程中受到外力碰撞导致插头松动
125371410201900255,其他,[CLS]null[SEP]无法正常开机[SEP]2018年例行科室巡检时据科室反应该设备在通电后无法正常开机不能使用未对患者造成不良影响[SEP],null,无法正常开机,2018年例行科室巡检时据科室反应该设备在通电后无法正常开机不能使用未对患者造成不良影响,无法确定,null,null,[CLS]null[SEP]无法正常开机[SEP]2018年例行科室巡检时据科室反应该设备在通电后无法正常开机不能使用未对患者造成不良影响[SEP],无法正常开机,2018年例行科室巡检时据科室反应该设备在通电后无法正常开机不能使用未对患者造成不良影响,由于设备超预期使用按键老化失灵导致
125371410201900268,其他,[CLS]null[SEP]外壳开裂[SEP]2019年12月16日科室送修注射泵一台据科室反应护士在拿取设备时此设备由高处坠落外壳多处开裂影响正常使用未对患者造成不良影响[SEP],null,外壳开裂,2019年12月16日科室送修注射泵一台据科室反应护士在拿取设备时此设备由高处坠落外壳多处开裂影响正常使用未对患者造成不良影响,操作原因,null,null,[CLS]null[SEP]外壳开裂[SEP]2019年12月16日科室送修注射泵一台据科室反应护士在拿取设备时此设备由高处坠落外壳多处开裂影响正常使用未对患者造成不良影响[SEP],外壳开裂,2019年12月16日科室送修注射泵一台据科室反应护士在拿取设备时此设备由高处坠落外壳多处开裂影响正常使用未对患者造成不良影响,由于使用不当设备从高处跌落导致外壳开裂
125371801201900238,其他,[CLS]null[SEP]注射器固定把手断[SEP]2019129科室保修注射泵在使用过程中注射器把手断裂无法固定注射器从而导致注射泵无法正确使用更换另一台注射泵同时通知设备科给予维修[SEP],null,注射器固定把手断,2019129科室保修注射泵在使用过程中注射器把手断裂无法固定注射器从而导致注射泵无法正确使用更换另一台注射泵同时通知设备科给予维修,产品原因（包括说明书等）,注射器把手塑料老化,null,[CLS]null[SEP]注射器固定把手断[SEP]2019129科室保修注射泵在使用过程中注射器把手断裂无法固定注射器从而导致注射泵无法正确使用更换另一台注射泵同时通知设备科给予维修[SEP],注射器固定把手断,2019129科室保修注射泵在使用过程中注射器把手断裂无法固定注射器从而导致注射泵无法正确使用更换另一台注射泵同时通知设备科给予维修,因使用不当设备跌落导致压柄受到强烈外力断裂
125371410201900262,其他,[CLS]null[SEP]把手摔断[SEP]2019年11月12日科室送修注射泵一台据科室反映护士在拿取该设备时滑落坠地设备把手摔断影响使用未对患者造成不良影响[SEP],null,把手摔断,2019年11月12日科室送修注射泵一台据科室反映护士在拿取该设备时滑落坠地设备把手摔断影响使用未对患者造成不良影响,操作原因,null,null,[CLS]null[SEP]把手摔断[SEP]2019年11月12日科室送修注射泵一台据科室反映护士在拿取该设备时滑落坠地设备把手摔断影响使用未对患者造成不良影响[SEP],把手摔断,2019年11月12日科室送修注射泵一台据科室反映护士在拿取该设备时滑落坠地设备把手摔断影响使用未对患者造成不良影响,由于操作不当拿取设备时不慎跌落把手处受到猛烈撞击导致断裂
128432500201900271,其他,[CLS]不能得到准确的药物剂量[SEP]术中药物还未注射完但注射泵报注射完毕[SEP]患者因盆腔包块性质待查于20191120日行剖腹探查术术中所泵液体还未泵完但机器却报液体输注完毕立即更换注射泵并报告工程师维修[SEP],不能得到准确的药物剂量,术中药物还未注射完但注射泵报注射完毕,患者因盆腔包块性质待查于20191120日行剖腹探查术术中所泵液体还未泵完但机器却报液体输注完毕立即更换注射泵并报告工程师维修,产品原因（包括说明书等）,经检查为注射泵限位器故障,不能得到准确的药物剂量,[CLS]不能得到准确的药物剂量[SEP]术中药物还未注射完但注射泵报注射完毕[SEP]患者因盆腔包块性质待查于20191120日行剖腹探查术术中所泵液体还未泵完但机器却报液体输注完毕立即更换注射泵并报告工程师维修[SEP],术中药物还未注射完但注射泵报注射完毕,患者因盆腔包块性质待查于20191120日行剖腹探查术术中所泵液体还未泵完但机器却报液体输注完毕立即更换注射泵并报告工程师维修,1经拆机检查发现是负责传递离合检测信号的FPC线损坏损坏后造成检测信号中断发生报警2FPC线损坏的原因可能是与内部器件发生磨损
125371803201900264,其他,[CLS]null[SEP]注射泵报错[SEP]2019129在我院心外科病房给病人注射药物使用注射泵注射泵报错立即更换注射泵使用未造成不良影响经工程师检测发现尾夹传感器损坏更换传感器设备恢复正常使用[SEP],null,注射泵报错,2019129在我院心外科病房给病人注射药物使用注射泵注射泵报错立即更换注射泵使用未造成不良影响经工程师检测发现尾夹传感器损坏更换传感器设备恢复正常使用,产品原因（包括说明书等）,尾夹传感器损坏,null,[CLS]null[SEP]注射泵报错[SEP]2019129在我院心外科病房给病人注射药物使用注射泵注射泵报错立即更换注射泵使用未造成不良影响经工程师检测发现尾夹传感器损坏更换传感器设备恢复正常使用[SEP],注射泵报错,2019129在我院心外科病房给病人注射药物使用注射泵注射泵报错立即更换注射泵使用未造成不良影响经工程师检测发现尾夹传感器损坏更换传感器设备恢复正常使用,1经检查发现设备固定注射器尾杆的捏柄损坏捏柄是用于固定注射器按手连接活塞推药的部分的机械结构件在装夹注射器时应捏住捏柄使机器的注射器夹张开装好注射器后松开捏柄使注射器夹加紧注射器按手2由于设备捏柄频繁使用转动所需的扭力过大导致磨损磨损后注射器装夹不到位内部传感器未感应引发报警
125371801201900299,其他,[CLS]null[SEP]注射泵报警[SEP]患者吴世龙因脑梗死于2019128入住我科在128日上午10时护士王红红为其使用注射泵泵入托拉塞米以达到利尿的治疗效果时家属反映注射泵报警查看后得知注射泵电池储电量不足立即连接电源线保证药物正常泵入[SEP],null,注射泵报警,患者吴世龙因脑梗死于2019128入住我科在128日上午10时护士王红红为其使用注射泵泵入托拉塞米以达到利尿的治疗效果时家属反映注射泵报警查看后得知注射泵电池储电量不足立即连接电源线保证药物正常泵入,产品原因（包括说明书等）,注射泵因使用过于频繁电池储存电量能力不足,null,[CLS]null[SEP]注射泵报警[SEP]患者吴世龙因脑梗死于2019128入住我科在128日上午10时护士王红红为其使用注射泵泵入托拉塞米以达到利尿的治疗效果时家属反映注射泵报警查看后得知注射泵电池储电量不足立即连接电源线保证药物正常泵入[SEP],注射泵报警,患者吴世龙因脑梗死于2019128入住我科在128日上午10时护士王红红为其使用注射泵泵入托拉塞米以达到利尿的治疗效果时家属反映注射泵报警查看后得知注射泵电池储电量不足立即连接电源线保证药物正常泵入,因未接交流电源使用时由电池供电电池自然耗电引发报警非设备自身故障
129441200201900289,其他,[CLS]null[SEP]报警失灵[SEP]患者因病情需要使用注射泵注射药物当护士巡查时发现一组药物已注射完注射泵未发出报警声提示已注射完因药物已注射完拆下设备送设备维修组维修[SEP],null,报警失灵,患者因病情需要使用注射泵注射药物当护士巡查时发现一组药物已注射完注射泵未发出报警声提示已注射完因药物已注射完拆下设备送设备维修组维修,无法确定,注射完药物设备未发出报警声提示经检修是喇叭故障,null,[CLS]null[SEP]报警失灵[SEP]患者因病情需要使用注射泵注射药物当护士巡查时发现一组药物已注射完注射泵未发出报警声提示已注射完因药物已注射完拆下设备送设备维修组维修[SEP],报警失灵,患者因病情需要使用注射泵注射药物当护士巡查时发现一组药物已注射完注射泵未发出报警声提示已注射完因药物已注射完拆下设备送设备维修组维修,经售后工程师去医院了解得知产品的喇叭使用寿命短老化损坏因此没有发出报警音附产品使用期限截自说明书
137610803201900094,其他,[CLS]M210202_给药不足[SEP]D1207_机械故障[SEP]患者于18日1030分输注前列地尔时注射器20ML注射泵报警停止工作随后更换备用设备重新泵入[SEP],M210202_给药不足,D1207_机械故障,患者于18日1030分输注前列地尔时注射器20ML注射泵报警停止工作随后更换备用设备重新泵入,无法确定,初步判断为设备内部故障所致,M210202_给药不足,[CLS]M210202_给药不足[SEP]D1207_机械故障[SEP]患者于18日1030分输注前列地尔时注射器20ML注射泵报警停止工作随后更换备用设备重新泵入[SEP],D1207_机械故障,患者于18日1030分输注前列地尔时注射器20ML注射泵报警停止工作随后更换备用设备重新泵入,1离合未闭报警是为了检测注射泵内部运行状态的预防性报警当该报警发生时注射泵会停止运行2可能为FPC线故障或传感器故障导致
125370800201900106,其他,[CLS]时钟不准[SEP]记不住时间[SEP]2019111号医疗设备科维修工程师按医院规定对设备进行巡检发现儿科一台注射泵时钟不正确工程师现场调整关机重启后又回复到调整前的状态设备还在保修期内通知厂家售后维修[SEP],时钟不准,记不住时间,2019111号医疗设备科维修工程师按医院规定对设备进行巡检发现儿科一台注射泵时钟不正确工程师现场调整关机重启后又回复到调整前的状态设备还在保修期内通知厂家售后维修,产品原因（包括说明书等）,1设备时钟故障2也可能是主板电池电压不足引起,时钟不准,[CLS]时钟不准[SEP]记不住时间[SEP]2019111号医疗设备科维修工程师按医院规定对设备进行巡检发现儿科一台注射泵时钟不正确工程师现场调整关机重启后又回复到调整前的状态设备还在保修期内通知厂家售后维修[SEP],记不住时间,2019111号医疗设备科维修工程师按医院规定对设备进行巡检发现儿科一台注射泵时钟不正确工程师现场调整关机重启后又回复到调整前的状态设备还在保修期内通知厂家售后维修,经过拆机检查发现主板纽扣电池电量为0导致时间不保存
125371806201900285,其他,[CLS]null[SEP]注射泵2通道装好注射器设置好参数启动后报警提示阻塞中不能给患者输注[SEP]医务人员给患者使用注射泵注射泵2通道装好注射器设置好参数启动后报警提示阻塞中不能给患者输注[SEP],null,注射泵2通道装好注射器设置好参数启动后报警提示阻塞中不能给患者输注,医务人员给患者使用注射泵注射泵2通道装好注射器设置好参数启动后报警提示阻塞中不能给患者输注,产品原因（包括说明书等）,出现该故障初步判断为内部阻塞传感器故障造成医务人员按操作规程操作保养该设备该设备仅仅使用两年出现此故障考虑传感器质量问题,null,[CLS]null[SEP]注射泵2通道装好注射器设置好参数启动后报警提示阻塞中不能给患者输注[SEP]医务人员给患者使用注射泵注射泵2通道装好注射器设置好参数启动后报警提示阻塞中不能给患者输注[SEP],注射泵2通道装好注射器设置好参数启动后报警提示阻塞中不能给患者输注,医务人员给患者使用注射泵注射泵2通道装好注射器设置好参数启动后报警提示阻塞中不能给患者输注,经过检查发现设备压力值偏低处于持续为0的状态拆机检查发现压力传感器线松动导致压力值信号无法传输造成误报警
134523000201900186,其他,[CLS]null[SEP]D080105_无报警声[SEP]2019年11月07日护士为病人进行微泵泵入治疗1小时后巡视微泵输液情况发现液体仍然为起始量未注入未报警显示残余堵塞即停止使用更换其他微泵治疗此事发现及时未造成后果[SEP],null,D080105_无报警声,2019年11月07日护士为病人进行微泵泵入治疗1小时后巡视微泵输液情况发现液体仍然为起始量未注入未报警显示残余堵塞即停止使用更换其他微泵治疗此事发现及时未造成后果,产品原因（包括说明书等）,null,null,[CLS]null[SEP]D080105_无报警声[SEP]2019年11月07日护士为病人进行微泵泵入治疗1小时后巡视微泵输液情况发现液体仍然为起始量未注入未报警显示残余堵塞即停止使用更换其他微泵治疗此事发现及时未造成后果[SEP],D080105_无报警声,2019年11月07日护士为病人进行微泵泵入治疗1小时后巡视微泵输液情况发现液体仍然为起始量未注入未报警显示残余堵塞即停止使用更换其他微泵治疗此事发现及时未造成后果,1该设备在医院使用已超过5年设备内部喇叭达到使用寿命老化损坏不能发声2设备由于内部校准参数未更新导致与使用的注射器不匹配发生阻塞报警
125371806201900282,其他,[CLS]null[SEP]开机安装好注射器后运行注射泵报警屏幕显示注射器未顶紧无法使用[SEP]医务人员准备给患者使用注射泵在将注射器安放好并完成参数设置后启动注射泵注射泵报警提示注射器未顶紧设备无法工作更换注射器反复安装报警未消除[SEP],null,开机安装好注射器后运行注射泵报警屏幕显示注射器未顶紧无法使用,医务人员准备给患者使用注射泵在将注射器安放好并完成参数设置后启动注射泵注射泵报警提示注射器未顶紧设备无法工作更换注射器反复安装报警未消除,产品原因（包括说明书等）,该设备于2019年2月购置使用该故障的出现系注射器顶紧传感器故障造成考虑顶紧传感器质量问题,null,[CLS]null[SEP]开机安装好注射器后运行注射泵报警屏幕显示注射器未顶紧无法使用[SEP]医务人员准备给患者使用注射泵在将注射器安放好并完成参数设置后启动注射泵注射泵报警提示注射器未顶紧设备无法工作更换注射器反复安装报警未消除[SEP],开机安装好注射器后运行注射泵报警屏幕显示注射器未顶紧无法使用,医务人员准备给患者使用注射泵在将注射器安放好并完成参数设置后启动注射泵注射泵报警提示注射器未顶紧设备无法工作更换注射器反复安装报警未消除,1经拆机检查发现与该报警信号有关的一根连接线出现破损导致信号传递失败引起误报警2导致连接线破损的原因可能是连接线没有安装到位导致与内部其他部件频繁发生摩擦导致磨损
125371003201900348,其他,[CLS]延长治疗时间[SEP]A泵故障报警[SEP]2019年11月4日接收科室送修注射泵科室反映该泵开机后A泵故障报警[SEP],延长治疗时间,A泵故障报警,2019年11月4日接收科室送修注射泵科室反映该泵开机后A泵故障报警,无法确定,注射泵线路板故障,延长治疗时间,[CLS]延长治疗时间[SEP]A泵故障报警[SEP]2019年11月4日接收科室送修注射泵科室反映该泵开机后A泵故障报警[SEP],A泵故障报警,2019年11月4日接收科室送修注射泵科室反映该泵开机后A泵故障报警,1经过拆机检查发现注射泵的推拉盒损坏推拉盒内部摆齿轮位置发生偏移推拉盒是固定注射器尾部的部件因此触发报警2由于设备在医院已使用6年长期使用时频繁按压推拉盒导致推拉盒损坏内部摆齿轮位置发生偏移
137610803201900175,其他,[CLS]无法使用[SEP]D0101_故障提示[SEP]20191023日患者使用注射泵时使用中报警提示注射器错误立即停止及时更换注射器[SEP],无法使用,D0101_故障提示,20191023日患者使用注射泵时使用中报警提示注射器错误立即停止及时更换注射器,无法确定,厂家工程师已进行调试但该故障仍多次出现排除操作原因多考虑设备质量内部故障,无法使用,[CLS]无法使用[SEP]D0101_故障提示[SEP]20191023日患者使用注射泵时使用中报警提示注射器错误立即停止及时更换注射器[SEP],D0101_故障提示,20191023日患者使用注射泵时使用中报警提示注射器错误立即停止及时更换注射器,1注射器错误2是一种检测注射器尾部推杆是否正确安装的预防性报警目的是为了预防在安装时由于操作不当造成注射器尾部推杆没有紧密的与注射泵安装部件接触2经拆机检查发现故障发生的原因是传递该信号的传感器连接线磨损断裂造成检测信号中断从而引发报警造成传感器连接线损坏的原因可能是由于连接线没有安装到位与其他部件发生频繁摩擦导致磨损
125370800201900098,其他,[CLS]影响给药精准度和治疗效果[SEP]注射泵推动杆塑料层破裂[SEP]20191029号护士长电话报修注射泵不能正常使用设备维修工程师前去查看发现注射泵推动杆破裂影响推动杆的滑动效果进而影响给药精准度和治疗效果更换能正常工作的注射泵继续为病人治疗[SEP],影响给药精准度和治疗效果,注射泵推动杆塑料层破裂,20191029号护士长电话报修注射泵不能正常使用设备维修工程师前去查看发现注射泵推动杆破裂影响推动杆的滑动效果进而影响给药精准度和治疗效果更换能正常工作的注射泵继续为病人治疗,产品原因（包括说明书等）,1产品质量不达标2推动杆塑料层选材不适当,影响给药精准度和治疗效果,[CLS]影响给药精准度和治疗效果[SEP]注射泵推动杆塑料层破裂[SEP]20191029号护士长电话报修注射泵不能正常使用设备维修工程师前去查看发现注射泵推动杆破裂影响推动杆的滑动效果进而影响给药精准度和治疗效果更换能正常工作的注射泵继续为病人治疗[SEP],注射泵推动杆塑料层破裂,20191029号护士长电话报修注射泵不能正常使用设备维修工程师前去查看发现注射泵推动杆破裂影响推动杆的滑动效果进而影响给药精准度和治疗效果更换能正常工作的注射泵继续为病人治疗,1空心轴是推动注射器向前给药的连杆其材质为金属空心轴套管是套在空心轴外部的一层塑料管2经调查设备为2013年生产已在医院使用6年时间空心轴外部套管因长期使用老化导致开裂
125370800201900112,其他,[CLS]影响给药精准度和治疗效果[SEP]注射泵推动杆塑料层破裂[SEP]20191106号医疗设备科维修工程对临床设备进行巡检发现呼吸消化内科推动杆塑料层破裂压柄出现裂纹影响给药精准度和治疗效果通知厂家售后进行维修[SEP],影响给药精准度和治疗效果,注射泵推动杆塑料层破裂,20191106号医疗设备科维修工程对临床设备进行巡检发现呼吸消化内科推动杆塑料层破裂压柄出现裂纹影响给药精准度和治疗效果通知厂家售后进行维修,产品原因（包括说明书等）,1产品质量不达标2推动杆塑料层选材不适当,影响给药精准度和治疗效果,[CLS]影响给药精准度和治疗效果[SEP]注射泵推动杆塑料层破裂[SEP]20191106号医疗设备科维修工程对临床设备进行巡检发现呼吸消化内科推动杆塑料层破裂压柄出现裂纹影响给药精准度和治疗效果通知厂家售后进行维修[SEP],注射泵推动杆塑料层破裂,20191106号医疗设备科维修工程对临床设备进行巡检发现呼吸消化内科推动杆塑料层破裂压柄出现裂纹影响给药精准度和治疗效果通知厂家售后进行维修,经调查该设备实际于2013年投入使用设备在医院使用6年以上由于设备的塑料部件长期与药液接触导致被药液腐蚀加速老化出现裂纹
137610803201900164,其他,[CLS]无法给药[SEP]D1204_机械卡塞[SEP]2019108日940为患儿推注液体时发现注射器卡槽夹不住[SEP],无法给药,D1204_机械卡塞,2019108日940为患儿推注液体时发现注射器卡槽夹不住,无法确定,注射器卡槽夹子断裂初步分析长期液体滴漏至卡槽连接处易造成堵塞致夹子断裂,无法给药,[CLS]无法给药[SEP]D1204_机械卡塞[SEP]2019108日940为患儿推注液体时发现注射器卡槽夹不住[SEP],D1204_机械卡塞,2019108日940为患儿推注液体时发现注射器卡槽夹不住,设备使用时维护保养不到位导致安装注射器的压柄处长期受到液体侵染造成压柄堵塞卡顿使用时用力过大导致断裂
125370800201900097,其他,[CLS]影响给药精准度和治疗效果[SEP]注射泵推动杆塑料层破裂[SEP]20191028号护士长电话报修注射泵不能正常使用设备维修工程师前去查看发现注射泵推动杆破裂影响推动杆的滑动效果进而影响给药精准度和治疗效果更换能正常工作的注射泵继续为病人治疗[SEP],影响给药精准度和治疗效果,注射泵推动杆塑料层破裂,20191028号护士长电话报修注射泵不能正常使用设备维修工程师前去查看发现注射泵推动杆破裂影响推动杆的滑动效果进而影响给药精准度和治疗效果更换能正常工作的注射泵继续为病人治疗,产品原因（包括说明书等）,1产品质量不达标2推动杆塑料层选材不适当,影响给药精准度和治疗效果,[CLS]影响给药精准度和治疗效果[SEP]注射泵推动杆塑料层破裂[SEP]20191028号护士长电话报修注射泵不能正常使用设备维修工程师前去查看发现注射泵推动杆破裂影响推动杆的滑动效果进而影响给药精准度和治疗效果更换能正常工作的注射泵继续为病人治疗[SEP],注射泵推动杆塑料层破裂,20191028号护士长电话报修注射泵不能正常使用设备维修工程师前去查看发现注射泵推动杆破裂影响推动杆的滑动效果进而影响给药精准度和治疗效果更换能正常工作的注射泵继续为病人治疗,1空心轴是推动注射器向前给药的连杆其材质为金属空心轴套管是套在空心轴外部的一层塑料管2经调查设备为2011年生产已在医院使用近8年空心轴外部套管因长期使用老化导致开裂
125370800201900113,其他,[CLS]影响给药精准度和治疗效果[SEP]注射泵推动杆塑料层破裂[SEP]20191106号医疗设备科维修工程对临床设备进行巡检发现呼吸消化内科推动杆塑料层破裂影响给药精准度和治疗效果通知厂家售后进行维修[SEP],影响给药精准度和治疗效果,注射泵推动杆塑料层破裂,20191106号医疗设备科维修工程对临床设备进行巡检发现呼吸消化内科推动杆塑料层破裂影响给药精准度和治疗效果通知厂家售后进行维修,产品原因（包括说明书等）,1产品质量不达标2推动杆塑料层选材不适当,影响给药精准度和治疗效果,[CLS]影响给药精准度和治疗效果[SEP]注射泵推动杆塑料层破裂[SEP]20191106号医疗设备科维修工程对临床设备进行巡检发现呼吸消化内科推动杆塑料层破裂影响给药精准度和治疗效果通知厂家售后进行维修[SEP],注射泵推动杆塑料层破裂,20191106号医疗设备科维修工程对临床设备进行巡检发现呼吸消化内科推动杆塑料层破裂影响给药精准度和治疗效果通知厂家售后进行维修,设备在医院使用5年空心轴外表面经常与药液接触长期受到药液污染影响加速套管老化开裂
121330607201900153,其他,[CLS]影响治疗[SEP]护士准备给患者更换液体时不能开机[SEP]护士给患者注射液体过程中突然死机中断输液及时更换微泵并给设备科检查[SEP],影响治疗,护士准备给患者更换液体时不能开机,护士给患者注射液体过程中突然死机中断输液及时更换微泵并给设备科检查,"操作原因,产品原因（包括说明书等）,无法确定",未按时定期检查维护造成输液中断影响治疗,影响治疗,[CLS]影响治疗[SEP]护士准备给患者更换液体时不能开机[SEP]护士给患者注射液体过程中突然死机中断输液及时更换微泵并给设备科检查[SEP],护士准备给患者更换液体时不能开机,护士给患者注射液体过程中突然死机中断输液及时更换微泵并给设备科检查,由于交流插座与电源线未连接好注射泵在前一次使用过程中由电池供电且未能及时充电在本次使用时交流插座与电源线仍未连接好持续使用电池供电导致电池电量不足而自动关机
129441943201900246,其他,[CLS]null[SEP]拉杆推杆固定夹断了[SEP]2019年11月18日我院呼吸科医护人员发现该注射泵拉杆推杆固定夹断了立即送到设备科进行检修由于发现及时没有对人体造成伤害经与厂家联系本产品未有确定的有效期[SEP],null,拉杆推杆固定夹断了,2019年11月18日我院呼吸科医护人员发现该注射泵拉杆推杆固定夹断了立即送到设备科进行检修由于发现及时没有对人体造成伤害经与厂家联系本产品未有确定的有效期,"无法确定,产品原因（包括说明书等）",拉杆推杆固定夹断了,null,[CLS]null[SEP]拉杆推杆固定夹断了[SEP]2019年11月18日我院呼吸科医护人员发现该注射泵拉杆推杆固定夹断了立即送到设备科进行检修由于发现及时没有对人体造成伤害经与厂家联系本产品未有确定的有效期[SEP],拉杆推杆固定夹断了,2019年11月18日我院呼吸科医护人员发现该注射泵拉杆推杆固定夹断了立即送到设备科进行检修由于发现及时没有对人体造成伤害经与厂家联系本产品未有确定的有效期,分析是由于长时间转动所需的扭力过大导致磨损捏柄受力过大而断裂
125370800201900111,其他,[CLS]影响给药精准度和治疗效果[SEP]注射泵推动杆塑料层破裂[SEP]20191104医疗设备巡查过程中发现注射泵推动杆双通道两个推动杆塑料层破裂影响推动杆的滑动效果进而影响给药精准度和治疗效果[SEP],影响给药精准度和治疗效果,注射泵推动杆塑料层破裂,20191104医疗设备巡查过程中发现注射泵推动杆双通道两个推动杆塑料层破裂影响推动杆的滑动效果进而影响给药精准度和治疗效果,产品原因（包括说明书等）,1产品质量不达标2推动杆塑料层选材不适当,影响给药精准度和治疗效果,[CLS]影响给药精准度和治疗效果[SEP]注射泵推动杆塑料层破裂[SEP]20191104医疗设备巡查过程中发现注射泵推动杆双通道两个推动杆塑料层破裂影响推动杆的滑动效果进而影响给药精准度和治疗效果[SEP],注射泵推动杆塑料层破裂,20191104医疗设备巡查过程中发现注射泵推动杆双通道两个推动杆塑料层破裂影响推动杆的滑动效果进而影响给药精准度和治疗效果,由于设备在医院使用6年以上超过说明书建议使用年限空心轴部件经常与药液接触长期受到腐蚀加速老化导致出现裂纹
120740324201900071,其他,[CLS]泵运行实际不走无法使用[SEP]泵运行实际不走无法使用[SEP]使用时发现泵运行实际不走无法注射[SEP],泵运行实际不走无法使用,泵运行实际不走无法使用,使用时发现泵运行实际不走无法注射,无法确定,设备故障,泵运行实际不走无法使用,[CLS]泵运行实际不走无法使用[SEP]泵运行实际不走无法使用[SEP]使用时发现泵运行实际不走无法注射[SEP],泵运行实际不走无法使用,使用时发现泵运行实际不走无法注射,1拆机检查发现长电位器插头松动松动原因可能是由于设备在医院长期使用已使用6年属于超预期使用状态转运过程中受到外力碰撞导致内部长电位器插头松动2长电位器是一种行程传感器与注射泵实际能否向前运行推注药物有关其插头松动会导致接触不良设备无法推注药物
113131100201900081,其他,[CLS]不能及时知晓完成时间[SEP]泵完后无报警[SEP]患者因急性淋巴细胞白血病合并真菌感染用两性霉素控制感染使用注射泵输入药物连续使用8天2019年10月31日800护士巡视病房发现液体已经泵完报警声音不响发现后及时给患者更换液体液路通畅患者主诉无异常故障输液泵报修器械科器械科检查后发现为蜂鸣器损坏更换新蜂鸣器后使用正常[SEP],不能及时知晓完成时间,泵完后无报警,患者因急性淋巴细胞白血病合并真菌感染用两性霉素控制感染使用注射泵输入药物连续使用8天2019年10月31日800护士巡视病房发现液体已经泵完报警声音不响发现后及时给患者更换液体液路通畅患者主诉无异常故障输液泵报修器械科器械科检查后发现为蜂鸣器损坏更换新蜂鸣器后使用正常,产品原因（包括说明书等）,蜂鸣器损坏,不能及时知晓完成时间,[CLS]不能及时知晓完成时间[SEP]泵完后无报警[SEP]患者因急性淋巴细胞白血病合并真菌感染用两性霉素控制感染使用注射泵输入药物连续使用8天2019年10月31日800护士巡视病房发现液体已经泵完报警声音不响发现后及时给患者更换液体液路通畅患者主诉无异常故障输液泵报修器械科器械科检查后发现为蜂鸣器损坏更换新蜂鸣器后使用正常[SEP],泵完后无报警,患者因急性淋巴细胞白血病合并真菌感染用两性霉素控制感染使用注射泵输入药物连续使用8天2019年10月31日800护士巡视病房发现液体已经泵完报警声音不响发现后及时给患者更换液体液路通畅患者主诉无异常故障输液泵报修器械科器械科检查后发现为蜂鸣器损坏更换新蜂鸣器后使用正常,设备报警无声音是因为设备内部喇叭因长期使用达到使用寿命老化损坏
116210200201900367,其他,[CLS]影响治疗[SEP]正常开机接病患后不久机器报警异常2并且停止工作[SEP]正常开机接病患后不久机器报警异常2并且停止工作[SEP],影响治疗,正常开机接病患后不久机器报警异常2并且停止工作,正常开机接病患后不久机器报警异常2并且停止工作,产品原因（包括说明书等）,null,影响治疗,[CLS]影响治疗[SEP]正常开机接病患后不久机器报警异常2并且停止工作[SEP]正常开机接病患后不久机器报警异常2并且停止工作[SEP],正常开机接病患后不久机器报警异常2并且停止工作,正常开机接病患后不久机器报警异常2并且停止工作,1拆机检查发现长电位器插头接触不良导致运行信号传递受阻引发报警2由于设备在医院长时间使用约6年长期运行导致设备内部部件松动
111232400201900289,其他,[CLS]null[SEP]注射泵中蓄电池不能进行充电导致注射泵使用过程中如遇停电或移动后无法使用[SEP]注射泵中蓄电池不能进行充电导致注射泵使用过程中如遇停电或移动后无法使用[SEP],null,注射泵中蓄电池不能进行充电导致注射泵使用过程中如遇停电或移动后无法使用,注射泵中蓄电池不能进行充电导致注射泵使用过程中如遇停电或移动后无法使用,产品原因（包括说明书等）,null,null,[CLS]null[SEP]注射泵中蓄电池不能进行充电导致注射泵使用过程中如遇停电或移动后无法使用[SEP]注射泵中蓄电池不能进行充电导致注射泵使用过程中如遇停电或移动后无法使用[SEP],注射泵中蓄电池不能进行充电导致注射泵使用过程中如遇停电或移动后无法使用,注射泵中蓄电池不能进行充电导致注射泵使用过程中如遇停电或移动后无法使用,由于操作不当电源线没有插紧所以没充上电
125370800201900110,其他,[CLS]时钟显示不准[SEP]时钟校准后关机重启又回到原来状态[SEP]20191101号医疗设备维修工程师在巡检过程中发现一注射泵时钟显示不准进行校准关机重启后注射泵显示时间又回到原来状态通知厂家售后进行维修[SEP],时钟显示不准,时钟校准后关机重启又回到原来状态,20191101号医疗设备维修工程师在巡检过程中发现一注射泵时钟显示不准进行校准关机重启后注射泵显示时间又回到原来状态通知厂家售后进行维修,产品原因（包括说明书等）,1设备发生故障2主板电池电量不足,时钟显示不准,[CLS]时钟显示不准[SEP]时钟校准后关机重启又回到原来状态[SEP]20191101号医疗设备维修工程师在巡检过程中发现一注射泵时钟显示不准进行校准关机重启后注射泵显示时间又回到原来状态通知厂家售后进行维修[SEP],时钟校准后关机重启又回到原来状态,20191101号医疗设备维修工程师在巡检过程中发现一注射泵时钟显示不准进行校准关机重启后注射泵显示时间又回到原来状态通知厂家售后进行维修,注射泵上的时间是否保存是由主控板上的纽扣电池决定的经检查设备主控板上的纽扣电池没电导致时间无法保存
127420400201900449,其他,[CLS]null[SEP]开机运行立即报完成[SEP]注射药液开机运行报完成[SEP],null,开机运行立即报完成,注射药液开机运行报完成,操作原因,数据线脱落,null,[CLS]null[SEP]开机运行立即报完成[SEP]注射药液开机运行报完成[SEP],开机运行立即报完成,注射药液开机运行报完成,长电位器线插头松动导致信号中断设备未检测到长电位器信号认为已经注射完毕发出报警信号推测可能是科室长时间使用在转运过程中设备摇晃导致插头松动
127420400201900324,其他,[CLS]微量泵无法正常注射[SEP]微量泵阻塞无法正常注射[SEP]设备检修中发现微量泵无法注射阻塞报警[SEP],微量泵无法正常注射,微量泵阻塞无法正常注射,设备检修中发现微量泵无法注射阻塞报警,无法确定,设备报修检查发现微量泵注射杆有裂缝导致活动杆膨胀无法正常进出注射杆外杆损坏,微量泵无法正常注射,[CLS]微量泵无法正常注射[SEP]微量泵阻塞无法正常注射[SEP]设备检修中发现微量泵无法注射阻塞报警[SEP],微量泵阻塞无法正常注射,设备检修中发现微量泵无法注射阻塞报警,由于设备已在医院使用6年属于超预期使用附产品使用年限要求空心轴外表面经常与药液接触长期受到药液污染影响加速套管老化开裂
134523000201900102,其他,[CLS]null[SEP]D020203_定位失效[SEP]201908291000责任护士加药5GS50ml乌拉地尔100mg110mlh微泵持续报离合未闭反复检查操作正确电话7002报告设备科同时报告护士长科主任[SEP],null,D020203_定位失效,201908291000责任护士加药5GS50ml乌拉地尔100mg110mlh微泵持续报离合未闭反复检查操作正确电话7002报告设备科同时报告护士长科主任,产品原因（包括说明书等）,null,null,[CLS]null[SEP]D020203_定位失效[SEP]201908291000责任护士加药5GS50ml乌拉地尔100mg110mlh微泵持续报离合未闭反复检查操作正确电话7002报告设备科同时报告护士长科主任[SEP],D020203_定位失效,201908291000责任护士加药5GS50ml乌拉地尔100mg110mlh微泵持续报离合未闭反复检查操作正确电话7002报告设备科同时报告护士长科主任,FPC线的功能之一是负责传递离合检测信号损坏后造成检测信号中断发生报警报警后设备不能注射药物无法正常使用
134523000201900114,其他,[CLS]null[SEP]D010501_准备启动失效[SEP]2019年8月21日护士为病人进行微泵泵入治疗1小时后巡视微泵输液情况发现液体仍然为起始量未注入未报警显示残余堵塞即停止使用更换其他微泵治疗此事发现及时未造成后果[SEP],null,D010501_准备启动失效,2019年8月21日护士为病人进行微泵泵入治疗1小时后巡视微泵输液情况发现液体仍然为起始量未注入未报警显示残余堵塞即停止使用更换其他微泵治疗此事发现及时未造成后果,产品原因（包括说明书等）,null,null,[CLS]null[SEP]D010501_准备启动失效[SEP]2019年8月21日护士为病人进行微泵泵入治疗1小时后巡视微泵输液情况发现液体仍然为起始量未注入未报警显示残余堵塞即停止使用更换其他微泵治疗此事发现及时未造成后果[SEP],D010501_准备启动失效,2019年8月21日护士为病人进行微泵泵入治疗1小时后巡视微泵输液情况发现液体仍然为起始量未注入未报警显示残余堵塞即停止使用更换其他微泵治疗此事发现及时未造成后果,1位于注射泵前壳位置的安装注射器压柄的导向套断裂导致注射器压柄功能失灵2注射器压柄的作用是固定并识别注射器规格故无法识别注射器导致脱落报警该报警发生时设备不能启动
137610400201900379,其他,[CLS]无[SEP]微量泵压柄故障[SEP]20190902日护士在交接班时发现注射泵手压柄拉不出来无法装入注射器随及联系设备科维修[SEP],无,微量泵压柄故障,20190902日护士在交接班时发现注射泵手压柄拉不出来无法装入注射器随及联系设备科维修,产品原因（包括说明书等）,设备故障,无,[CLS]无[SEP]微量泵压柄故障[SEP]20190902日护士在交接班时发现注射泵手压柄拉不出来无法装入注射器随及联系设备科维修[SEP],微量泵压柄故障,20190902日护士在交接班时发现注射泵手压柄拉不出来无法装入注射器随及联系设备科维修,由于医院长期使用该设备导致捏柄处有堆积的药液卡住捏柄反复用力捏合造成捏柄断裂
134523000201900128,其他,[CLS]null[SEP]D020102_启动失效[SEP]2019年9月12日护士为病人进行微泵泵入治疗1小时后巡视微泵输液情况发现液体仍然为起始量未注入未报警显示残余堵塞即停止使用更换其他微泵治疗此事发现及时未造成后果[SEP],null,D020102_启动失效,2019年9月12日护士为病人进行微泵泵入治疗1小时后巡视微泵输液情况发现液体仍然为起始量未注入未报警显示残余堵塞即停止使用更换其他微泵治疗此事发现及时未造成后果,产品原因（包括说明书等）,null,null,[CLS]null[SEP]D020102_启动失效[SEP]2019年9月12日护士为病人进行微泵泵入治疗1小时后巡视微泵输液情况发现液体仍然为起始量未注入未报警显示残余堵塞即停止使用更换其他微泵治疗此事发现及时未造成后果[SEP],D020102_启动失效,2019年9月12日护士为病人进行微泵泵入治疗1小时后巡视微泵输液情况发现液体仍然为起始量未注入未报警显示残余堵塞即停止使用更换其他微泵治疗此事发现及时未造成后果,当注射泵内部传感器感知到的压力值超过标准值时会发生阻塞报警经分析是由于传感器位置发生偏移导致造成感知的压力值发生偏差造成误报警拆机检查发现喇叭本身不发声判断是喇叭不良
125371410201900174,其他,[CLS]null[SEP]无法开机[SEP]2019年9月11日科室送修微量注射泵一台据科室反映科室例行设备日常维护保养时发现该设备插电后无法正常开机不能正常使用未对患者造成不良影响[SEP],null,无法开机,2019年9月11日科室送修微量注射泵一台据科室反映科室例行设备日常维护保养时发现该设备插电后无法正常开机不能正常使用未对患者造成不良影响,无法确定,null,null,[CLS]null[SEP]无法开机[SEP]2019年9月11日科室送修微量注射泵一台据科室反映科室例行设备日常维护保养时发现该设备插电后无法正常开机不能正常使用未对患者造成不良影响[SEP],无法开机,2019年9月11日科室送修微量注射泵一台据科室反映科室例行设备日常维护保养时发现该设备插电后无法正常开机不能正常使用未对患者造成不良影响,经过检查发现电源板故障导致无法正常供电分析为电源板超预期使用加速老化导致发生故障附产品使用期限截自产品说明书
116210700201900304,其他,[CLS]开机报警[SEP]开机后机器持续报警[SEP]对病人进行注射药液治疗[SEP],开机报警,开机后机器持续报警,对病人进行注射药液治疗,产品原因（包括说明书等）,机壳内电路板老化松动,开机报警,[CLS]开机报警[SEP]开机后机器持续报警[SEP]对病人进行注射药液治疗[SEP],开机后机器持续报警,对病人进行注射药液治疗,经分析由于设备已在医院使用6年以上长期使用和转运导致内部电源线接头松动继而导致设备无法检测到连接电源线引发持续报警
140650110201900089,其他,[CLS]导致病人无法使用影响治疗并有造成火灾的隐患[SEP]机器突然断电无法开机[SEP]护士反应在使用过程中机器突然断电冒烟强行断电后无法开机使用报修设备科[SEP],导致病人无法使用影响治疗并有造成火灾的隐患,机器突然断电无法开机,护士反应在使用过程中机器突然断电冒烟强行断电后无法开机使用报修设备科,产品原因（包括说明书等）,工程师现场检查发现由于设计缺陷导致电源板与主板接触不良打火烧蚀导致此故障此前有同型号机器发生过同样故障,导致病人无法使用影响治疗并有造成火灾的隐患,[CLS]导致病人无法使用影响治疗并有造成火灾的隐患[SEP]机器突然断电无法开机[SEP]护士反应在使用过程中机器突然断电冒烟强行断电后无法开机使用报修设备科[SEP],机器突然断电无法开机,护士反应在使用过程中机器突然断电冒烟强行断电后无法开机使用报修设备科,1产品年限超预期使用导致电源老化发生故障非设计缺陷导致2附产品使用期限截自说明书
115151010201900243,其他,[CLS]设备注速过快患者无伤害[SEP]注速过快[SEP]患者吴国儒于2019年10月25日因胆总管结石于我院消化内科住院需要进行手术治疗准备手术时巡台护士发现该设备注速过快导致手术暂时无法进行巡台护士立即为患者更换另一台设备并继续手术术后患者无伤害且情绪稳定经医学装备科检查为设备故障于是与厂家联系返厂维修[SEP],设备注速过快患者无伤害,注速过快,患者吴国儒于2019年10月25日因胆总管结石于我院消化内科住院需要进行手术治疗准备手术时巡台护士发现该设备注速过快导致手术暂时无法进行巡台护士立即为患者更换另一台设备并继续手术术后患者无伤害且情绪稳定经医学装备科检查为设备故障于是与厂家联系返厂维修,产品原因（包括说明书等）,此设备注速过快,设备注速过快患者无伤害,[CLS]设备注速过快患者无伤害[SEP]注速过快[SEP]患者吴国儒于2019年10月25日因胆总管结石于我院消化内科住院需要进行手术治疗准备手术时巡台护士发现该设备注速过快导致手术暂时无法进行巡台护士立即为患者更换另一台设备并继续手术术后患者无伤害且情绪稳定经医学装备科检查为设备故障于是与厂家联系返厂维修[SEP],注速过快,患者吴国儒于2019年10月25日因胆总管结石于我院消化内科住院需要进行手术治疗准备手术时巡台护士发现该设备注速过快导致手术暂时无法进行巡台护士立即为患者更换另一台设备并继续手术术后患者无伤害且情绪稳定经医学装备科检查为设备故障于是与厂家联系返厂维修,1设备使用前首先要对使用的注射器进行校准设备自动读取并记录注射器的长度管径等参数作为标准值2由于内部校准参数发生偏差导致设备对注射器型号识别错误3校准参数发生偏差的原因可能是由于主控板发生故障导致
127420400201900416,其他,[CLS]无[SEP]null[SEP]正常操作机器不运行[SEP],无,null,正常操作机器不运行,产品原因（包括说明书等）,内部排线脱落,无,[CLS]无[SEP]null[SEP]正常操作机器不运行[SEP],null,正常操作机器不运行,经分析是由于长电位器插头松动导致信号中断无法启动运行科室长时间使用导致线路在转运过程中摇晃松动
128431800201900367,其他,[CLS]null[SEP]注射泵的拉杆开裂[SEP]在使用过程中拉杆开裂导致A通道无法使用[SEP],null,注射泵的拉杆开裂,在使用过程中拉杆开裂导致A通道无法使用,产品原因（包括说明书等）,在使用过程中拉杆开裂导致A通道无法使用,null,[CLS]null[SEP]注射泵的拉杆开裂[SEP]在使用过程中拉杆开裂导致A通道无法使用[SEP],注射泵的拉杆开裂,在使用过程中拉杆开裂导致A通道无法使用,1捏柄是用于固定注射器按手连接活塞推药的部分的机械结构件在装夹注射器时应捏住捏柄使机器的注射器夹张开装好注射器后松开捏柄使注射器夹加紧注射器按手2分析是由于长时间转动所需的扭力过大导致磨损捏柄受力过大而开裂
128431800201900368,其他,[CLS]无伤害[SEP]注射泵的卡注射器的拉杆坏拉杆开裂[SEP]注射泵的卡注射器的拉杆坏[SEP],无伤害,注射泵的卡注射器的拉杆坏拉杆开裂,注射泵的卡注射器的拉杆坏,产品原因（包括说明书等）,注射泵的卡注射器的拉杆坏拉杆直接开裂,无伤害,[CLS]无伤害[SEP]注射泵的卡注射器的拉杆坏拉杆开裂[SEP]注射泵的卡注射器的拉杆坏[SEP],注射泵的卡注射器的拉杆坏拉杆开裂,注射泵的卡注射器的拉杆坏,1压柄是用于装夹注射器的结构组件压柄损坏会导致无法装夹和识别注射器导致设备无法正常运行2科室使用时可能用力过大导致断裂
118230700201900185,其他,[CLS]无[SEP]注射泵报警[SEP]患者付亚红脑出血术后入院在使用注射泵的过程中注射泵报警在护士反复调整后无法继续使用更换其他注射泵使用延误给药时间[SEP],无,注射泵报警,患者付亚红脑出血术后入院在使用注射泵的过程中注射泵报警在护士反复调整后无法继续使用更换其他注射泵使用延误给药时间,产品原因（包括说明书等）,注射泵系统故障,无,[CLS]无[SEP]注射泵报警[SEP]患者付亚红脑出血术后入院在使用注射泵的过程中注射泵报警在护士反复调整后无法继续使用更换其他注射泵使用延误给药时间[SEP],注射泵报警,患者付亚红脑出血术后入院在使用注射泵的过程中注射泵报警在护士反复调整后无法继续使用更换其他注射泵使用延误给药时间,1由于到达现场时所使用的注射器批次与事件发生时所使用的注射器批次不同判断应是由于不同批次注射器之间误差有关或因为长期使用注射泵过程中更换过注射器品牌但并未重新校准新注射器导致2不同批次不同品牌的注射器校准参数有差异在使用注射泵前应先针对不同的注射器进行校准将注射器的相关参数校准保存至注射泵内才能保证注射过程正常注射精度稳定
128431800201900262,其他,[CLS]患者表现焦虑[SEP]null[SEP]注射过程中报警[SEP],患者表现焦虑,null,注射过程中报警,产品原因（包括说明书等）,注射泵时间长过程中报警,患者表现焦虑,[CLS]患者表现焦虑[SEP]null[SEP]注射过程中报警[SEP],null,注射过程中报警,1阻塞异常五报警是一种预防性报警在注射过程中注射泵会持续监测注射管路中的压力当压力过高时会触发阻塞异常五报警以便提醒操作人员进行干预以保障患者的安全2经过检测注射泵泵体压力值异常导致报警
138621301201900057,其他,[CLS]注射泵不运行无法泵入无法治疗耽误患者治疗[SEP]注射泵不运行无法泵入无法治疗[SEP]20190603患者苟俭由于呼吸衰竭在定西市人民医院入院治疗遵医嘱使用注射泵控制计量注射执行护士连接好注射泵和输液器后启动使用发现注射泵出现报警现象关机重新启动后任然不能启动报错管路堵塞报告护士长立即更换备用注射泵进行治疗由于处理及时未給患者造成严重后果耽误患者治疗时间上报设备部等待处理结果[SEP],注射泵不运行无法泵入无法治疗耽误患者治疗,注射泵不运行无法泵入无法治疗,20190603患者苟俭由于呼吸衰竭在定西市人民医院入院治疗遵医嘱使用注射泵控制计量注射执行护士连接好注射泵和输液器后启动使用发现注射泵出现报警现象关机重新启动后任然不能启动报错管路堵塞报告护士长立即更换备用注射泵进行治疗由于处理及时未給患者造成严重后果耽误患者治疗时间上报设备部等待处理结果,产品原因（包括说明书等）,由于使用时间较长注射泵传感器出现故障,注射泵不运行无法泵入无法治疗耽误患者治疗,[CLS]注射泵不运行无法泵入无法治疗耽误患者治疗[SEP]注射泵不运行无法泵入无法治疗[SEP]20190603患者苟俭由于呼吸衰竭在定西市人民医院入院治疗遵医嘱使用注射泵控制计量注射执行护士连接好注射泵和输液器后启动使用发现注射泵出现报警现象关机重新启动后任然不能启动报错管路堵塞报告护士长立即更换备用注射泵进行治疗由于处理及时未給患者造成严重后果耽误患者治疗时间上报设备部等待处理结果[SEP],注射泵不运行无法泵入无法治疗,20190603患者苟俭由于呼吸衰竭在定西市人民医院入院治疗遵医嘱使用注射泵控制计量注射执行护士连接好注射泵和输液器后启动使用发现注射泵出现报警现象关机重新启动后任然不能启动报错管路堵塞报告护士长立即更换备用注射泵进行治疗由于处理及时未給患者造成严重后果耽误患者治疗时间上报设备部等待处理结果,1阻塞报警是一种防止输液管路因打结等原因导致管路内压力过大从而给患者造成伤害的预防性报警当该报警发生时说明机器检测到输液管路内压力过大此时机器会自动停止运行并发出声光信息提醒操作者进行干预2通过拆机检查发现是长电位器插头脱落导致长电位器是注射泵内部的一种传感器与注射泵精度和管路的压力检测有关因此该处脱落导致误报警
127420400201900278,其他,[CLS]null[SEP]注射器卡好后开启显示离合未闭[SEP]注射器卡好后开启显示离合未闭无法正常注射[SEP],null,注射器卡好后开启显示离合未闭,注射器卡好后开启显示离合未闭无法正常注射,产品原因（包括说明书等）,经检测发现注射器推动组件末端传感器挡片断裂导致,null,[CLS]null[SEP]注射器卡好后开启显示离合未闭[SEP]注射器卡好后开启显示离合未闭无法正常注射[SEP],注射器卡好后开启显示离合未闭,注射器卡好后开启显示离合未闭无法正常注射,1推拉盒后盖捏柄是用于固定注射器按手连接活塞推药的部分的机械结构件在装夹注射器时应捏住捏柄使机器的注射器夹张开装好注射器后松开捏柄使注射器夹加紧注射器按手推拉盒内部有传感器如果该处未装好会触发离合未闭报警以提醒操作者重新安装注射器2分析是由于长时间转动所需的扭力过大导致磨损捏柄受力过大而断裂
125371806201900224,其他,[CLS]null[SEP]双道注射泵2道白屏无显示不能进行参数设置[SEP]在注射泵计量检定时开机2道白屏不显示参数无法设置参数[SEP],null,双道注射泵2道白屏无显示不能进行参数设置,在注射泵计量检定时开机2道白屏不显示参数无法设置参数,产品原因（包括说明书等）,产品质量问题,null,[CLS]null[SEP]双道注射泵2道白屏无显示不能进行参数设置[SEP]在注射泵计量检定时开机2道白屏不显示参数无法设置参数[SEP],双道注射泵2道白屏无显示不能进行参数设置,在注射泵计量检定时开机2道白屏不显示参数无法设置参数,售后工程师检修发现显示屏损坏导致不能正常显示
120740324201900004,其他,[CLS]阻塞报警[SEP]阻塞报警[SEP]正在使用发生阻塞报警[SEP],阻塞报警,阻塞报警,正在使用发生阻塞报警,无法确定,null,阻塞报警,[CLS]阻塞报警[SEP]阻塞报警[SEP]正在使用发生阻塞报警[SEP],阻塞报警,正在使用发生阻塞报警,1阻塞报警是为了提醒操作者当前的注射管路中压力过大为避免给患者造成伤害而形成的预防性报警当报警发生时注射泵会自动停止注射一般出现阻塞报警的原因有以下几方面管路打折药物过于浓稠或者使用的注射器未进行参数校准导致压力值不稳定2产生堵塞报警的原因是使用的注射器未进行参数校准注射泵内部没有该注射器的压力值校准参数以及注射管路打结导致出现阻塞报警
127420102201900184,其他,[CLS]无[SEP]null[SEP]准备使用时发现前壳损坏机器裸露[SEP],无,null,准备使用时发现前壳损坏机器裸露,无法确定,null,无,[CLS]无[SEP]null[SEP]准备使用时发现前壳损坏机器裸露[SEP],null,准备使用时发现前壳损坏机器裸露,1压柄是用于装夹注射器的结构组件压柄损坏会导致无法装夹和识别注射器2由于未按照使用要求进行操作临床使用不当造成正确的使用方法是将压柄上提至顶端然后左旋90操作人员未将压柄上提至顶端就用力旋转造成压柄处断裂
140650110201900037,其他,[CLS]M210202_给药不足[SEP]D0409_设备内或器件内阻塞[SEP]护士设定参数完毕后注射半分钟显示阻塞并报警通知设备科检修发现传动箱故障更换后故障解决[SEP],M210202_给药不足,D0409_设备内或器件内阻塞,护士设定参数完毕后注射半分钟显示阻塞并报警通知设备科检修发现传动箱故障更换后故障解决,无法确定,可能液体粘稠度或者传动齿轮老化导致,M210202_给药不足,[CLS]M210202_给药不足[SEP]D0409_设备内或器件内阻塞[SEP]护士设定参数完毕后注射半分钟显示阻塞并报警通知设备科检修发现传动箱故障更换后故障解决[SEP],D0409_设备内或器件内阻塞,护士设定参数完毕后注射半分钟显示阻塞并报警通知设备科检修发现传动箱故障更换后故障解决,该设备在医院长时间使用约8年长期运行导致设备内部传动部分一处螺丝松动使设备无法正常运行触发异常2报警
134523036201900061,其他,[CLS]M210202_给药不足[SEP]D040502_随意或无限制流动[SEP]2019年5月18日遵医嘱使用微量泵泵为患儿实施输液治疗时开始前检查微量泵性能良好开始输液调节为20mlh5分钟后速度跳转为1mlh家属发现后呼叫责任护士责任护士到达后立即换一台微量泵进行静脉输液至输液顺利完成[SEP],M210202_给药不足,D040502_随意或无限制流动,2019年5月18日遵医嘱使用微量泵泵为患儿实施输液治疗时开始前检查微量泵性能良好开始输液调节为20mlh5分钟后速度跳转为1mlh家属发现后呼叫责任护士责任护士到达后立即换一台微量泵进行静脉输液至输液顺利完成,产品原因（包括说明书等）,设备自身问题,M210202_给药不足,[CLS]M210202_给药不足[SEP]D040502_随意或无限制流动[SEP]2019年5月18日遵医嘱使用微量泵泵为患儿实施输液治疗时开始前检查微量泵性能良好开始输液调节为20mlh5分钟后速度跳转为1mlh家属发现后呼叫责任护士责任护士到达后立即换一台微量泵进行静脉输液至输液顺利完成[SEP],D040502_随意或无限制流动,2019年5月18日遵医嘱使用微量泵泵为患儿实施输液治疗时开始前检查微量泵性能良好开始输液调节为20mlh5分钟后速度跳转为1mlh家属发现后呼叫责任护士责任护士到达后立即换一台微量泵进行静脉输液至输液顺利完成,1正常情况下注射泵可设置预置量即患者将要输入的药量然后将累积量清零启动注射后累积量会从0持续增加当累积量预置量时注射泵会发出完成报警并进入KVO模式本注射泵默认的KVO流速是1mlh2经调查医院在使用时对注射泵设置了预置量但未清除累积量导致启动后机器在前次注射量的基础上继续注射所以5min后发出报警进入KVO模式属于操作不当
129441200201900842,其他,[CLS]null[SEP]未能识别滴速[SEP]201969日为患者使用注射泵注射药物发现注射泵速度与实际设置速度不符使用的是50ml注射器设备上识别是5ml立即暂停更换注射泵为患者注射[SEP],null,未能识别滴速,201969日为患者使用注射泵注射药物发现注射泵速度与实际设置速度不符使用的是50ml注射器设备上识别是5ml立即暂停更换注射泵为患者注射,无法确定,系统未能识别注射,null,[CLS]null[SEP]未能识别滴速[SEP]201969日为患者使用注射泵注射药物发现注射泵速度与实际设置速度不符使用的是50ml注射器设备上识别是5ml立即暂停更换注射泵为患者注射[SEP],未能识别滴速,201969日为患者使用注射泵注射药物发现注射泵速度与实际设置速度不符使用的是50ml注射器设备上识别是5ml立即暂停更换注射泵为患者注射,1设备对于注射器的识别功能与校准参数和系统内部参数都有关当校准参数与系统参数出现较大偏差时会出现注射器识别错误2经过售后工程师检测判定是校准参数与系统参数不一致导致
111232400201900101,其他,[CLS]null[SEP]固定夹和固定杠杆断裂[SEP]在固定注射器时固定夹和固定杠杆断裂不能正常使用[SEP],null,固定夹和固定杠杆断裂,在固定注射器时固定夹和固定杠杆断裂不能正常使用,产品原因（包括说明书等）,null,null,[CLS]null[SEP]固定夹和固定杠杆断裂[SEP]在固定注射器时固定夹和固定杠杆断裂不能正常使用[SEP],固定夹和固定杠杆断裂,在固定注射器时固定夹和固定杠杆断裂不能正常使用,1注射泵由于工作年限较长使用近6年超出了正常设计使用年限长期接触药液易腐蚀配件配件材质老化导致断裂2说明书中关于产品使用寿命的描述为约3年详见附件
125370500201900186,其他,[CLS]null[SEP]出现系统故障1报警[SEP]2019年6月4日为患者使用注射泵泵入尼莫地平时出现系统故障1报警随即更换另一台注射泵未对病人造成影响[SEP],null,出现系统故障1报警,2019年6月4日为患者使用注射泵泵入尼莫地平时出现系统故障1报警随即更换另一台注射泵未对病人造成影响,产品原因（包括说明书等）,系统程序故障,null,[CLS]null[SEP]出现系统故障1报警[SEP]2019年6月4日为患者使用注射泵泵入尼莫地平时出现系统故障1报警随即更换另一台注射泵未对病人造成影响[SEP],出现系统故障1报警,2019年6月4日为患者使用注射泵泵入尼莫地平时出现系统故障1报警随即更换另一台注射泵未对病人造成影响,维修时发现电机转动时运行模块中的两个部件发生碰撞导致运行异常出现系统故障1报警
127420400201900122,其他,[CLS]null[SEP]注射泵堵塞报警[SEP]病人使用前经测试发现医用注射泵堵塞报警[SEP],null,注射泵堵塞报警,病人使用前经测试发现医用注射泵堵塞报警,操作原因,null,null,[CLS]null[SEP]注射泵堵塞报警[SEP]病人使用前经测试发现医用注射泵堵塞报警[SEP],注射泵堵塞报警,病人使用前经测试发现医用注射泵堵塞报警,注射泵由于工作年限较长导致内部压力检测参数出现偏差医护人员使用前未及时校准
140650110201900038,其他,[CLS]设备无法使用影响治疗进程[SEP]注射器夹断裂[SEP]护士使用前发现注射器夹子断裂导致注射器无法被识别[SEP],设备无法使用影响治疗进程,注射器夹断裂,护士使用前发现注射器夹子断裂导致注射器无法被识别,无法确定,可能使用者撞击导致也可能材质过薄或者自然老化,设备无法使用影响治疗进程,[CLS]设备无法使用影响治疗进程[SEP]注射器夹断裂[SEP]护士使用前发现注射器夹子断裂导致注射器无法被识别[SEP],注射器夹断裂,护士使用前发现注射器夹子断裂导致注射器无法被识别,经分析压柄断裂的原因是由于该注射泵由于工作年限较长使用近8年超出了正常设计使用年限造成压柄处长期使用磨损老化而断裂因此无法识别注射器
128431800201900071,其他,[CLS]null[SEP]注射泵卡口损坏[SEP]正常使用过程中突然报警无法正常使用[SEP],null,注射泵卡口损坏,正常使用过程中突然报警无法正常使用,产品原因（包括说明书等）,注射泵卡口损坏,null,[CLS]null[SEP]注射泵卡口损坏[SEP]正常使用过程中突然报警无法正常使用[SEP],注射泵卡口损坏,正常使用过程中突然报警无法正常使用,由于注射泵长期使用且维护保养不足导致前壳压柄处磨损断裂压柄的作用是固定注射器因压柄断裂故仪器无法识别注射器
128431800201900070,其他,[CLS]无[SEP]注射泵外壳夹注射卡口脱落[SEP]正常使用中突然出现无法推进的报警[SEP],无,注射泵外壳夹注射卡口脱落,正常使用中突然出现无法推进的报警,产品原因（包括说明书等）,null,无,[CLS]无[SEP]注射泵外壳夹注射卡口脱落[SEP]正常使用中突然出现无法推进的报警[SEP],注射泵外壳夹注射卡口脱落,正常使用中突然出现无法推进的报警,由于注射泵长期频繁使用且使用时存在操作不规范维护保养不足的现象加速了注射泵前壳压柄处的磨损老化导致断裂而压柄的作用是固定并识别注射器该处断裂后无法识别注射器从而发生报警
134523000201900029,其他,[CLS]无[SEP]报警无声音[SEP]20190491200责任护士加药NS50ml头孢哌酮舒巴坦2g50mlh13药物泵完后报警灯闪烁但无声音电话7002报告设备科同时报告护士长科主任[SEP],无,报警无声音,20190491200责任护士加药NS50ml头孢哌酮舒巴坦2g50mlh13药物泵完后报警灯闪烁但无声音电话7002报告设备科同时报告护士长科主任,产品原因（包括说明书等）,产品质量问题,无,[CLS]无[SEP]报警无声音[SEP]20190491200责任护士加药NS50ml头孢哌酮舒巴坦2g50mlh13药物泵完后报警灯闪烁但无声音电话7002报告设备科同时报告护士长科主任[SEP],报警无声音,20190491200责任护士加药NS50ml头孢哌酮舒巴坦2g50mlh13药物泵完后报警灯闪烁但无声音电话7002报告设备科同时报告护士长科主任,经分析没有发出报警音的原因为仪器的喇叭老化
127420400201900005,其他,[CLS]null[SEP]仪器低电池电压低报警[SEP]使用中仪器出现低电压报警电池电压低停用[SEP],null,仪器低电池电压低报警,使用中仪器出现低电压报警电池电压低停用,产品原因（包括说明书等）,未接通交流电或仪器电压板故障,null,[CLS]null[SEP]仪器低电池电压低报警[SEP]使用中仪器出现低电压报警电池电压低停用[SEP],仪器低电池电压低报警,使用中仪器出现低电压报警电池电压低停用,出现电池电量低报警的原因可能是此台仪器长时间使用使用时间约5年仪器中电气部件老化导致网电供电故障因此出现了报警
140652811201900011,其他,[CLS]停止注射药物耽误治疗时间[SEP]电源烧毁[SEP]于2019年3月26日上午1030重症医学科护士使用注射泵给患者注射药物时使用过程中突然闻到烧糊的味道护士立即关掉电源立即停止注射药物及时给设备科报修设备科办公室到现场把注射泵带到办公室拆机发现电源接口处烧毁通过维修设备能正常使用[SEP],停止注射药物耽误治疗时间,电源烧毁,于2019年3月26日上午1030重症医学科护士使用注射泵给患者注射药物时使用过程中突然闻到烧糊的味道护士立即关掉电源立即停止注射药物及时给设备科报修设备科办公室到现场把注射泵带到办公室拆机发现电源接口处烧毁通过维修设备能正常使用,无法确定,设备电源出故障,停止注射药物耽误治疗时间,[CLS]停止注射药物耽误治疗时间[SEP]电源烧毁[SEP]于2019年3月26日上午1030重症医学科护士使用注射泵给患者注射药物时使用过程中突然闻到烧糊的味道护士立即关掉电源立即停止注射药物及时给设备科报修设备科办公室到现场把注射泵带到办公室拆机发现电源接口处烧毁通过维修设备能正常使用[SEP],电源烧毁,于2019年3月26日上午1030重症医学科护士使用注射泵给患者注射药物时使用过程中突然闻到烧糊的味道护士立即关掉电源立即停止注射药物及时给设备科报修设备科办公室到现场把注射泵带到办公室拆机发现电源接口处烧毁通过维修设备能正常使用,经过现场检查排除注射泵自身电路损坏造成插座烧毁这一原因可能是医护人员在使用时交流插座处进入药液导致电源短路继而引发电源插座烧毁
125370612201900059,其他,[CLS]null[SEP]D010301_操作失效[SEP]20190522为病人输液使用注射泵插入电源后发现打不开注射泵立即更换注射泵输液正常[SEP],null,D010301_操作失效,20190522为病人输液使用注射泵插入电源后发现打不开注射泵立即更换注射泵输液正常,产品原因（包括说明书等）,注射泵电源损坏,null,[CLS]null[SEP]D010301_操作失效[SEP]20190522为病人输液使用注射泵插入电源后发现打不开注射泵立即更换注射泵输液正常[SEP],D010301_操作失效,20190522为病人输液使用注射泵插入电源后发现打不开注射泵立即更换注射泵输液正常,由于仪器使用将近7年超出设计使用年限设备老化导致电源板电源模块焊接引脚松动使电源接触不良无法开机
117221230201900180,其他,[CLS]注射泵对注射器不识别[SEP]不识别报警[SEP]注射泵对注射器不识别报警未予以使用此注射泵[SEP],注射泵对注射器不识别,不识别报警,注射泵对注射器不识别报警未予以使用此注射泵,产品原因（包括说明书等）,null,注射泵对注射器不识别,[CLS]注射泵对注射器不识别[SEP]不识别报警[SEP]注射泵对注射器不识别报警未予以使用此注射泵[SEP],不识别报警,注射泵对注射器不识别报警未予以使用此注射泵,可能是由于该台机器在医院长期使用转运过程中发生震动或磕碰造成短电位器线接口松动因此不能识别出注射器
140654500201900048,其他,[CLS]不能进行病情的治疗[SEP]双通道注射泵外科损坏[SEP]2019年2月13日科室综合内科二病区在使用过程中开机时不慎将双通道注射泵损坏导致该设备状态异常无法对病人进行药液的治疗可能会影响治疗接到这个设备时先对其进行了故障的初步判断观察到是由于外力导致使其外科压柄损坏在对机器进行拆卸后发现其内部的压柄感应器也有损坏建议更换外科压柄以及内部的感应器更换后可正常使用[SEP],不能进行病情的治疗,双通道注射泵外科损坏,2019年2月13日科室综合内科二病区在使用过程中开机时不慎将双通道注射泵损坏导致该设备状态异常无法对病人进行药液的治疗可能会影响治疗接到这个设备时先对其进行了故障的初步判断观察到是由于外力导致使其外科压柄损坏在对机器进行拆卸后发现其内部的压柄感应器也有损坏建议更换外科压柄以及内部的感应器更换后可正常使用,无法确定,接到这个设备时先对其进行了故障的初步判断观察到是由于外力导致使其外科压柄损坏,不能进行病情的治疗,[CLS]不能进行病情的治疗[SEP]双通道注射泵外科损坏[SEP]2019年2月13日科室综合内科二病区在使用过程中开机时不慎将双通道注射泵损坏导致该设备状态异常无法对病人进行药液的治疗可能会影响治疗接到这个设备时先对其进行了故障的初步判断观察到是由于外力导致使其外科压柄损坏在对机器进行拆卸后发现其内部的压柄感应器也有损坏建议更换外科压柄以及内部的感应器更换后可正常使用[SEP],双通道注射泵外科损坏,2019年2月13日科室综合内科二病区在使用过程中开机时不慎将双通道注射泵损坏导致该设备状态异常无法对病人进行药液的治疗可能会影响治疗接到这个设备时先对其进行了故障的初步判断观察到是由于外力导致使其外科压柄损坏在对机器进行拆卸后发现其内部的压柄感应器也有损坏建议更换外科压柄以及内部的感应器更换后可正常使用,注射泵压柄组件是由压柄短电位器压柄感应器及前壳三部分组合构成主要功能是夹装注射器并感应注射器规格由于注射泵压柄处受到外力影响导致前壳压柄及短电位器全部损坏使得机器无法使用
111231500201901254,其他,[CLS]null[SEP]设备无法打开[SEP]使用时发现无法开机使用[SEP],null,设备无法打开,使用时发现无法开机使用,操作原因,电源线老化,null,[CLS]null[SEP]设备无法打开[SEP]使用时发现无法开机使用[SEP],设备无法打开,使用时发现无法开机使用,无法开机的原因为前期使用时电源线未插紧使得注射泵由电池供电当电池电量耗尽后关机所以再次使用时电源线仍未插紧交流电池均不能供电导致无法开机
118230415201900003,其他,[CLS]null[SEP]患者在使用注射泵时注射泵突然损坏[SEP]2018年9月3日患者在使用注射泵注射时候注射泵突然损坏联系工程师到现场后发现是零部件损坏需要更换联系厂家更换后正常[SEP],null,患者在使用注射泵时注射泵突然损坏,2018年9月3日患者在使用注射泵注射时候注射泵突然损坏联系工程师到现场后发现是零部件损坏需要更换联系厂家更换后正常,无法确定,工程师到现场后发现是零部件损坏需要更换联系厂家更换后正常,null,[CLS]null[SEP]患者在使用注射泵时注射泵突然损坏[SEP]2018年9月3日患者在使用注射泵注射时候注射泵突然损坏联系工程师到现场后发现是零部件损坏需要更换联系厂家更换后正常[SEP],患者在使用注射泵时注射泵突然损坏,2018年9月3日患者在使用注射泵注射时候注射泵突然损坏联系工程师到现场后发现是零部件损坏需要更换联系厂家更换后正常,经推测注射泵捏柄断裂的原因是捏柄长期频繁使用受外力影响而老化断裂
140650110201900021,其他,[CLS]影响患者使用[SEP]注射器尾推杆断裂损坏[SEP]护士通知设备科注射泵尾推杆断裂[SEP],影响患者使用,注射器尾推杆断裂损坏,护士通知设备科注射泵尾推杆断裂,产品原因（包括说明书等）,尾推杆材质太薄容易断裂,影响患者使用,[CLS]影响患者使用[SEP]注射器尾推杆断裂损坏[SEP]护士通知设备科注射泵尾推杆断裂[SEP],注射器尾推杆断裂损坏,护士通知设备科注射泵尾推杆断裂,由于产品长时间使用超过7年捏柄频繁受到外力作用达到使用寿命导致老化断裂
127420400201900034,严重伤害,[CLS]通道注射器卡子损坏[SEP]无法识别[SEP]注射药物无法识别注射器[SEP],通道注射器卡子损坏,无法识别,注射药物无法识别注射器,产品原因（包括说明书等）,null,通道注射器卡子损坏,[CLS]通道注射器卡子损坏[SEP]无法识别[SEP]注射药物无法识别注射器[SEP],无法识别,注射药物无法识别注射器,设备使用时间过长设备老化或者使用时用力过大两种情况都可能导致注射器压柄损坏裂开这种情况下夹装注射器处不能夹紧注射器设备感应不到注射器就会出现不识别的报警信号
116211206201900039,其他,[CLS]null[SEP]注射泵阻塞设备停止运行[SEP]患者于2019年6月12日1502入院诊断为冠心病遵医嘱给予注射泵静脉注射泵入6小时发生注射泵阻塞设备停止运行立即更换新注射泵后工作正常[SEP],null,注射泵阻塞设备停止运行,患者于2019年6月12日1502入院诊断为冠心病遵医嘱给予注射泵静脉注射泵入6小时发生注射泵阻塞设备停止运行立即更换新注射泵后工作正常,无法确定,null,null,[CLS]null[SEP]注射泵阻塞设备停止运行[SEP]患者于2019年6月12日1502入院诊断为冠心病遵医嘱给予注射泵静脉注射泵入6小时发生注射泵阻塞设备停止运行立即更换新注射泵后工作正常[SEP],注射泵阻塞设备停止运行,患者于2019年6月12日1502入院诊断为冠心病遵医嘱给予注射泵静脉注射泵入6小时发生注射泵阻塞设备停止运行立即更换新注射泵后工作正常,注射泵由于工作年限较长使用近8年超出了正常设计使用年限压力参数发生了变化而导致内部感知的压力值超出了机器校准的压力值出现阻塞报警
111232400201900095,其他,[CLS]null[SEP]固定注射器的固定夹和固定杆折裂[SEP]固定注射器时固定夹和固定杆折裂[SEP],null,固定注射器的固定夹和固定杆折裂,固定注射器时固定夹和固定杆折裂,产品原因（包括说明书等）,null,null,[CLS]null[SEP]固定注射器的固定夹和固定杆折裂[SEP]固定注射器时固定夹和固定杆折裂[SEP],固定注射器的固定夹和固定杆折裂,固定注射器时固定夹和固定杆折裂,注射泵由于工作年限较长使用近8年超出了说明书规定的正常设计使用年限注射泵推拉盒捏柄处长期接触药液易腐蚀材质老化导致
125371400201900061,其他,[CLS]无[SEP]不能正常充电[SEP]进行日常检测时注射泵不能正常充电[SEP],无,不能正常充电,进行日常检测时注射泵不能正常充电,无法确定,null,无,[CLS]无[SEP]不能正常充电[SEP]进行日常检测时注射泵不能正常充电[SEP],不能正常充电,进行日常检测时注射泵不能正常充电,注射泵由于工作年限较长使用近8年电池已经超出了使用寿命不能正常充电
127420400201900039,严重伤害,[CLS]堵塞[SEP]null[SEP]正常使用堵塞报警[SEP],堵塞,null,正常使用堵塞报警,产品原因（包括说明书等）,null,堵塞,[CLS]堵塞[SEP]null[SEP]正常使用堵塞报警[SEP],null,正常使用堵塞报警,产生堵塞报警的可能原因是管路打折药物过于浓稠或者使用的注射器未进行参数校准导致压力值不稳定
114140200201900007,其他,[CLS]注射泵注射完毕仍有20毫升残留[SEP]注射泵注射完毕仍有20毫升残留[SEP]2019年1月8日为患者使用注射泵泵入硝酸甘油早上640更换硝酸甘油50毫升泵速4毫升小时正常1900应注射完毕但药液仍有残留20毫升下午班护士反应注射泵有自动停止现象发现后重新启动1月9日护士长将该泵撤除检查发现确实有注射中自动停止现象送设备科维修[SEP],注射泵注射完毕仍有20毫升残留,注射泵注射完毕仍有20毫升残留,2019年1月8日为患者使用注射泵泵入硝酸甘油早上640更换硝酸甘油50毫升泵速4毫升小时正常1900应注射完毕但药液仍有残留20毫升下午班护士反应注射泵有自动停止现象发现后重新启动1月9日护士长将该泵撤除检查发现确实有注射中自动停止现象送设备科维修,产品原因（包括说明书等）,注射泵故障,注射泵注射完毕仍有20毫升残留,[CLS]注射泵注射完毕仍有20毫升残留[SEP]注射泵注射完毕仍有20毫升残留[SEP]2019年1月8日为患者使用注射泵泵入硝酸甘油早上640更换硝酸甘油50毫升泵速4毫升小时正常1900应注射完毕但药液仍有残留20毫升下午班护士反应注射泵有自动停止现象发现后重新启动1月9日护士长将该泵撤除检查发现确实有注射中自动停止现象送设备科维修[SEP],注射泵注射完毕仍有20毫升残留,2019年1月8日为患者使用注射泵泵入硝酸甘油早上640更换硝酸甘油50毫升泵速4毫升小时正常1900应注射完毕但药液仍有残留20毫升下午班护士反应注射泵有自动停止现象发现后重新启动1月9日护士长将该泵撤除检查发现确实有注射中自动停止现象送设备科维修,初步分析是因为使用的注射器未进行校准注射器参数与机器保存参数不一致导致药液未推注完成即触发报警停止运行送设备科重新校准后可正常使用故障排除
125370512201900118,严重伤害,[CLS]可能危及生命[SEP]注药结束报警故障[SEP]护士遵医嘱使用注射泵为病人注射降压药物药物泵完后无报警声音提示护士巡查时发现及时更换设备并续上药物因发现及时未造成严重后果[SEP],可能危及生命,注药结束报警故障,护士遵医嘱使用注射泵为病人注射降压药物药物泵完后无报警声音提示护士巡查时发现及时更换设备并续上药物因发现及时未造成严重后果,产品原因（包括说明书等）,报警喇叭损坏,可能危及生命,[CLS]可能危及生命[SEP]注药结束报警故障[SEP]护士遵医嘱使用注射泵为病人注射降压药物药物泵完后无报警声音提示护士巡查时发现及时更换设备并续上药物因发现及时未造成严重后果[SEP],注药结束报警故障,护士遵医嘱使用注射泵为病人注射降压药物药物泵完后无报警声音提示护士巡查时发现及时更换设备并续上药物因发现及时未造成严重后果,因使用不当使注射泵进液导致喇叭损坏无法报警
